{
"type": "FeatureCollection",
"name": "POLSH BSRE 1119",
"crs": { "type": "name", "properties": { "name": "urn:ogc:def:crs:OGC:1.3:CRS84" } },
"features": [
{ "type": "Feature", "properties": { "id": "AA00021551-1", "HA": 0.211 }, "geometry": { "type": "MultiPolygon", "coordinates": [ [ [ [ 99.08066, 3.4836117 ], [ 99.0802517, 3.4835183 ], [ 99.0804033, 3.4831483 ], [ 99.0808367, 3.4832367 ], [ 99.08066, 3.4836117 ] ] ] ] } },
{ "type": "Feature", "properties": { "id": "AC00020799-1", "HA": 0.091 }, "geometry": { "type": "MultiPolygon", "coordinates": [ [ [ [ 99.0700917, 3.4713 ], [ 99.0696933, 3.4713367 ], [ 99.0696217, 3.4711717 ], [ 99.0699933, 3.4711033 ], [ 99.0700917, 3.4713 ] ] ] ] } },
{ "type": "Feature", "properties": { "id": "AC00020799-2", "HA": 0.202 }, "geometry": { "type": "MultiPolygon", "coordinates": [ [ [ [ 99.083365, 3.45678 ], [ 99.0835033, 3.456895 ], [ 99.0833017, 3.4577117 ], [ 99.0830983, 3.457655 ], [ 99.083365, 3.45678 ] ] ] ] } },
{ "type": "Feature", "properties": { "id": "AC00020799-3", "HA": 0.143 }, "geometry": { "type": "MultiPolygon", "coordinates": [ [ [ [ 99.0815417, 3.4593583 ], [ 99.0816433, 3.4590833 ], [ 99.0820533, 3.459165 ], [ 99.0819433, 3.4594233 ], [ 99.0815417, 3.4593583 ] ] ] ] } },
{ "type": "Feature", "properties": { "id": "AC00026071-1", "HA": 0.023 }, "geometry": { "type": "MultiPolygon", "coordinates": [ [ [ [ 99.0346477, 3.0053245 ], [ 99.0342691, 3.0051795 ], [ 99.0342245, 3.0050869 ], [ 99.0345591, 3.0052556 ], [ 99.0346477, 3.0053245 ] ] ] ] } },
{ "type": "Feature", "properties": { "id": "AD00023044-1", "HA": 0.139 }, "geometry": { "type": "MultiPolygon", "coordinates": [ [ [ [ 98.9706641, 2.8097266 ], [ 98.9702187, 2.8101034 ], [ 98.9701116, 2.809909 ], [ 98.9704442, 2.8096193 ], [ 98.9706641, 2.8097266 ] ] ] ] } },
{ "type": "Feature", "properties": { "id": "AE00021590-2", "HA": 0.199 }, "geometry": { "type": "MultiPolygon", "coordinates": [ [ [ [ 98.9896717, 2.998665 ], [ 98.98954, 2.9992567 ], [ 98.9893183, 2.9994067 ], [ 98.9891933, 2.9990667 ], [ 98.9896717, 2.998665 ] ] ] ] } },
{ "type": "Feature", "properties": { "id": "AG00021089-1", "HA": 0.093 }, "geometry": { "type": "MultiPolygon", "coordinates": [ [ [ [ 99.0514633, 3.439 ], [ 99.05183, 3.4394567 ], [ 99.0517567, 3.439515 ], [ 99.0514017, 3.4392183 ], [ 99.0514633, 3.439 ] ] ] ] } },
{ "type": "Feature", "properties": { "id": "AG00021089-2", "HA": 0.159 }, "geometry": { "type": "MultiPolygon", "coordinates": [ [ [ [ 99.0512517, 3.4392767 ], [ 99.0514783, 3.439595 ], [ 99.051345, 3.43974 ], [ 99.05119, 3.43966 ], [ 99.0511467, 3.439745 ], [ 99.0509533, 3.439585 ], [ 99.0512517, 3.4392767 ] ] ] ] } },
{ "type": "Feature", "properties": { "id": "AG00021863-1", "HA": 0.096 }, "geometry": { "type": "MultiPolygon", "coordinates": [ [ [ [ 99.0018267, 2.97258 ], [ 99.001835, 2.97217 ], [ 99.0021517, 2.9724367 ], [ 99.0021183, 2.972525 ], [ 99.0018267, 2.97258 ] ] ] ] } },
{ "type": "Feature", "properties": { "id": "AH00020921-2", "HA": 0.206 }, "geometry": { "type": "MultiPolygon", "coordinates": [ [ [ [ 99.0699545, 3.4885137 ], [ 99.0701403, 3.4887995 ], [ 99.0698218, 3.4890541 ], [ 99.0695224, 3.48879 ], [ 99.0699545, 3.4885137 ] ] ] ] } },
{ "type": "Feature", "properties": { "id": "AH00023873-1", "HA": 0.111 }, "geometry": { "type": "MultiPolygon", "coordinates": [ [ [ [ 99.0071594, 2.9841887 ], [ 99.0073857, 2.9845433 ], [ 99.0069801, 2.9845328 ], [ 99.0070704, 2.9841392 ], [ 99.0071594, 2.9841887 ] ] ] ] } },
{ "type": "Feature", "properties": { "id": "AJ00024353-1", "HA": 0.031 }, "geometry": { "type": "MultiPolygon", "coordinates": [ [ [ [ 99.0062375, 3.0031596 ], [ 99.0064374, 3.003204 ], [ 99.0064882, 3.0033824 ], [ 99.0063943, 3.0033652 ], [ 99.0062375, 3.0031596 ] ] ] ] } },
{ "type": "Feature", "properties": { "id": "AK00024204-3", "HA": 0.019 }, "geometry": { "type": "MultiPolygon", "coordinates": [ [ [ [ 99.162395, 2.8259317 ], [ 99.1621767, 2.8260717 ], [ 99.16206, 2.8260017 ], [ 99.1622217, 2.8259683 ], [ 99.162395, 2.8259317 ] ] ] ] } },
{ "type": "Feature", "properties": { "id": "AM00021728-1", "HA": 0.324 }, "geometry": { "type": "MultiPolygon", "coordinates": [ [ [ [ 99.1807733, 2.8150417 ], [ 99.180995, 2.8147217 ], [ 99.1816067, 2.8150917 ], [ 99.1815217, 2.815385 ], [ 99.1807733, 2.8150417 ] ] ] ] } },
{ "type": "Feature", "properties": { "id": "AM00023516-2", "HA": 0.227 }, "geometry": { "type": "MultiPolygon", "coordinates": [ [ [ [ 99.046485, 3.438105 ], [ 99.0465167, 3.43831 ], [ 99.0454767, 3.439005 ], [ 99.0455233, 3.43883 ], [ 99.046485, 3.438105 ] ] ] ] } },
{ "type": "Feature", "properties": { "id": "AN00022517-1", "HA": 0.047 }, "geometry": { "type": "MultiPolygon", "coordinates": [ [ [ [ 99.0749184, 3.123934 ], [ 99.074862, 3.1241413 ], [ 99.0746452, 3.1241904 ], [ 99.074689, 3.1240237 ], [ 99.0749184, 3.123934 ] ] ] ] } },
{ "type": "Feature", "properties": { "id": "AO00024349-3", "HA": 0.387 }, "geometry": { "type": "MultiPolygon", "coordinates": [ [ [ [ 99.0107898, 3.0142978 ], [ 99.0099621, 3.0144181 ], [ 99.0096751, 3.0139896 ], [ 99.0105116, 3.0139989 ], [ 99.0106508, 3.0141738 ], [ 99.0107898, 3.0142978 ] ] ] ] } },
{ "type": "Feature", "properties": { "id": "AR00020807-2", "HA": 0.154 }, "geometry": { "type": "MultiPolygon", "coordinates": [ [ [ [ 99.0741367, 3.4700333 ], [ 99.0745633, 3.46968 ], [ 99.0747517, 3.4699283 ], [ 99.07458, 3.470085 ], [ 99.0741367, 3.4700333 ] ] ] ] } },
{ "type": "Feature", "properties": { "id": "AR00021638-1", "HA": 0.174 }, "geometry": { "type": "MultiPolygon", "coordinates": [ [ [ [ 99.1245817, 2.8002233 ], [ 99.1247583, 2.79986 ], [ 99.1250633, 2.8001467 ], [ 99.12506, 2.8003983 ], [ 99.1245817, 2.8002233 ] ] ] ] } },
{ "type": "Feature", "properties": { "id": "AR00022630-1", "HA": 0.371 }, "geometry": { "type": "MultiPolygon", "coordinates": [ [ [ [ 99.0641583, 2.791415 ], [ 99.0643567, 2.7910467 ], [ 99.064785, 2.79094 ], [ 99.0647867, 2.791685 ], [ 99.0641583, 2.791415 ] ] ] ] } },
{ "type": "Feature", "properties": { "id": "AR00024656-1", "HA": 0.018 }, "geometry": { "type": "MultiPolygon", "coordinates": [ [ [ [ 98.182532, 3.4335126 ], [ 98.1827014, 3.4335141 ], [ 98.1827136, 3.4337017 ], [ 98.1826514, 3.4336253 ], [ 98.182532, 3.4335126 ] ] ] ] } },
{ "type": "Feature", "properties": { "id": "AS00020981-1", "HA": 0.064 }, "geometry": { "type": "MultiPolygon", "coordinates": [ [ [ [ 99.0876967, 3.4587417 ], [ 99.0881867, 3.4586133 ], [ 99.088225, 3.45875 ], [ 99.088065, 3.4588083 ], [ 99.0876967, 3.4587417 ] ] ] ] } },
{ "type": "Feature", "properties": { "id": "AT00021575-3", "HA": 0.08 }, "geometry": { "type": "MultiPolygon", "coordinates": [ [ [ [ 98.992015, 2.9996 ], [ 98.9920933, 2.9993917 ], [ 98.9923017, 2.9993583 ], [ 98.9924017, 2.999585 ], [ 98.992015, 2.9996 ] ] ] ] } },
{ "type": "Feature", "properties": { "id": "AT00023854-1", "HA": 0.025 }, "geometry": { "type": "MultiPolygon", "coordinates": [ [ [ [ 99.0031867, 3.0043267 ], [ 99.003095, 3.0043417 ], [ 99.002915, 3.0041267 ], [ 99.0031333, 3.00422 ], [ 99.0031867, 3.0043267 ] ] ] ] } },
{ "type": "Feature", "properties": { "id": "AU00021941-1", "HA": 0.092 }, "geometry": { "type": "MultiPolygon", "coordinates": [ [ [ [ 99.0180467, 2.9753933 ], [ 99.0181133, 2.975235 ], [ 99.0183683, 2.9751417 ], [ 99.0185333, 2.97537 ], [ 99.0180467, 2.9753933 ] ] ] ] } },
{ "type": "Feature", "properties": { "id": "AU00025458-2", "HA": 0.073 }, "geometry": { "type": "MultiPolygon", "coordinates": [ [ [ [ 99.0145983, 2.8209017 ], [ 99.0147883, 2.8210483 ], [ 99.0146767, 2.8212767 ], [ 99.0145017, 2.821185 ], [ 99.0145983, 2.8209017 ] ] ] ] } },
{ "type": "Feature", "properties": { "id": "AV00021796-1", "HA": 0.171 }, "geometry": { "type": "MultiPolygon", "coordinates": [ [ [ [ 99.1051933, 2.7566117 ], [ 99.1050767, 2.7564783 ], [ 99.1054233, 2.75615 ], [ 99.105745, 2.756345 ], [ 99.1051933, 2.7566117 ] ] ] ] } },
{ "type": "Feature", "properties": { "id": "AV00023225-2", "HA": 0.482 }, "geometry": { "type": "MultiPolygon", "coordinates": [ [ [ [ 99.182865, 3.256265 ], [ 99.1822117, 3.2564567 ], [ 99.1822117, 3.2557817 ], [ 99.1826433, 3.255725 ], [ 99.1829, 3.2559083 ], [ 99.182865, 3.256265 ] ] ] ] } },
{ "type": "Feature", "properties": { "id": "AV00025743-1", "HA": 0.067 }, "geometry": { "type": "MultiPolygon", "coordinates": [ [ [ [ 99.1786316, 3.2541958 ], [ 99.1786422, 3.2544098 ], [ 99.178207, 3.2542736 ], [ 99.1780648, 3.2542578 ], [ 99.1786316, 3.2541958 ] ] ] ] } },
{ "type": "Feature", "properties": { "id": "AW00020669-4", "HA": 0.034 }, "geometry": { "type": "MultiPolygon", "coordinates": [ [ [ [ 99.0782233, 3.476285 ], [ 99.078315, 3.476125 ], [ 99.0784767, 3.47619 ], [ 99.0784733, 3.4762817 ], [ 99.0782233, 3.476285 ] ] ] ] } },
{ "type": "Feature", "properties": { "id": "AW00021787-1", "HA": 0.053 }, "geometry": { "type": "MultiPolygon", "coordinates": [ [ [ [ 99.0926567, 2.7856933 ], [ 99.0926767, 2.785395 ], [ 99.0928483, 2.7853983 ], [ 99.0927533, 2.78573 ], [ 99.0926567, 2.7856933 ] ] ] ] } },
{ "type": "Feature", "properties": { "id": "AX00021336-1", "HA": 0.21 }, "geometry": { "type": "MultiPolygon", "coordinates": [ [ [ [ 99.2043519, 3.1646745 ], [ 99.203906, 3.1647682 ], [ 99.2037361, 3.164399 ], [ 99.204166, 3.1643298 ], [ 99.2043519, 3.1646745 ] ] ] ] } },
{ "type": "Feature", "properties": { "id": "AY00022269-1", "HA": 0.135 }, "geometry": { "type": "MultiPolygon", "coordinates": [ [ [ [ 99.165095, 3.2185267 ], [ 99.165175, 3.2183783 ], [ 99.1654117, 3.2185383 ], [ 99.1651517, 3.2190733 ], [ 99.165095, 3.2185267 ] ] ] ] } },
{ "type": "Feature", "properties": { "id": "AY00022941-1", "HA": 0.209 }, "geometry": { "type": "MultiPolygon", "coordinates": [ [ [ [ 98.98726, 2.9878417 ], [ 98.9871383, 2.98739 ], [ 98.987155, 2.9872033 ], [ 98.9873733, 2.9873583 ], [ 98.9876417, 2.987355 ], [ 98.9875333, 2.9876433 ], [ 98.98726, 2.9878417 ] ] ] ] } },
{ "type": "Feature", "properties": { "id": "AZ00022706-1", "HA": 0.047 }, "geometry": { "type": "MultiPolygon", "coordinates": [ [ [ [ 99.72304, 2.8787567 ], [ 99.722825, 2.878785 ], [ 99.7228083, 2.8786833 ], [ 99.7228083, 2.8784467 ], [ 99.72304, 2.8787567 ] ] ] ] } },
{ "type": "Feature", "properties": { "id": "AZ00024668-1", "HA": 0.176 }, "geometry": { "type": "MultiPolygon", "coordinates": [ [ [ [ 99.4642365, 2.5844754 ], [ 99.463713, 2.5849362 ], [ 99.4635093, 2.5847917 ], [ 99.4640402, 2.5843991 ], [ 99.4642365, 2.5844754 ] ] ] ] } },
{ "type": "Feature", "properties": { "id": "BA00021902-1", "HA": 0.026 }, "geometry": { "type": "MultiPolygon", "coordinates": [ [ [ [ 99.0125867, 2.974385 ], [ 99.0129, 2.974405 ], [ 99.0128267, 2.97446 ], [ 99.012565, 2.9744783 ], [ 99.0125867, 2.974385 ] ] ] ] } },
{ "type": "Feature", "properties": { "id": "BA00022271-1", "HA": 0.033 }, "geometry": { "type": "MultiPolygon", "coordinates": [ [ [ [ 99.0502367, 2.8238833 ], [ 99.0502717, 2.823505 ], [ 99.05035, 2.8234117 ], [ 99.05034, 2.8236933 ], [ 99.0502367, 2.8238833 ] ] ] ] } },
{ "type": "Feature", "properties": { "id": "BA00023348-1", "HA": 0.192 }, "geometry": { "type": "MultiPolygon", "coordinates": [ [ [ [ 98.9565893, 3.1189811 ], [ 98.9565222, 3.1190509 ], [ 98.955901, 3.1189348 ], [ 98.9566737, 3.1186064 ], [ 98.9565893, 3.1189811 ] ] ] ] } },
{ "type": "Feature", "properties": { "id": "BB00020968-1", "HA": 0.201 }, "geometry": { "type": "MultiPolygon", "coordinates": [ [ [ [ 99.0826417, 3.4769833 ], [ 99.0828683, 3.47719 ], [ 99.08266, 3.477715 ], [ 99.08243, 3.4775683 ], [ 99.0826417, 3.4769833 ] ] ] ] } },
{ "type": "Feature", "properties": { "id": "BB00021582-2", "HA": 0.161 }, "geometry": { "type": "MultiPolygon", "coordinates": [ [ [ [ 98.9895317, 2.998485 ], [ 98.989245, 2.9989167 ], [ 98.9889833, 2.99869 ], [ 98.9891883, 2.99846 ], [ 98.9895317, 2.998485 ] ] ] ] } },
{ "type": "Feature", "properties": { "id": "BC00022627-3", "HA": 0.106 }, "geometry": { "type": "MultiPolygon", "coordinates": [ [ [ [ 99.0818367, 3.1105233 ], [ 99.081865, 3.1108133 ], [ 99.0814733, 3.1107033 ], [ 99.08142, 3.11056 ], [ 99.0818367, 3.1105233 ] ] ] ] } },
{ "type": "Feature", "properties": { "id": "BD00020765-2", "HA": 0.166 }, "geometry": { "type": "MultiPolygon", "coordinates": [ [ [ [ 99.0305267, 3.4495217 ], [ 99.0309817, 3.449705 ], [ 99.0306167, 3.4501833 ], [ 99.0305867, 3.4499117 ], [ 99.0306117, 3.449665 ], [ 99.03045, 3.449575 ], [ 99.0305267, 3.4495217 ] ] ] ] } },
{ "type": "Feature", "properties": { "id": "BE00023412-2", "HA": 0.39 }, "geometry": { "type": "MultiPolygon", "coordinates": [ [ [ [ 99.1672254, 3.2620822 ], [ 99.1669622, 3.2618831 ], [ 99.1665328, 3.2613781 ], [ 99.1671741, 3.2611825 ], [ 99.1672254, 3.2620822 ] ] ] ] } },
{ "type": "Feature", "properties": { "id": "BF00020980-3", "HA": 0.08 }, "geometry": { "type": "MultiPolygon", "coordinates": [ [ [ [ 99.052465, 3.4579617 ], [ 99.0525533, 3.458005 ], [ 99.0524283, 3.4587567 ], [ 99.0523517, 3.4588067 ], [ 99.052465, 3.4579617 ] ] ] ] } },
{ "type": "Feature", "properties": { "id": "BF00021860-1", "HA": 0.268 }, "geometry": { "type": "MultiPolygon", "coordinates": [ [ [ [ 99.0185677, 2.9934446 ], [ 99.0183969, 2.9939489 ], [ 99.0182297, 2.9941996 ], [ 99.0180705, 2.9933864 ], [ 99.0185677, 2.9934446 ] ] ] ] } },
{ "type": "Feature", "properties": { "id": "BF00021904-2", "HA": 0.038 }, "geometry": { "type": "MultiPolygon", "coordinates": [ [ [ [ 99.0077797, 2.9790783 ], [ 99.0078706, 2.9786954 ], [ 99.0078357, 2.9786039 ], [ 99.0080128, 2.9785975 ], [ 99.0077797, 2.9790783 ] ] ] ] } },
{ "type": "Feature", "properties": { "id": "BG00021483-1", "HA": 0.054 }, "geometry": { "type": "MultiPolygon", "coordinates": [ [ [ [ 99.191193, 3.1425404 ], [ 99.1912643, 3.1425627 ], [ 99.1912945, 3.1427352 ], [ 99.1914303, 3.142873 ], [ 99.1911408, 3.1428393 ], [ 99.191193, 3.1425404 ] ] ] ] } },
{ "type": "Feature", "properties": { "id": "BG00026188-3", "HA": 0.084 }, "geometry": { "type": "MultiPolygon", "coordinates": [ [ [ [ 99.0596198, 3.0134394 ], [ 99.0594783, 3.0138159 ], [ 99.0593929, 3.0137859 ], [ 99.0593258, 3.013444 ], [ 99.0596198, 3.0134394 ] ] ] ] } },
{ "type": "Feature", "properties": { "id": "BI00020666-6", "HA": 0.093 }, "geometry": { "type": "MultiPolygon", "coordinates": [ [ [ [ 99.0996517, 3.4818067 ], [ 99.0999083, 3.4814283 ], [ 99.1000017, 3.481595 ], [ 99.0997633, 3.4819483 ], [ 99.0996517, 3.4818067 ] ] ] ] } },
{ "type": "Feature", "properties": { "id": "BI00020738-6", "HA": 0.034 }, "geometry": { "type": "MultiPolygon", "coordinates": [ [ [ [ 99.0664767, 3.4750667 ], [ 99.066325, 3.4753217 ], [ 99.0662483, 3.4752583 ], [ 99.0664167, 3.475 ], [ 99.0664767, 3.4750667 ] ] ] ] } },
{ "type": "Feature", "properties": { "id": "BI00021367-2", "HA": 0.151 }, "geometry": { "type": "MultiPolygon", "coordinates": [ [ [ [ 99.207775, 3.1752767 ], [ 99.20811, 3.175135 ], [ 99.2082483, 3.175105 ], [ 99.20833, 3.1752667 ], [ 99.2080067, 3.1755133 ], [ 99.2078117, 3.1753667 ], [ 99.207775, 3.1752767 ] ] ] ] } },
{ "type": "Feature", "properties": { "id": "BK00020927-1", "HA": 0.406 }, "geometry": { "type": "MultiPolygon", "coordinates": [ [ [ [ 99.0905083, 3.47626 ], [ 99.0907367, 3.4757917 ], [ 99.091275, 3.4760483 ], [ 99.0910733, 3.4765617 ], [ 99.0905083, 3.47626 ] ] ] ] } },
{ "type": "Feature", "properties": { "id": "BK00023485-2", "HA": 0.101 }, "geometry": { "type": "MultiPolygon", "coordinates": [ [ [ [ 99.0443067, 3.43926 ], [ 99.0439283, 3.4396283 ], [ 99.0437983, 3.43946 ], [ 99.0442767, 3.4391667 ], [ 99.0443067, 3.43926 ] ] ] ] } },
{ "type": "Feature", "properties": { "id": "BL00022822-1", "HA": 0.042 }, "geometry": { "type": "MultiPolygon", "coordinates": [ [ [ [ 98.9939033, 2.7958717 ], [ 98.994195, 2.79594 ], [ 98.9942017, 2.7960383 ], [ 98.9938017, 2.79595 ], [ 98.9939033, 2.7958717 ] ] ] ] } },
{ "type": "Feature", "properties": { "id": "BM00025903-2", "HA": 0.045 }, "geometry": { "type": "MultiPolygon", "coordinates": [ [ [ [ 99.0143433, 2.9952833 ], [ 99.0141267, 2.9951483 ], [ 99.01415, 2.9949633 ], [ 99.0142467, 2.9949667 ], [ 99.0143433, 2.9952833 ] ] ] ] } },
{ "type": "Feature", "properties": { "id": "BO00023087-1", "HA": 0.038 }, "geometry": { "type": "MultiPolygon", "coordinates": [ [ [ [ 99.1653067, 3.2874417 ], [ 99.16545, 3.2874833 ], [ 99.1649117, 3.287525 ], [ 99.1648583, 3.2874517 ], [ 99.1653067, 3.2874417 ] ] ] ] } },
{ "type": "Feature", "properties": { "id": "BO00024556-1", "HA": 0.085 }, "geometry": { "type": "MultiPolygon", "coordinates": [ [ [ [ 98.978785, 3.3686617 ], [ 98.9784267, 3.3687267 ], [ 98.9783067, 3.3685533 ], [ 98.9784117, 3.368435 ], [ 98.978785, 3.3686617 ] ] ] ] } },
{ "type": "Feature", "properties": { "id": "BP00021744-1", "HA": 0.483 }, "geometry": { "type": "MultiPolygon", "coordinates": [ [ [ [ 99.1367951, 2.8093407 ], [ 99.1364394, 2.808936 ], [ 99.1370212, 2.8083206 ], [ 99.1372615, 2.8087004 ], [ 99.1367951, 2.8093407 ] ] ] ] } },
{ "type": "Feature", "properties": { "id": "BP00021832-1", "HA": 0.25 }, "geometry": { "type": "MultiPolygon", "coordinates": [ [ [ [ 99.1185317, 2.8102117 ], [ 99.117625, 2.8097883 ], [ 99.1179983, 2.809705 ], [ 99.1185817, 2.8099333 ], [ 99.1185317, 2.8102117 ] ] ] ] } },
{ "type": "Feature", "properties": { "id": "BP00023556-1", "HA": 0.14 }, "geometry": { "type": "MultiPolygon", "coordinates": [ [ [ [ 99.0172333, 3.4909983 ], [ 99.0172917, 3.4911583 ], [ 99.0173133, 3.49126 ], [ 99.0164683, 3.491315 ], [ 99.0172333, 3.4909983 ] ] ] ] } },
{ "type": "Feature", "properties": { "id": "BQ00018133-3", "HA": 0.692 }, "geometry": { "type": "MultiPolygon", "coordinates": [ [ [ [ 99.0678133, 3.4780367 ], [ 99.06763, 3.4783017 ], [ 99.0670667, 3.47806 ], [ 99.0671633, 3.4771283 ], [ 99.0675683, 3.4773267 ], [ 99.0678133, 3.4780367 ] ] ] ] } },
{ "type": "Feature", "properties": { "id": "BQ00021248-2", "HA": 0.203 }, "geometry": { "type": "MultiPolygon", "coordinates": [ [ [ [ 99.208135, 3.1656567 ], [ 99.2084183, 3.1654 ], [ 99.208695, 3.1653433 ], [ 99.2087617, 3.1655767 ], [ 99.2082367, 3.16584 ], [ 99.208135, 3.1656567 ] ] ] ] } },
{ "type": "Feature", "properties": { "id": "BQ00021473-1", "HA": 0.127 }, "geometry": { "type": "MultiPolygon", "coordinates": [ [ [ [ 99.01912, 2.9631367 ], [ 99.0183567, 2.9629683 ], [ 99.0181267, 2.96284 ], [ 99.01878, 2.9628867 ], [ 99.01912, 2.9631367 ] ] ] ] } },
{ "type": "Feature", "properties": { "id": "BR00024246-2", "HA": 0.089 }, "geometry": { "type": "MultiPolygon", "coordinates": [ [ [ [ 98.9756316, 3.3825001 ], [ 98.9759349, 3.3826341 ], [ 98.9760329, 3.3826825 ], [ 98.9756957, 3.382886 ], [ 98.9756316, 3.3825001 ] ] ] ] } },
{ "type": "Feature", "properties": { "id": "BS00020744-1", "HA": 0.428 }, "geometry": { "type": "MultiPolygon", "coordinates": [ [ [ [ 99.0697017, 3.476075 ], [ 99.070155, 3.4762117 ], [ 99.0703267, 3.4766483 ], [ 99.069785, 3.47675 ], [ 99.0695167, 3.47636 ], [ 99.0697017, 3.476075 ] ] ] ] } },
{ "type": "Feature", "properties": { "id": "BS00020744-2", "HA": 0.103 }, "geometry": { "type": "MultiPolygon", "coordinates": [ [ [ [ 99.0656183, 3.4800167 ], [ 99.0656417, 3.4799283 ], [ 99.06649, 3.4801583 ], [ 99.0664717, 3.480255 ], [ 99.0656183, 3.4800167 ] ] ] ] } },
{ "type": "Feature", "properties": { "id": "BS00020744-3", "HA": 0.163 }, "geometry": { "type": "MultiPolygon", "coordinates": [ [ [ [ 99.0660683, 3.453535 ], [ 99.066165, 3.4525317 ], [ 99.0662617, 3.45252 ], [ 99.066225, 3.4535917 ], [ 99.0660683, 3.453535 ] ] ] ] } },
{ "type": "Feature", "properties": { "id": "BS00020744-4", "HA": 0.311 }, "geometry": { "type": "MultiPolygon", "coordinates": [ [ [ [ 99.0662633, 3.4536117 ], [ 99.066375, 3.452565 ], [ 99.066665, 3.4525217 ], [ 99.0664583, 3.4535983 ], [ 99.0662633, 3.4536117 ] ] ] ] } },
{ "type": "Feature", "properties": { "id": "BS00020744-5", "HA": 0.374 }, "geometry": { "type": "MultiPolygon", "coordinates": [ [ [ [ 99.0660033, 3.4536367 ], [ 99.0654567, 3.4540483 ], [ 99.0651767, 3.45403 ], [ 99.0653267, 3.4533733 ], [ 99.0660033, 3.4536367 ] ] ] ] } },
{ "type": "Feature", "properties": { "id": "BS00025795-1", "HA": 0.072 }, "geometry": { "type": "MultiPolygon", "coordinates": [ [ [ [ 99.0356391, 2.8238533 ], [ 99.0357556, 2.8236993 ], [ 99.0360173, 2.823818 ], [ 99.0358076, 2.8240062 ], [ 99.0356391, 2.8238533 ] ] ] ] } },
{ "type": "Feature", "properties": { "id": "BT00021761-1", "HA": 0.656 }, "geometry": { "type": "MultiPolygon", "coordinates": [ [ [ [ 99.1418533, 2.8129667 ], [ 99.1412233, 2.8137667 ], [ 99.1407017, 2.8136917 ], [ 99.1413483, 2.8127617 ], [ 99.1418533, 2.8129667 ] ] ] ] } },
{ "type": "Feature", "properties": { "id": "BT00022526-1", "HA": 0.134 }, "geometry": { "type": "MultiPolygon", "coordinates": [ [ [ [ 99.1624392, 3.2278467 ], [ 99.1623831, 3.2275128 ], [ 99.1630362, 3.2275836 ], [ 99.1626788, 3.2277474 ], [ 99.1624392, 3.2278467 ] ] ] ] } },
{ "type": "Feature", "properties": { "id": "BT00023829-1", "HA": 0.195 }, "geometry": { "type": "MultiPolygon", "coordinates": [ [ [ [ 99.0040233, 3.0032367 ], [ 99.0034833, 3.0030733 ], [ 99.003475, 3.0027817 ], [ 99.00383, 3.0027833 ], [ 99.0040233, 3.0032367 ] ] ] ] } },
{ "type": "Feature", "properties": { "id": "BU00022191-1", "HA": 0.004 }, "geometry": { "type": "MultiPolygon", "coordinates": [ [ [ [ 99.0153767, 3.03559 ], [ 99.0154383, 3.0354567 ], [ 99.0154067, 3.0355783 ], [ 99.0154383, 3.0357 ], [ 99.0153767, 3.03559 ] ] ] ] } },
{ "type": "Feature", "properties": { "id": "BV00021891-2", "HA": 0.61 }, "geometry": { "type": "MultiPolygon", "coordinates": [ [ [ [ 99.1657667, 2.8154 ], [ 99.16589, 2.8147183 ], [ 99.1661417, 2.81448 ], [ 99.166525, 2.81454 ], [ 99.16638, 2.8150467 ], [ 99.1662067, 2.8154983 ], [ 99.1657667, 2.8154 ] ] ] ] } },
{ "type": "Feature", "properties": { "id": "BV00024747-1", "HA": 0.016 }, "geometry": { "type": "MultiPolygon", "coordinates": [ [ [ [ 99.4581608, 2.5988509 ], [ 99.4581471, 2.5985854 ], [ 99.4582096, 2.5986509 ], [ 99.4582305, 2.5987705 ], [ 99.4581608, 2.5988509 ] ] ] ] } },
{ "type": "Feature", "properties": { "id": "BV00025483-2", "HA": 0.191 }, "geometry": { "type": "MultiPolygon", "coordinates": [ [ [ [ 99.01109, 3.006635 ], [ 99.0108333, 3.0067517 ], [ 99.0105817, 3.0064317 ], [ 99.0107433, 3.0061033 ], [ 99.01109, 3.006635 ] ] ] ] } },
{ "type": "Feature", "properties": { "id": "BX00022144-1", "HA": 0.218 }, "geometry": { "type": "MultiPolygon", "coordinates": [ [ [ [ 99.02205, 3.0021717 ], [ 99.0219767, 3.0020683 ], [ 99.0219767, 3.0020683 ], [ 99.02195, 3.0014883 ], [ 99.0221117, 3.0017733 ], [ 99.0222283, 3.00176 ], [ 99.022665, 3.0018 ], [ 99.022665, 3.0018 ], [ 99.02205, 3.0021717 ] ] ] ] } },
{ "type": "Feature", "properties": { "id": "BY00021726-4", "HA": 0.047 }, "geometry": { "type": "MultiPolygon", "coordinates": [ [ [ [ 99.1623372, 2.8258957 ], [ 99.16248, 2.8257915 ], [ 99.1622562, 2.8255044 ], [ 99.1626514, 2.8256685 ], [ 99.1623372, 2.8258957 ] ] ] ] } },
{ "type": "Feature", "properties": { "id": "BY00021896-1", "HA": 0.147 }, "geometry": { "type": "MultiPolygon", "coordinates": [ [ [ [ 99.0080673, 2.9812921 ], [ 99.0077275, 2.9809324 ], [ 99.0080743, 2.980832 ], [ 99.0082502, 2.9807628 ], [ 99.0080673, 2.9812921 ] ] ] ] } },
{ "type": "Feature", "properties": { "id": "BY00022475-1", "HA": 0.011 }, "geometry": { "type": "MultiPolygon", "coordinates": [ [ [ [ 99.0788168, 3.1218451 ], [ 99.0791191, 3.1219391 ], [ 99.0790251, 3.1219548 ], [ 99.0789374, 3.1219326 ], [ 99.0788168, 3.1218451 ] ] ] ] } },
{ "type": "Feature", "properties": { "id": "BZ00025901-1", "HA": 0.081 }, "geometry": { "type": "MultiPolygon", "coordinates": [ [ [ [ 99.0590919, 3.0100735 ], [ 99.0591512, 3.0099174 ], [ 99.0594707, 3.0099068 ], [ 99.0595593, 3.0100866 ], [ 99.0590919, 3.0100735 ] ] ] ] } },
{ "type": "Feature", "properties": { "id": "CE00022354-1", "HA": 0.029 }, "geometry": { "type": "MultiPolygon", "coordinates": [ [ [ [ 99.1467317, 3.2069333 ], [ 99.1470017, 3.2069617 ], [ 99.1469283, 3.2070483 ], [ 99.14666, 3.207 ], [ 99.1467317, 3.2069333 ] ] ] ] } },
{ "type": "Feature", "properties": { "id": "CF00022604-1", "HA": 0.007 }, "geometry": { "type": "MultiPolygon", "coordinates": [ [ [ [ 99.0881483, 3.1048417 ], [ 99.0882683, 3.1047217 ], [ 99.0882583, 3.1047233 ], [ 99.0884267, 3.10465 ], [ 99.0881483, 3.1048417 ] ] ] ] } },
{ "type": "Feature", "properties": { "id": "CF00024542-1", "HA": 0.034 }, "geometry": { "type": "MultiPolygon", "coordinates": [ [ [ [ 98.97788, 3.3690283 ], [ 98.9782233, 3.36881 ], [ 98.9783183, 3.3688817 ], [ 98.9780333, 3.369 ], [ 98.97788, 3.3690283 ] ] ] ] } },
{ "type": "Feature", "properties": { "id": "CG00020803-1", "HA": 0.207 }, "geometry": { "type": "MultiPolygon", "coordinates": [ [ [ [ 99.0422183, 3.4730967 ], [ 99.04258, 3.4725983 ], [ 99.0428417, 3.4728783 ], [ 99.0425883, 3.473155 ], [ 99.04251, 3.47311 ], [ 99.0422183, 3.4730967 ] ] ] ] } },
{ "type": "Feature", "properties": { "id": "CH00020654-1", "HA": 0.37 }, "geometry": { "type": "MultiPolygon", "coordinates": [ [ [ [ 99.0788867, 3.4776517 ], [ 99.079115, 3.4773583 ], [ 99.0796283, 3.4775067 ], [ 99.079335, 3.4781283 ], [ 99.0788867, 3.4776517 ] ] ] ] } },
{ "type": "Feature", "properties": { "id": "CH00022451-2", "HA": 0.177 }, "geometry": { "type": "MultiPolygon", "coordinates": [ [ [ [ 99.1689414, 3.216058 ], [ 99.1687854, 3.2161426 ], [ 99.1686521, 3.2155157 ], [ 99.1689592, 3.2154753 ], [ 99.1689414, 3.216058 ] ] ] ] } },
{ "type": "Feature", "properties": { "id": "CH00022522-1", "HA": 0.013 }, "geometry": { "type": "MultiPolygon", "coordinates": [ [ [ [ 99.0752167, 3.1241283 ], [ 99.0751217, 3.1241717 ], [ 99.0750317, 3.124135 ], [ 99.075115, 3.1240617 ], [ 99.0752167, 3.1241283 ] ] ] ] } },
{ "type": "Feature", "properties": { "id": "CH00022619-1", "HA": 0.063 }, "geometry": { "type": "MultiPolygon", "coordinates": [ [ [ [ 99.0445654, 2.8192359 ], [ 99.0445654, 2.8192359 ], [ 99.044922, 2.818411 ], [ 99.0449583, 2.818614 ], [ 99.0445654, 2.8192359 ] ] ] ] } },
{ "type": "Feature", "properties": { "id": "CH00022634-1", "HA": 0.035 }, "geometry": { "type": "MultiPolygon", "coordinates": [ [ [ [ 98.992515, 2.8010733 ], [ 98.9927633, 2.801005 ], [ 98.9928117, 2.8010917 ], [ 98.9926617, 2.80119 ], [ 98.992515, 2.8010733 ] ] ] ] } },
{ "type": "Feature", "properties": { "id": "CH00023223-1", "HA": 0.013 }, "geometry": { "type": "MultiPolygon", "coordinates": [ [ [ [ 99.1664617, 3.2866833 ], [ 99.16657, 3.2867467 ], [ 99.166825, 3.2870033 ], [ 99.1668967, 3.2870917 ], [ 99.1664617, 3.2866833 ] ] ] ] } },
{ "type": "Feature", "properties": { "id": "CI00022675-1", "HA": 0.035 }, "geometry": { "type": "MultiPolygon", "coordinates": [ [ [ [ 99.038515, 2.81269 ], [ 99.038655, 2.8127333 ], [ 99.038655, 2.8127333 ], [ 99.03905, 2.8132633 ], [ 99.038515, 2.81269 ] ] ] ] } },
{ "type": "Feature", "properties": { "id": "CI00023389-3", "HA": 0.232 }, "geometry": { "type": "MultiPolygon", "coordinates": [ [ [ [ 99.1676598, 3.2616876 ], [ 99.1672759, 3.2615724 ], [ 99.167244, 3.2611866 ], [ 99.1678345, 3.2613393 ], [ 99.1676598, 3.2616876 ] ] ] ] } },
{ "type": "Feature", "properties": { "id": "CJ00022275-1", "HA": 0.129 }, "geometry": { "type": "MultiPolygon", "coordinates": [ [ [ [ 99.1501367, 3.2081467 ], [ 99.15032, 3.208 ], [ 99.15069, 3.2080483 ], [ 99.150585, 3.2083317 ], [ 99.1501367, 3.2081467 ] ] ] ] } },
{ "type": "Feature", "properties": { "id": "CJ00024799-1", "HA": 0.193 }, "geometry": { "type": "MultiPolygon", "coordinates": [ [ [ [ 99.4745063, 2.6274919 ], [ 99.4743978, 2.6275289 ], [ 99.4740919, 2.6270823 ], [ 99.4745388, 2.6269114 ], [ 99.4745063, 2.6274919 ] ] ] ] } },
{ "type": "Feature", "properties": { "id": "CK00022294-1", "HA": 0.264 }, "geometry": { "type": "MultiPolygon", "coordinates": [ [ [ [ 99.147215, 3.20748 ], [ 99.1465517, 3.20763 ], [ 99.1464967, 3.20737 ], [ 99.1470633, 3.20711 ], [ 99.147215, 3.20748 ] ] ] ] } },
{ "type": "Feature", "properties": { "id": "CM00023185-1", "HA": 0.945 }, "geometry": { "type": "MultiPolygon", "coordinates": [ [ [ [ 98.9630533, 2.93644 ], [ 98.96387, 2.9368383 ], [ 98.9638267, 2.9376217 ], [ 98.963055, 2.9375817 ], [ 98.9630533, 2.93644 ] ] ] ] } },
{ "type": "Feature", "properties": { "id": "CN00023413-1", "HA": 0.063 }, "geometry": { "type": "MultiPolygon", "coordinates": [ [ [ [ 99.2151667, 3.3042733 ], [ 99.2154017, 3.3042 ], [ 99.21553, 3.3044417 ], [ 99.2154733, 3.304515 ], [ 99.2151667, 3.3042733 ] ] ] ] } },
{ "type": "Feature", "properties": { "id": "CO00020739-1", "HA": 0.688 }, "geometry": { "type": "MultiPolygon", "coordinates": [ [ [ [ 99.0445657, 3.4603343 ], [ 99.0439029, 3.4616574 ], [ 99.0435741, 3.46146 ], [ 99.0443101, 3.4600655 ], [ 99.0445657, 3.4603343 ] ] ] ] } },
{ "type": "Feature", "properties": { "id": "CQ00023216-1", "HA": 0.177 }, "geometry": { "type": "MultiPolygon", "coordinates": [ [ [ [ 99.1875017, 3.2554983 ], [ 99.18752, 3.2558167 ], [ 99.1871267, 3.2558933 ], [ 99.1870667, 3.255525 ], [ 99.1875017, 3.2554983 ] ] ] ] } },
{ "type": "Feature", "properties": { "id": "CR00021387-3", "HA": 826.838 }, "geometry": { "type": "MultiPolygon", "coordinates": [ [ [ [ 99.096001, 3.0802205 ], [ 99.0959407, 3.1026761 ], [ 99.0813808, 3.1026441 ], [ 99.0797946, 3.1109584 ], [ 99.0752918, 3.111527 ], [ 99.0750898, 3.1145167 ], [ 99.0658556, 3.114661 ], [ 99.0722267, 3.083593 ], [ 99.096001, 3.0802205 ] ] ] ] } },
{ "type": "Feature", "properties": { "id": "CR00021387-4", "HA": 272.484 }, "geometry": { "type": "MultiPolygon", "coordinates": [ [ [ [ 99.0961849, 3.0986012 ], [ 99.1044562, 3.0984394 ], [ 99.1045452, 3.1162094 ], [ 99.0828672, 3.1161334 ], [ 99.0828849, 3.1136918 ], [ 99.0870003, 3.1134491 ], [ 99.0870648, 3.1094685 ], [ 99.0957397, 3.1093984 ], [ 99.0961849, 3.0986012 ] ] ] ] } },
{ "type": "Feature", "properties": { "id": "CS00020806-1", "HA": 0.175 }, "geometry": { "type": "MultiPolygon", "coordinates": [ [ [ [ 99.0701933, 3.4678 ], [ 99.0696133, 3.4683517 ], [ 99.06964, 3.4680117 ], [ 99.0700467, 3.46767 ], [ 99.0701933, 3.4678 ] ] ] ] } },
{ "type": "Feature", "properties": { "id": "CS00020957-1", "HA": 0.131 }, "geometry": { "type": "MultiPolygon", "coordinates": [ [ [ [ 99.0794817, 3.4872833 ], [ 99.0790183, 3.4879917 ], [ 99.0790433, 3.4876733 ], [ 99.07925, 3.4872983 ], [ 99.0794817, 3.4872833 ] ] ] ] } },
{ "type": "Feature", "properties": { "id": "CS00021985-1", "HA": 0.037 }, "geometry": { "type": "MultiPolygon", "coordinates": [ [ [ [ 99.1865517, 2.8102233 ], [ 99.186475, 2.8105 ], [ 99.186385, 2.8104783 ], [ 99.18636, 2.8103183 ], [ 99.1865517, 2.8102233 ] ] ] ] } },
{ "type": "Feature", "properties": { "id": "CS00023353-1", "HA": 0.043 }, "geometry": { "type": "MultiPolygon", "coordinates": [ [ [ [ 98.9583267, 3.1007017 ], [ 98.9585683, 3.1005783 ], [ 98.9585217, 3.1007583 ], [ 98.9583933, 3.1008833 ], [ 98.9583267, 3.1007017 ] ] ] ] } },
{ "type": "Feature", "properties": { "id": "CT00021965-1", "HA": 0.044 }, "geometry": { "type": "MultiPolygon", "coordinates": [ [ [ [ 99.0323317, 2.99751 ], [ 99.0321617, 2.9978167 ], [ 99.03213, 2.9977117 ], [ 99.0321567, 2.9974683 ], [ 99.0323317, 2.99751 ] ] ] ] } },
{ "type": "Feature", "properties": { "id": "CT00025197-1", "HA": 0.084 }, "geometry": { "type": "MultiPolygon", "coordinates": [ [ [ [ 99.1763383, 3.2304833 ], [ 99.17638, 3.23078 ], [ 99.176095, 3.23083 ], [ 99.1760733, 3.2306583 ], [ 99.1763383, 3.2304833 ] ] ] ] } },
{ "type": "Feature", "properties": { "id": "CU00021809-1", "HA": 0.172 }, "geometry": { "type": "MultiPolygon", "coordinates": [ [ [ [ 99.1406367, 2.8062233 ], [ 99.140795, 2.80584 ], [ 99.14115, 2.8059617 ], [ 99.1410583, 2.80625 ], [ 99.1406367, 2.8062233 ] ] ] ] } },
{ "type": "Feature", "properties": { "id": "CW00021754-1", "HA": 0.097 }, "geometry": { "type": "MultiPolygon", "coordinates": [ [ [ [ 99.0951755, 2.7849859 ], [ 99.095402, 2.7847575 ], [ 99.0955743, 2.7849146 ], [ 99.0960232, 2.7850411 ], [ 99.0951755, 2.7849859 ] ] ] ] } },
{ "type": "Feature", "properties": { "id": "CW00022513-3", "HA": 0.113 }, "geometry": { "type": "MultiPolygon", "coordinates": [ [ [ [ 99.079415, 3.1247683 ], [ 99.0790433, 3.1246617 ], [ 99.0791783, 3.1244883 ], [ 99.079555, 3.1244917 ], [ 99.079415, 3.1247683 ] ] ] ] } },
{ "type": "Feature", "properties": { "id": "CW00022826-1", "HA": 0.049 }, "geometry": { "type": "MultiPolygon", "coordinates": [ [ [ [ 99.0492233, 2.8158717 ], [ 99.0494117, 2.815855 ], [ 99.0492417, 2.8160933 ], [ 99.0490733, 2.8161 ], [ 99.0492233, 2.8158717 ] ] ] ] } },
{ "type": "Feature", "properties": { "id": "CX00021394-1", "HA": 0.445 }, "geometry": { "type": "MultiPolygon", "coordinates": [ [ [ [ 99.2183968, 3.1861787 ], [ 99.2180259, 3.1865034 ], [ 99.2177585, 3.1860234 ], [ 99.2185422, 3.1854935 ], [ 99.2183968, 3.1861787 ] ] ] ] } },
{ "type": "Feature", "properties": { "id": "CY00024383-1", "HA": 0.042 }, "geometry": { "type": "MultiPolygon", "coordinates": [ [ [ [ 98.9737167, 3.3713817 ], [ 98.9737, 3.3710467 ], [ 98.9737917, 3.3710683 ], [ 98.97386, 3.371295 ], [ 98.9737167, 3.3713817 ] ] ] ] } },
{ "type": "Feature", "properties": { "id": "CZ00018445-1", "HA": 0.039 }, "geometry": { "type": "MultiPolygon", "coordinates": [ [ [ [ 99.095935, 3.488425 ], [ 99.0957167, 3.4886717 ], [ 99.0968683, 3.48961 ], [ 99.095645, 3.4886483 ], [ 99.095935, 3.488425 ] ] ] ] } },
{ "type": "Feature", "properties": { "id": "CZ00021109-1", "HA": 0.1 }, "geometry": { "type": "MultiPolygon", "coordinates": [ [ [ [ 99.0776667, 3.5257717 ], [ 99.0771167, 3.5262967 ], [ 99.0770117, 3.5263067 ], [ 99.07764, 3.52562 ], [ 99.0776667, 3.5257717 ] ] ] ] } },
{ "type": "Feature", "properties": { "id": "CZ00021144-1", "HA": 0.022 }, "geometry": { "type": "MultiPolygon", "coordinates": [ [ [ [ 99.080755, 3.522175 ], [ 99.0808767, 3.5220417 ], [ 99.08093, 3.52212 ], [ 99.08068, 3.5223117 ], [ 99.080755, 3.522175 ] ] ] ] } },
{ "type": "Feature", "properties": { "id": "DB00020656-1", "HA": 0.894 }, "geometry": { "type": "MultiPolygon", "coordinates": [ [ [ [ 99.0411326, 3.4738569 ], [ 99.0410405, 3.4740715 ], [ 99.0408649, 3.4739817 ], [ 99.0404872, 3.4740837 ], [ 99.0402679, 3.4739025 ], [ 99.0402694, 3.4737959 ], [ 99.0398856, 3.4729801 ], [ 99.0400233, 3.4727167 ], [ 99.0411326, 3.4738569 ] ] ] ] } },
{ "type": "Feature", "properties": { "id": "DB00021373-1", "HA": 0.345 }, "geometry": { "type": "MultiPolygon", "coordinates": [ [ [ [ 99.0179917, 2.96562 ], [ 99.01734, 2.9651033 ], [ 99.01776, 2.9648483 ], [ 99.01818, 2.9654817 ], [ 99.0179917, 2.96562 ] ] ] ] } },
{ "type": "Feature", "properties": { "id": "DB00021488-1", "HA": 0.113 }, "geometry": { "type": "MultiPolygon", "coordinates": [ [ [ [ 99.191418, 3.1438474 ], [ 99.1914438, 3.1435243 ], [ 99.1916382, 3.1435254 ], [ 99.1916975, 3.1439904 ], [ 99.191418, 3.1438474 ] ] ] ] } },
{ "type": "Feature", "properties": { "id": "DB00021496-1", "HA": 0.15 }, "geometry": { "type": "MultiPolygon", "coordinates": [ [ [ [ 99.19567, 3.1368033 ], [ 99.1952567, 3.13671 ], [ 99.1955283, 3.1363967 ], [ 99.1957667, 3.1364467 ], [ 99.19567, 3.1368033 ] ] ] ] } },
{ "type": "Feature", "properties": { "id": "DC00021808-1", "HA": 0.123 }, "geometry": { "type": "MultiPolygon", "coordinates": [ [ [ [ 99.1130733, 2.77219 ], [ 99.1134767, 2.771895 ], [ 99.1135617, 2.7720617 ], [ 99.113475, 2.7723067 ], [ 99.1130733, 2.77219 ] ] ] ] } },
{ "type": "Feature", "properties": { "id": "DC00021924-1", "HA": 0.443 }, "geometry": { "type": "MultiPolygon", "coordinates": [ [ [ [ 99.0047133, 2.983065 ], [ 99.00409, 2.9834767 ], [ 99.0037967, 2.9835517 ], [ 99.0037167, 2.9836067 ], [ 99.0037067, 2.9835167 ], [ 99.004085, 2.9827883 ], [ 99.0047133, 2.983065 ] ] ] ] } },
{ "type": "Feature", "properties": { "id": "DC00022194-1", "HA": 0.02 }, "geometry": { "type": "MultiPolygon", "coordinates": [ [ [ [ 99.01751, 3.02779 ], [ 99.0175867, 3.0276583 ], [ 99.0176767, 3.0276767 ], [ 99.0175317, 3.02789 ], [ 99.01751, 3.02779 ] ] ] ] } },
{ "type": "Feature", "properties": { "id": "DD00026035-1", "HA": 0.12 }, "geometry": { "type": "MultiPolygon", "coordinates": [ [ [ [ 99.0251603, 3.0071074 ], [ 99.0255673, 3.0070994 ], [ 99.0255463, 3.0073118 ], [ 99.025197, 3.0074106 ], [ 99.0251603, 3.0071074 ] ] ] ] } },
{ "type": "Feature", "properties": { "id": "DE00016914-2", "HA": 1085.375 }, "geometry": { "type": "MultiPolygon", "coordinates": [ [ [ [ 99.09605, 3.0982467 ], [ 99.0962667, 3.0800133 ], [ 99.0961683, 3.0712233 ], [ 99.1005883, 3.0711067 ], [ 99.1008583, 3.053085 ], [ 99.1078083, 3.0532083 ], [ 99.1273733, 3.0984567 ], [ 99.1050033, 3.0982133 ], [ 99.09605, 3.0982467 ] ] ] ] } },
{ "type": "Feature", "properties": { "id": "DF00021823-1", "HA": 0.235 }, "geometry": { "type": "MultiPolygon", "coordinates": [ [ [ [ 99.1235632, 2.8128589 ], [ 99.1238369, 2.8128841 ], [ 99.1237618, 2.8136292 ], [ 99.12348, 2.8134204 ], [ 99.1235632, 2.8128589 ] ] ] ] } },
{ "type": "Feature", "properties": { "id": "DF00022813-1", "HA": 0.162 }, "geometry": { "type": "MultiPolygon", "coordinates": [ [ [ [ 99.0563083, 2.83826 ], [ 99.0563517, 2.8385417 ], [ 99.0560767, 2.8388133 ], [ 99.05579, 2.8387467 ], [ 99.0563083, 2.83826 ] ] ] ] } },
{ "type": "Feature", "properties": { "id": "DG00020665-1", "HA": 0.577 }, "geometry": { "type": "MultiPolygon", "coordinates": [ [ [ [ 99.04373, 3.4590017 ], [ 99.043805, 3.4590533 ], [ 99.04379, 3.4592317 ], [ 99.0439767, 3.459435 ], [ 99.043945, 3.4595233 ], [ 99.0426617, 3.4606933 ], [ 99.04373, 3.4590017 ] ] ] ] } },
{ "type": "Feature", "properties": { "id": "DG00020665-2", "HA": 0.338 }, "geometry": { "type": "MultiPolygon", "coordinates": [ [ [ [ 99.0390633, 3.457595 ], [ 99.038135, 3.4583983 ], [ 99.0380683, 3.4583167 ], [ 99.0387533, 3.4573967 ], [ 99.0390633, 3.457595 ] ] ] ] } },
{ "type": "Feature", "properties": { "id": "DG00022515-1", "HA": 0.095 }, "geometry": { "type": "MultiPolygon", "coordinates": [ [ [ [ 99.1425517, 3.1930233 ], [ 99.14273, 3.1927733 ], [ 99.1429383, 3.192845 ], [ 99.142815, 3.193135 ], [ 99.1425517, 3.1930233 ] ] ] ] } },
{ "type": "Feature", "properties": { "id": "DH00022487-1", "HA": 0.108 }, "geometry": { "type": "MultiPolygon", "coordinates": [ [ [ [ 99.1640422, 3.211256 ], [ 99.1641993, 3.2110878 ], [ 99.1644402, 3.2111851 ], [ 99.1645945, 3.2113804 ], [ 99.164389, 3.2113904 ], [ 99.1640422, 3.211256 ] ] ] ] } },
{ "type": "Feature", "properties": { "id": "DI00025472-1", "HA": 0.108 }, "geometry": { "type": "MultiPolygon", "coordinates": [ [ [ [ 99.0006633, 3.0144383 ], [ 99.0008067, 3.0145367 ], [ 99.00078, 3.0149817 ], [ 99.00056, 3.01489 ], [ 99.0006633, 3.0144383 ] ] ] ] } },
{ "type": "Feature", "properties": { "id": "DJ00023860-1", "HA": 0.051 }, "geometry": { "type": "MultiPolygon", "coordinates": [ [ [ [ 99.0092078, 3.0040842 ], [ 99.0092226, 3.0039369 ], [ 99.009134, 3.0039077 ], [ 99.009134, 3.0039077 ], [ 99.0094517, 3.0038355 ], [ 99.0094676, 3.0039647 ], [ 99.0092078, 3.0040842 ] ] ] ] } },
{ "type": "Feature", "properties": { "id": "DK00025934-1", "HA": 0.189 }, "geometry": { "type": "MultiPolygon", "coordinates": [ [ [ [ 99.02672, 2.9995517 ], [ 99.0267267, 2.999935 ], [ 99.02636, 2.9999667 ], [ 99.0263283, 2.99954 ], [ 99.02672, 2.9995517 ] ] ] ] } },
{ "type": "Feature", "properties": { "id": "DL00021480-1", "HA": 0.142 }, "geometry": { "type": "MultiPolygon", "coordinates": [ [ [ [ 99.195665, 3.1442933 ], [ 99.19523, 3.1442617 ], [ 99.1951433, 3.1437183 ], [ 99.1952317, 3.14382 ], [ 99.195665, 3.1442933 ] ] ] ] } },
{ "type": "Feature", "properties": { "id": "DL00026174-1", "HA": 0.017 }, "geometry": { "type": "MultiPolygon", "coordinates": [ [ [ [ 99.0066022, 3.0022985 ], [ 99.0065773, 3.0023895 ], [ 99.0065677, 3.0025367 ], [ 99.006477, 3.002295 ], [ 99.0066022, 3.0022985 ] ] ] ] } },
{ "type": "Feature", "properties": { "id": "DN00022666-1", "HA": 0.079 }, "geometry": { "type": "MultiPolygon", "coordinates": [ [ [ [ 99.7392553, 2.8763959 ], [ 99.7389679, 2.8766925 ], [ 99.7389009, 2.8767678 ], [ 99.739134, 2.8761569 ], [ 99.7392553, 2.8763959 ] ] ] ] } },
{ "type": "Feature", "properties": { "id": "DN00023112-1", "HA": 0.026 }, "geometry": { "type": "MultiPolygon", "coordinates": [ [ [ [ 99.1688633, 3.2763917 ], [ 99.1685967, 3.276665 ], [ 99.1686583, 3.2765933 ], [ 99.1686933, 3.27636 ], [ 99.1688633, 3.2763917 ] ] ] ] } },
{ "type": "Feature", "properties": { "id": "DQ00022104-3", "HA": 0.046 }, "geometry": { "type": "MultiPolygon", "coordinates": [ [ [ [ 98.999835, 2.9740133 ], [ 98.999665, 2.9740817 ], [ 98.9995317, 2.9740267 ], [ 98.9995383, 2.9738383 ], [ 98.999835, 2.9740133 ] ] ] ] } },
{ "type": "Feature", "properties": { "id": "DR00021579-2", "HA": 0.062 }, "geometry": { "type": "MultiPolygon", "coordinates": [ [ [ [ 98.9890533, 2.9983333 ], [ 98.9887867, 2.9980717 ], [ 98.9887517, 2.99804 ], [ 98.9891933, 2.9981317 ], [ 98.9890533, 2.9983333 ] ] ] ] } },
{ "type": "Feature", "properties": { "id": "DR00023357-1", "HA": 0.065 }, "geometry": { "type": "MultiPolygon", "coordinates": [ [ [ [ 98.9585245, 3.1058371 ], [ 98.9585137, 3.1061482 ], [ 98.9582777, 3.106159 ], [ 98.9584148, 3.1058476 ], [ 98.9585245, 3.1058371 ] ] ] ] } },
{ "type": "Feature", "properties": { "id": "DS00022355-1", "HA": 0.119 }, "geometry": { "type": "MultiPolygon", "coordinates": [ [ [ [ 99.1471467, 3.2055667 ], [ 99.1470617, 3.2054667 ], [ 99.1475733, 3.20507 ], [ 99.147705, 3.2051733 ], [ 99.1471467, 3.2055667 ] ] ] ] } },
{ "type": "Feature", "properties": { "id": "DT00022497-1", "HA": 0.494 }, "geometry": { "type": "MultiPolygon", "coordinates": [ [ [ [ 99.086315, 3.1048633 ], [ 99.086595, 3.1038167 ], [ 99.0869467, 3.1040417 ], [ 99.0866683, 3.1049933 ], [ 99.086315, 3.1048633 ] ] ] ] } },
{ "type": "Feature", "properties": { "id": "DT00022910-2", "HA": 0.073 }, "geometry": { "type": "MultiPolygon", "coordinates": [ [ [ [ 99.0152017, 2.8175583 ], [ 99.01536, 2.81736 ], [ 99.015555, 2.8173383 ], [ 99.0154683, 2.8176267 ], [ 99.0152017, 2.8175583 ] ] ] ] } },
{ "type": "Feature", "properties": { "id": "DT00023351-1", "HA": 0.08 }, "geometry": { "type": "MultiPolygon", "coordinates": [ [ [ [ 98.9598496, 3.0985887 ], [ 98.9597993, 3.0982707 ], [ 98.9601852, 3.0985965 ], [ 98.9599078, 3.0986635 ], [ 98.9598496, 3.0985887 ] ] ] ] } },
{ "type": "Feature", "properties": { "id": "DT00025902-2", "HA": 0.04 }, "geometry": { "type": "MultiPolygon", "coordinates": [ [ [ [ 99.01453, 2.99576 ], [ 99.01452, 2.9958533 ], [ 99.014245, 2.9954167 ], [ 99.0143383, 2.995405 ], [ 99.01453, 2.99576 ] ] ] ] } },
{ "type": "Feature", "properties": { "id": "DU00021854-1", "HA": 0.615 }, "geometry": { "type": "MultiPolygon", "coordinates": [ [ [ [ 99.0165666, 2.9761079 ], [ 99.0163187, 2.9773422 ], [ 99.0158435, 2.9766835 ], [ 99.0161407, 2.9761429 ], [ 99.0164043, 2.9760289 ], [ 99.0164555, 2.9761089 ], [ 99.0165666, 2.9761079 ] ] ] ] } },
{ "type": "Feature", "properties": { "id": "DU00021861-1", "HA": 0.252 }, "geometry": { "type": "MultiPolygon", "coordinates": [ [ [ [ 99.0102878, 2.9877939 ], [ 99.0097407, 2.9881012 ], [ 99.00958, 2.9879648 ], [ 99.0096252, 2.9875509 ], [ 99.0102878, 2.9877939 ] ] ] ] } },
{ "type": "Feature", "properties": { "id": "DU00022018-1", "HA": 0.136 }, "geometry": { "type": "MultiPolygon", "coordinates": [ [ [ [ 98.992235, 2.9928317 ], [ 98.9915283, 2.9926217 ], [ 98.991795, 2.9924633 ], [ 98.9922683, 2.99274 ], [ 98.992235, 2.9928317 ] ] ] ] } },
{ "type": "Feature", "properties": { "id": "DV00022336-1", "HA": 0.098 }, "geometry": { "type": "MultiPolygon", "coordinates": [ [ [ [ 99.1473183, 3.2040933 ], [ 99.1471217, 3.2038083 ], [ 99.1475233, 3.203775 ], [ 99.147605, 3.203835 ], [ 99.1473183, 3.2040933 ] ] ] ] } },
{ "type": "Feature", "properties": { "id": "DV00024650-1", "HA": 0.024 }, "geometry": { "type": "MultiPolygon", "coordinates": [ [ [ [ 98.183152, 3.4332834 ], [ 98.1832487, 3.4332979 ], [ 98.1829755, 3.4335026 ], [ 98.1828838, 3.4335298 ], [ 98.183152, 3.4332834 ] ] ] ] } },
{ "type": "Feature", "properties": { "id": "DW00022812-1", "HA": 0.043 }, "geometry": { "type": "MultiPolygon", "coordinates": [ [ [ [ 99.0435867, 2.819025 ], [ 99.0439067, 2.8191683 ], [ 99.0437267, 2.8191367 ], [ 99.0435567, 2.8193867 ], [ 99.0435867, 2.819025 ] ] ] ] } },
{ "type": "Feature", "properties": { "id": "DX00021363-1", "HA": 0.013 }, "geometry": { "type": "MultiPolygon", "coordinates": [ [ [ [ 99.2075479, 3.1738748 ], [ 99.207924, 3.1740297 ], [ 99.2077451, 3.1740265 ], [ 99.2077338, 3.1739903 ], [ 99.2075479, 3.1738748 ] ] ] ] } },
{ "type": "Feature", "properties": { "id": "DX00023524-1", "HA": 0.046 }, "geometry": { "type": "MultiPolygon", "coordinates": [ [ [ [ 99.019065, 3.48798 ], [ 99.0191733, 3.48815 ], [ 99.0192117, 3.48826 ], [ 99.0189533, 3.48824 ], [ 99.019065, 3.48798 ] ] ] ] } },
{ "type": "Feature", "properties": { "id": "DY00020741-1", "HA": 0.283 }, "geometry": { "type": "MultiPolygon", "coordinates": [ [ [ [ 99.0649171, 3.4770788 ], [ 99.0652536, 3.4766248 ], [ 99.0656666, 3.4769234 ], [ 99.0655931, 3.4770855 ], [ 99.0653707, 3.4771769 ], [ 99.0649171, 3.4770788 ] ] ] ] } },
{ "type": "Feature", "properties": { "id": "DY00022635-1", "HA": 0.045 }, "geometry": { "type": "MultiPolygon", "coordinates": [ [ [ [ 99.0722437, 3.1206948 ], [ 99.0723745, 3.1206475 ], [ 99.0723282, 3.1210449 ], [ 99.0722195, 3.1208729 ], [ 99.0722437, 3.1206948 ], [ 99.0722437, 3.1206948 ] ] ] ] } },
{ "type": "Feature", "properties": { "id": "DZ00022285-1", "HA": 0.187 }, "geometry": { "type": "MultiPolygon", "coordinates": [ [ [ [ 99.15009, 3.208285 ], [ 99.1508167, 3.208505 ], [ 99.1508167, 3.2087167 ], [ 99.1503083, 3.2086217 ], [ 99.15009, 3.208285 ] ] ] ] } },
{ "type": "Feature", "properties": { "id": "DZ00023109-1", "HA": 0.021 }, "geometry": { "type": "MultiPolygon", "coordinates": [ [ [ [ 99.1649364, 3.2802469 ], [ 99.1649934, 3.2805596 ], [ 99.165026, 3.2807027 ], [ 99.1648618, 3.2802679 ], [ 99.1649364, 3.2802469 ] ] ] ] } },
{ "type": "Feature", "properties": { "id": "EA00021183-2", "HA": 1.0 }, "geometry": { "type": "MultiPolygon", "coordinates": [ [ [ [ 99.0601217, 3.4639117 ], [ 99.0601933, 3.4633117 ], [ 99.0617317, 3.4638617 ], [ 99.061305, 3.4642883 ], [ 99.0601217, 3.4639117 ] ] ] ] } },
{ "type": "Feature", "properties": { "id": "EA00021855-1", "HA": 0.092 }, "geometry": { "type": "MultiPolygon", "coordinates": [ [ [ [ 99.01488, 2.97874 ], [ 99.0148367, 2.9786217 ], [ 99.015005, 2.97861 ], [ 99.0153, 2.978715 ], [ 99.0151217, 2.97891 ], [ 99.01488, 2.97874 ] ] ] ] } },
{ "type": "Feature", "properties": { "id": "EC00021795-1", "HA": 0.318 }, "geometry": { "type": "MultiPolygon", "coordinates": [ [ [ [ 99.0984045, 2.8032442 ], [ 99.0987071, 2.8033109 ], [ 99.0989242, 2.8038048 ], [ 99.0981811, 2.8037378 ], [ 99.0984045, 2.8032442 ] ] ] ] } },
{ "type": "Feature", "properties": { "id": "EC00025195-1", "HA": 0.117 }, "geometry": { "type": "MultiPolygon", "coordinates": [ [ [ [ 99.0032214, 3.0135468 ], [ 99.0031252, 3.0139877 ], [ 99.0028264, 3.0138645 ], [ 99.0030386, 3.0135741 ], [ 99.0032214, 3.0135468 ] ] ] ] } },
{ "type": "Feature", "properties": { "id": "ED00020987-1", "HA": 0.391 }, "geometry": { "type": "MultiPolygon", "coordinates": [ [ [ [ 99.0897998, 3.4762404 ], [ 99.0891493, 3.4760182 ], [ 99.0892056, 3.475746 ], [ 99.0892962, 3.4757621 ], [ 99.0893556, 3.475584 ], [ 99.0899573, 3.4758127 ], [ 99.0897998, 3.4762404 ] ] ] ] } },
{ "type": "Feature", "properties": { "id": "ED00022107-1", "HA": 0.386 }, "geometry": { "type": "MultiPolygon", "coordinates": [ [ [ [ 99.013835, 2.988285 ], [ 99.0137433, 2.9886717 ], [ 99.0129317, 2.9884767 ], [ 99.0131533, 2.9881017 ], [ 99.013835, 2.988285 ] ] ] ] } },
{ "type": "Feature", "properties": { "id": "ED00023804-2", "HA": 0.787 }, "geometry": { "type": "MultiPolygon", "coordinates": [ [ [ [ 99.3799467, 2.734245 ], [ 99.379665, 2.7337583 ], [ 99.3801683, 2.732985 ], [ 99.38069, 2.733705 ], [ 99.3799467, 2.734245 ] ] ] ] } },
{ "type": "Feature", "properties": { "id": "EE00021330-1", "HA": 0.102 }, "geometry": { "type": "MultiPolygon", "coordinates": [ [ [ [ 99.2084737, 3.1638893 ], [ 99.208811, 3.1637258 ], [ 99.2087972, 3.1640569 ], [ 99.2085189, 3.164086 ], [ 99.2084737, 3.1638893 ] ] ] ] } },
{ "type": "Feature", "properties": { "id": "EF00020681-1", "HA": 0.647 }, "geometry": { "type": "MultiPolygon", "coordinates": [ [ [ [ 99.0782883, 3.479035 ], [ 99.0778917, 3.4785883 ], [ 99.07766, 3.4782283 ], [ 99.0778767, 3.4780583 ], [ 99.0782183, 3.4783233 ], [ 99.0783267, 3.4782867 ], [ 99.078875, 3.4787433 ], [ 99.0782883, 3.479035 ] ] ] ] } },
{ "type": "Feature", "properties": { "id": "EF00020681-2", "HA": 0.105 }, "geometry": { "type": "MultiPolygon", "coordinates": [ [ [ [ 99.0775417, 3.4790183 ], [ 99.0771617, 3.4786883 ], [ 99.0773283, 3.4785933 ], [ 99.0776817, 3.4789267 ], [ 99.0775417, 3.4790183 ] ] ] ] } },
{ "type": "Feature", "properties": { "id": "EF00023876-1", "HA": 0.138 }, "geometry": { "type": "MultiPolygon", "coordinates": [ [ [ [ 99.0195163, 2.9941461 ], [ 99.0193806, 2.9941403 ], [ 99.019781, 2.9934151 ], [ 99.019963, 2.9933826 ], [ 99.0195163, 2.9941461 ] ] ] ] } },
{ "type": "Feature", "properties": { "id": "EG00020940-1", "HA": 0.096 }, "geometry": { "type": "MultiPolygon", "coordinates": [ [ [ [ 99.0773967, 3.484655 ], [ 99.0775667, 3.4843967 ], [ 99.0777183, 3.4845017 ], [ 99.07761, 3.48486 ], [ 99.0773967, 3.484655 ] ] ] ] } },
{ "type": "Feature", "properties": { "id": "EG00023183-1", "HA": 0.065 }, "geometry": { "type": "MultiPolygon", "coordinates": [ [ [ [ 98.9644255, 2.9224039 ], [ 98.9643297, 2.9223145 ], [ 98.9645173, 2.922146 ], [ 98.9646852, 2.9221233 ], [ 98.9648106, 2.9221073 ], [ 98.9644255, 2.9224039 ] ] ] ] } },
{ "type": "Feature", "properties": { "id": "EH00020953-5", "HA": 0.063 }, "geometry": { "type": "MultiPolygon", "coordinates": [ [ [ [ 99.0605655, 3.4653453 ], [ 99.0603864, 3.4651837 ], [ 99.0605627, 3.4649147 ], [ 99.0606255, 3.4650693 ], [ 99.0605655, 3.4653453 ] ] ] ] } },
{ "type": "Feature", "properties": { "id": "EI00022196-1", "HA": 0.128 }, "geometry": { "type": "MultiPolygon", "coordinates": [ [ [ [ 99.0137033, 3.0235583 ], [ 99.0141533, 3.0238033 ], [ 99.0140317, 3.0240267 ], [ 99.0138233, 3.023965 ], [ 99.0137033, 3.0235583 ] ] ] ] } },
{ "type": "Feature", "properties": { "id": "EI00026206-1", "HA": 0.046 }, "geometry": { "type": "MultiPolygon", "coordinates": [ [ [ [ 99.0351965, 2.9973659 ], [ 99.0351207, 2.9969502 ], [ 99.0353152, 2.9972384 ], [ 99.0353398, 2.99734 ], [ 99.0351965, 2.9973659 ] ] ] ] } },
{ "type": "Feature", "properties": { "id": "EK00022617-1", "HA": 0.039 }, "geometry": { "type": "MultiPolygon", "coordinates": [ [ [ [ 99.0444843, 2.8195075 ], [ 99.0446415, 2.8196772 ], [ 99.0446271, 2.8197691 ], [ 99.0444756, 2.8198125 ], [ 99.0444843, 2.8195075 ] ] ] ] } },
{ "type": "Feature", "properties": { "id": "EK00023029-1", "HA": 0.153 }, "geometry": { "type": "MultiPolygon", "coordinates": [ [ [ [ 99.0413767, 2.8307 ], [ 99.0410483, 2.830925 ], [ 99.0408233, 2.8306383 ], [ 99.0409317, 2.8304633 ], [ 99.0413767, 2.8307 ] ] ] ] } },
{ "type": "Feature", "properties": { "id": "EM00022620-1", "HA": 0.112 }, "geometry": { "type": "MultiPolygon", "coordinates": [ [ [ [ 99.0488433, 2.822595 ], [ 99.0491, 2.82254 ], [ 99.0493183, 2.8226233 ], [ 99.049165, 2.8229283 ], [ 99.0488433, 2.822595 ] ] ] ] } },
{ "type": "Feature", "properties": { "id": "EN00021094-1", "HA": 0.145 }, "geometry": { "type": "MultiPolygon", "coordinates": [ [ [ [ 99.0504967, 3.440675 ], [ 99.0502167, 3.4409167 ], [ 99.0500483, 3.4407267 ], [ 99.05035, 3.4403733 ], [ 99.0504967, 3.440675 ] ] ] ] } },
{ "type": "Feature", "properties": { "id": "EN00021276-1", "HA": 0.362 }, "geometry": { "type": "MultiPolygon", "coordinates": [ [ [ [ 99.2111818, 3.1666923 ], [ 99.2118934, 3.1665805 ], [ 99.2121651, 3.1669287 ], [ 99.2119245, 3.1671208 ], [ 99.2113231, 3.1668596 ], [ 99.2111444, 3.166657 ], [ 99.2111818, 3.1666923 ] ] ] ] } },
{ "type": "Feature", "properties": { "id": "EN00024540-1", "HA": 0.056 }, "geometry": { "type": "MultiPolygon", "coordinates": [ [ [ [ 98.9531133, 3.3401767 ], [ 98.9528583, 3.3403967 ], [ 98.95276, 3.3403617 ], [ 98.9528233, 3.340155 ], [ 98.9531133, 3.3401767 ] ] ] ] } },
{ "type": "Feature", "properties": { "id": "EN00024949-1", "HA": 0.255 }, "geometry": { "type": "MultiPolygon", "coordinates": [ [ [ [ 98.957255, 2.9584917 ], [ 98.95727, 2.9578517 ], [ 98.9574883, 2.9578567 ], [ 98.957655, 2.9585833 ], [ 98.957255, 2.9584917 ] ] ] ] } },
{ "type": "Feature", "properties": { "id": "EO00022278-1", "HA": 0.098 }, "geometry": { "type": "MultiPolygon", "coordinates": [ [ [ [ 99.1748333, 3.2202617 ], [ 99.1748483, 3.2200767 ], [ 99.1752617, 3.2200683 ], [ 99.175285, 3.2202533 ], [ 99.1748333, 3.2202617 ] ] ] ] } },
{ "type": "Feature", "properties": { "id": "EP00021919-1", "HA": 0.165 }, "geometry": { "type": "MultiPolygon", "coordinates": [ [ [ [ 99.0054607, 2.976739 ], [ 99.0059785, 2.9766865 ], [ 99.0060823, 2.9768911 ], [ 99.0059674, 2.97704 ], [ 99.0060574, 2.9771871 ], [ 99.0054607, 2.976739 ] ] ] ] } },
{ "type": "Feature", "properties": { "id": "EP00022152-1", "HA": 0.557 }, "geometry": { "type": "MultiPolygon", "coordinates": [ [ [ [ 99.04073, 2.8202383 ], [ 99.0413183, 2.820785 ], [ 99.0408567, 2.8212233 ], [ 99.0403667, 2.82054 ], [ 99.04073, 2.8202383 ] ] ] ] } },
{ "type": "Feature", "properties": { "id": "EP00022152-2", "HA": 0.68 }, "geometry": { "type": "MultiPolygon", "coordinates": [ [ [ [ 99.0534, 2.8320783 ], [ 99.053555, 2.8314033 ], [ 99.0544617, 2.8315817 ], [ 99.0540683, 2.832205 ], [ 99.0534, 2.8320783 ] ] ] ] } },
{ "type": "Feature", "properties": { "id": "EP00023061-1", "HA": 0.276 }, "geometry": { "type": "MultiPolygon", "coordinates": [ [ [ [ 99.05136, 2.8049333 ], [ 99.0509833, 2.8047683 ], [ 99.0510667, 2.80432 ], [ 99.0514017, 2.8041133 ], [ 99.05136, 2.8049333 ] ] ] ] } },
{ "type": "Feature", "properties": { "id": "EQ00022498-1", "HA": 0.109 }, "geometry": { "type": "MultiPolygon", "coordinates": [ [ [ [ 99.149675, 3.2094667 ], [ 99.14976, 3.2097483 ], [ 99.14945, 3.2097 ], [ 99.14926, 3.20948 ], [ 99.149675, 3.2094667 ] ] ] ] } },
{ "type": "Feature", "properties": { "id": "ER00021172-1", "HA": 0.031 }, "geometry": { "type": "MultiPolygon", "coordinates": [ [ [ [ 99.0733097, 3.4763752 ], [ 99.0732908, 3.4764647 ], [ 99.0730003, 3.476383 ], [ 99.0730663, 3.4763052 ], [ 99.0733097, 3.4763752 ] ] ] ] } },
{ "type": "Feature", "properties": { "id": "ER00021509-1", "HA": 0.047 }, "geometry": { "type": "MultiPolygon", "coordinates": [ [ [ [ 99.2153833, 3.1702 ], [ 99.2152183, 3.170175 ], [ 99.2154283, 3.1699333 ], [ 99.2155533, 3.1698867 ], [ 99.2153833, 3.1702 ] ] ] ] } },
{ "type": "Feature", "properties": { "id": "ES00022909-1", "HA": 0.248 }, "geometry": { "type": "MultiPolygon", "coordinates": [ [ [ [ 98.986995, 2.9900583 ], [ 98.986945, 2.9905933 ], [ 98.9865233, 2.9905967 ], [ 98.9865667, 2.99017 ], [ 98.986995, 2.9900583 ] ] ] ] } },
{ "type": "Feature", "properties": { "id": "ET00022274-2", "HA": 0.173 }, "geometry": { "type": "MultiPolygon", "coordinates": [ [ [ [ 99.162985, 3.213445 ], [ 99.16348, 3.21325 ], [ 99.163475, 3.2135517 ], [ 99.1632417, 3.2136917 ], [ 99.163025, 3.21364 ], [ 99.162985, 3.213445 ] ] ] ] } },
{ "type": "Feature", "properties": { "id": "ET00022328-1", "HA": 0.085 }, "geometry": { "type": "MultiPolygon", "coordinates": [ [ [ [ 99.1442317, 3.2020383 ], [ 99.144315, 3.202075 ], [ 99.1445767, 3.2025967 ], [ 99.14442, 3.202645 ], [ 99.1442317, 3.2020383 ] ] ] ] } },
{ "type": "Feature", "properties": { "id": "ET00023692-2", "HA": 0.097 }, "geometry": { "type": "MultiPolygon", "coordinates": [ [ [ [ 99.3471083, 2.65867 ], [ 99.3466567, 2.6586617 ], [ 99.3466617, 2.6585633 ], [ 99.346835, 2.65835 ], [ 99.3471083, 2.65867 ] ] ] ] } },
{ "type": "Feature", "properties": { "id": "ET00023733-1", "HA": 0.024 }, "geometry": { "type": "MultiPolygon", "coordinates": [ [ [ [ 99.3352817, 2.6618483 ], [ 99.3351233, 2.6618117 ], [ 99.3349183, 2.6618217 ], [ 99.3349317, 2.66169 ], [ 99.3352817, 2.6618483 ] ] ] ] } },
{ "type": "Feature", "properties": { "id": "EU00023073-1", "HA": 0.04 }, "geometry": { "type": "MultiPolygon", "coordinates": [ [ [ [ 98.9688017, 2.8209033 ], [ 98.968375, 2.8210617 ], [ 98.9681517, 2.8209183 ], [ 98.968465, 2.8209583 ], [ 98.9688017, 2.8209033 ] ] ] ] } },
{ "type": "Feature", "properties": { "id": "EV00021999-1", "HA": 0.123 }, "geometry": { "type": "MultiPolygon", "coordinates": [ [ [ [ 98.996745, 2.9913417 ], [ 98.9969417, 2.9917167 ], [ 98.9966283, 2.99183 ], [ 98.9965717, 2.991545 ], [ 98.996745, 2.9913417 ] ] ] ] } },
{ "type": "Feature", "properties": { "id": "EV00023249-1", "HA": 0.049 }, "geometry": { "type": "MultiPolygon", "coordinates": [ [ [ [ 99.1665733, 3.2865367 ], [ 99.1662933, 3.2865733 ], [ 99.166225, 3.2862367 ], [ 99.1662833, 3.2861667 ], [ 99.166295, 3.2863867 ], [ 99.1665733, 3.2865367 ] ] ] ] } },
{ "type": "Feature", "properties": { "id": "EW00020447-2", "HA": 0.065 }, "geometry": { "type": "MultiPolygon", "coordinates": [ [ [ [ 99.01363, 2.8179917 ], [ 99.0135733, 2.8178867 ], [ 99.0136967, 2.81759 ], [ 99.013865, 2.8177083 ], [ 99.01363, 2.8179917 ] ] ] ] } },
{ "type": "Feature", "properties": { "id": "EW00020682-2", "HA": 0.142 }, "geometry": { "type": "MultiPolygon", "coordinates": [ [ [ [ 99.0399, 3.47223 ], [ 99.0402183, 3.4717083 ], [ 99.0403867, 3.4719333 ], [ 99.0403333, 3.4720983 ], [ 99.0400633, 3.4721983 ], [ 99.0399, 3.47223 ] ] ] ] } },
{ "type": "Feature", "properties": { "id": "EW00021497-2", "HA": 0.069 }, "geometry": { "type": "MultiPolygon", "coordinates": [ [ [ [ 99.2055909, 3.1717126 ], [ 99.2052609, 3.1711029 ], [ 99.205364, 3.1710155 ], [ 99.2055773, 3.1715787 ], [ 99.2055909, 3.1717126 ] ] ] ] } },
{ "type": "Feature", "properties": { "id": "EW00022456-1", "HA": 0.177 }, "geometry": { "type": "MultiPolygon", "coordinates": [ [ [ [ 99.168495, 3.212995 ], [ 99.1690067, 3.21285 ], [ 99.168965, 3.2130017 ], [ 99.16878, 3.21346 ], [ 99.168495, 3.212995 ] ] ] ] } },
{ "type": "Feature", "properties": { "id": "EW00024986-1", "HA": 0.126 }, "geometry": { "type": "MultiPolygon", "coordinates": [ [ [ [ 99.0060383, 3.0142517 ], [ 99.0058517, 3.0134383 ], [ 99.006025, 3.01352 ], [ 99.0061467, 3.0141933 ], [ 99.0060383, 3.0142517 ] ] ] ] } },
{ "type": "Feature", "properties": { "id": "EX00020775-1", "HA": 0.091 }, "geometry": { "type": "MultiPolygon", "coordinates": [ [ [ [ 99.0674112, 3.4766999 ], [ 99.0672228, 3.4769903 ], [ 99.0670036, 3.4770364 ], [ 99.0671732, 3.4766682 ], [ 99.0674112, 3.4766999 ] ] ] ] } },
{ "type": "Feature", "properties": { "id": "EX00020775-2", "HA": 0.066 }, "geometry": { "type": "MultiPolygon", "coordinates": [ [ [ [ 99.0672551, 3.476413 ], [ 99.0672011, 3.4763372 ], [ 99.0674011, 3.4760082 ], [ 99.0675763, 3.4760365 ], [ 99.0672551, 3.476413 ] ] ] ] } },
{ "type": "Feature", "properties": { "id": "EX00021608-2", "HA": 0.238 }, "geometry": { "type": "MultiPolygon", "coordinates": [ [ [ [ 99.11733, 3.0342233 ], [ 99.1179183, 3.0341567 ], [ 99.118, 3.0344683 ], [ 99.1176817, 3.0346483 ], [ 99.11733, 3.0342233 ] ] ] ] } },
{ "type": "Feature", "properties": { "id": "EX00022289-4", "HA": 0.041 }, "geometry": { "type": "MultiPolygon", "coordinates": [ [ [ [ 99.0991966, 3.138223 ], [ 99.0991096, 3.1381328 ], [ 99.0991409, 3.1379841 ], [ 99.0993841, 3.1381087 ], [ 99.0991966, 3.138223 ] ] ] ] } },
{ "type": "Feature", "properties": { "id": "EZ00022638-1", "HA": 0.067 }, "geometry": { "type": "MultiPolygon", "coordinates": [ [ [ [ 99.0716667, 3.12115 ], [ 99.0713833, 3.1212467 ], [ 99.0714317, 3.1209983 ], [ 99.0715083, 3.1208617 ], [ 99.0716667, 3.12115 ] ] ] ] } },
{ "type": "Feature", "properties": { "id": "FA00021501-1", "HA": 0.148 }, "geometry": { "type": "MultiPolygon", "coordinates": [ [ [ [ 99.1955866, 3.1377668 ], [ 99.195919, 3.1379629 ], [ 99.1957882, 3.1382396 ], [ 99.195484, 3.138137 ], [ 99.1955866, 3.1377668 ] ] ] ] } },
{ "type": "Feature", "properties": { "id": "FE00021922-1", "HA": 0.026 }, "geometry": { "type": "MultiPolygon", "coordinates": [ [ [ [ 99.0195583, 2.9948158 ], [ 99.0194718, 2.9948572 ], [ 99.019525, 2.9945454 ], [ 99.019562, 2.9943289 ], [ 99.0195583, 2.9948158 ] ] ] ] } },
{ "type": "Feature", "properties": { "id": "FF00022181-3", "HA": 0.047 }, "geometry": { "type": "MultiPolygon", "coordinates": [ [ [ [ 99.0174088, 3.0263125 ], [ 99.0174181, 3.0260679 ], [ 99.0176287, 3.0261967 ], [ 99.0176722, 3.0262792 ], [ 99.0174088, 3.0263125 ] ] ] ] } },
{ "type": "Feature", "properties": { "id": "FF00023236-1", "HA": 0.081 }, "geometry": { "type": "MultiPolygon", "coordinates": [ [ [ [ 99.1833544, 3.2583973 ], [ 99.1830831, 3.2582313 ], [ 99.1829998, 3.2580848 ], [ 99.1831143, 3.2578855 ], [ 99.1833544, 3.2583973 ] ] ] ] } },
{ "type": "Feature", "properties": { "id": "FF00024369-2", "HA": 0.092 }, "geometry": { "type": "MultiPolygon", "coordinates": [ [ [ [ 98.9793533, 3.3851733 ], [ 98.9800283, 3.3848 ], [ 98.980125, 3.384845 ], [ 98.9795833, 3.3851833 ], [ 98.9793533, 3.3851733 ] ] ] ] } },
{ "type": "Feature", "properties": { "id": "FG00022473-1", "HA": 0.049 }, "geometry": { "type": "MultiPolygon", "coordinates": [ [ [ [ 99.1749674, 3.2185014 ], [ 99.1748958, 3.2183089 ], [ 99.1750952, 3.2182471 ], [ 99.17513, 3.2184644 ], [ 99.1749674, 3.2185014 ] ] ] ] } },
{ "type": "Feature", "properties": { "id": "FG00024800-2", "HA": 0.786 }, "geometry": { "type": "MultiPolygon", "coordinates": [ [ [ [ 99.45906, 2.5979883 ], [ 99.4598233, 2.598565 ], [ 99.4593883, 2.5990633 ], [ 99.458855, 2.5992883 ], [ 99.45906, 2.5979883 ] ] ] ] } },
{ "type": "Feature", "properties": { "id": "FH00021905-1", "HA": 0.03 }, "geometry": { "type": "MultiPolygon", "coordinates": [ [ [ [ 99.014505, 2.9786333 ], [ 99.0144117, 2.9783867 ], [ 99.0142767, 2.9781067 ], [ 99.0143883, 2.9781217 ], [ 99.014505, 2.9786333 ] ] ] ] } },
{ "type": "Feature", "properties": { "id": "FI00020920-1", "HA": 0.133 }, "geometry": { "type": "MultiPolygon", "coordinates": [ [ [ [ 99.0766286, 3.4775465 ], [ 99.0769448, 3.4772937 ], [ 99.0771542, 3.4773457 ], [ 99.0768032, 3.4777601 ], [ 99.0766286, 3.4775465 ] ] ] ] } },
{ "type": "Feature", "properties": { "id": "FI00021399-1", "HA": 0.106 }, "geometry": { "type": "MultiPolygon", "coordinates": [ [ [ [ 99.0184761, 2.9641453 ], [ 99.018226, 2.9641821 ], [ 99.0181363, 2.9639608 ], [ 99.0185557, 2.9638529 ], [ 99.0184761, 2.9641453 ] ] ] ] } },
{ "type": "Feature", "properties": { "id": "FI00025015-1", "HA": 0.172 }, "geometry": { "type": "MultiPolygon", "coordinates": [ [ [ [ 98.942715, 2.95872 ], [ 98.9423883, 2.9586433 ], [ 98.9424433, 2.9583067 ], [ 98.9428667, 2.95834 ], [ 98.942715, 2.95872 ] ] ] ] } },
{ "type": "Feature", "properties": { "id": "FJ00020963-1", "HA": 0.379 }, "geometry": { "type": "MultiPolygon", "coordinates": [ [ [ [ 99.0841767, 3.4706667 ], [ 99.0839467, 3.4704383 ], [ 99.0837417, 3.47072 ], [ 99.0835383, 3.47068 ], [ 99.0837283, 3.4700533 ], [ 99.08436, 3.4702433 ], [ 99.0841767, 3.4706667 ] ] ] ] } },
{ "type": "Feature", "properties": { "id": "FJ00021484-1", "HA": 0.165 }, "geometry": { "type": "MultiPolygon", "coordinates": [ [ [ [ 99.1921011, 3.1424414 ], [ 99.1911137, 3.1424067 ], [ 99.1911921, 3.1422594 ], [ 99.1919798, 3.1422846 ], [ 99.1921011, 3.1424414 ] ] ] ] } },
{ "type": "Feature", "properties": { "id": "FJ00022288-1", "HA": 0.23 }, "geometry": { "type": "MultiPolygon", "coordinates": [ [ [ [ 99.1546783, 3.2052917 ], [ 99.1553733, 3.2052483 ], [ 99.1554983, 3.20552 ], [ 99.1546883, 3.2055133 ], [ 99.1546783, 3.2052917 ] ] ] ] } },
{ "type": "Feature", "properties": { "id": "FJ00025904-1", "HA": 0.328 }, "geometry": { "type": "MultiPolygon", "coordinates": [ [ [ [ 99.0270817, 3.00708 ], [ 99.0269617, 3.0067217 ], [ 99.0274733, 3.006325 ], [ 99.0275217, 3.0070067 ], [ 99.0270817, 3.00708 ] ] ] ] } },
{ "type": "Feature", "properties": { "id": "FK00023219-1", "HA": 0.098 }, "geometry": { "type": "MultiPolygon", "coordinates": [ [ [ [ 99.167815, 3.2496683 ], [ 99.1681533, 3.2497217 ], [ 99.1682167, 3.249795 ], [ 99.1681533, 3.2498667 ], [ 99.1681683, 3.2500567 ], [ 99.1680733, 3.2500667 ], [ 99.167815, 3.2496683 ] ] ] ] } },
{ "type": "Feature", "properties": { "id": "FK00026495-2", "HA": 0.028 }, "geometry": { "type": "MultiPolygon", "coordinates": [ [ [ [ 99.0461117, 3.00739 ], [ 99.046235, 3.0074233 ], [ 99.0461567, 3.00768 ], [ 99.046105, 3.007605 ], [ 99.0461117, 3.00739 ] ] ] ] } },
{ "type": "Feature", "properties": { "id": "FM00021867-1", "HA": 0.042 }, "geometry": { "type": "MultiPolygon", "coordinates": [ [ [ [ 99.0103567, 2.9799017 ], [ 99.01035, 2.9797133 ], [ 99.0104767, 2.9795983 ], [ 99.0105783, 2.9798367 ], [ 99.0105, 2.9797867 ], [ 99.0103567, 2.9799017 ] ] ] ] } },
{ "type": "Feature", "properties": { "id": "FN00022095-2", "HA": 0.147 }, "geometry": { "type": "MultiPolygon", "coordinates": [ [ [ [ 99.0061333, 2.9842333 ], [ 99.00607, 2.9844233 ], [ 99.0057417, 2.984375 ], [ 99.0056583, 2.9843367 ], [ 99.0057067, 2.9840183 ], [ 99.0061333, 2.9842333 ] ] ] ] } },
{ "type": "Feature", "properties": { "id": "FN00022214-1", "HA": 0.189 }, "geometry": { "type": "MultiPolygon", "coordinates": [ [ [ [ 99.0156971, 3.0303363 ], [ 99.0161448, 3.0302548 ], [ 99.0162549, 3.0304602 ], [ 99.0160294, 3.0306201 ], [ 99.0157795, 3.0306762 ], [ 99.0156971, 3.0303363 ] ] ] ] } },
{ "type": "Feature", "properties": { "id": "FN00023356-1", "HA": 0.049 }, "geometry": { "type": "MultiPolygon", "coordinates": [ [ [ [ 98.9598168, 3.130132 ], [ 98.9598087, 3.130065 ], [ 98.9598896, 3.1296906 ], [ 98.9600584, 3.1296422 ], [ 98.9598168, 3.130132 ] ] ] ] } },
{ "type": "Feature", "properties": { "id": "FN00023523-2", "HA": 0.014 }, "geometry": { "type": "MultiPolygon", "coordinates": [ [ [ [ 99.0566117, 3.4413 ], [ 99.056325, 3.4407367 ], [ 99.0563833, 3.44082 ], [ 99.0564467, 3.4408917 ], [ 99.0566117, 3.4413 ] ] ] ] } },
{ "type": "Feature", "properties": { "id": "FO00022852-2", "HA": 0.139 }, "geometry": { "type": "MultiPolygon", "coordinates": [ [ [ [ 98.98772, 2.9874733 ], [ 98.9878633, 2.98702 ], [ 98.98819, 2.9874017 ], [ 98.9878217, 2.9875067 ], [ 98.98772, 2.9874733 ] ] ] ] } },
{ "type": "Feature", "properties": { "id": "FO00023505-1", "HA": 0.034 }, "geometry": { "type": "MultiPolygon", "coordinates": [ [ [ [ 99.0214083, 3.4908167 ], [ 99.0213533, 3.4909267 ], [ 99.0211617, 3.4907517 ], [ 99.0212417, 3.4906733 ], [ 99.0214083, 3.4908167 ] ] ] ] } },
{ "type": "Feature", "properties": { "id": "FP00022955-1", "HA": 3.331 }, "geometry": { "type": "MultiPolygon", "coordinates": [ [ [ [ 99.7876567, 1.9798583 ], [ 99.7886433, 1.9799633 ], [ 99.7878883, 1.9810067 ], [ 99.787455, 1.9813417 ], [ 99.78647, 1.9814767 ], [ 99.7866667, 1.9795983 ], [ 99.7873283, 1.9794617 ], [ 99.787635, 1.97959 ], [ 99.7876567, 1.9798583 ] ] ] ] } },
{ "type": "Feature", "properties": { "id": "FP00022955-2", "HA": 2.166 }, "geometry": { "type": "MultiPolygon", "coordinates": [ [ [ [ 99.7889217, 1.97895 ], [ 99.78861, 1.9779133 ], [ 99.7886467, 1.9775867 ], [ 99.7893967, 1.9774 ], [ 99.789495, 1.9775633 ], [ 99.7903917, 1.9774883 ], [ 99.7904167, 1.9779317 ], [ 99.790345, 1.9781067 ], [ 99.7889217, 1.97895 ] ] ] ] } },
{ "type": "Feature", "properties": { "id": "FP00022955-3", "HA": 13.144 }, "geometry": { "type": "MultiPolygon", "coordinates": [ [ [ [ 99.763995, 1.95694 ], [ 99.76185, 1.9585117 ], [ 99.7598567, 1.951515 ], [ 99.7585917, 1.9490767 ], [ 99.763995, 1.95694 ] ] ] ] } },
{ "type": "Feature", "properties": { "id": "FQ00021393-1", "HA": 0.247 }, "geometry": { "type": "MultiPolygon", "coordinates": [ [ [ [ 99.0076383, 2.989875 ], [ 99.007155, 2.9905417 ], [ 99.006915, 2.990315 ], [ 99.0073633, 2.9898583 ], [ 99.0076383, 2.989875 ] ] ] ] } },
{ "type": "Feature", "properties": { "id": "FR00020777-1", "HA": 0.107 }, "geometry": { "type": "MultiPolygon", "coordinates": [ [ [ [ 99.0727967, 3.4703433 ], [ 99.072675, 3.4701883 ], [ 99.07289, 3.469905 ], [ 99.0731667, 3.4697533 ], [ 99.0727967, 3.4703433 ] ] ] ] } },
{ "type": "Feature", "properties": { "id": "FS00022879-1", "HA": 0.078 }, "geometry": { "type": "MultiPolygon", "coordinates": [ [ [ [ 99.0358333, 2.8267189 ], [ 99.0362308, 2.8270552 ], [ 99.0360322, 2.8271536 ], [ 99.0358756, 2.8269445 ], [ 99.0358782, 2.8268232 ], [ 99.0358333, 2.8267189 ] ] ] ] } },
{ "type": "Feature", "properties": { "id": "FS00023125-1", "HA": 0.049 }, "geometry": { "type": "MultiPolygon", "coordinates": [ [ [ [ 99.1732583, 3.2744667 ], [ 99.17306, 3.27443 ], [ 99.1731333, 3.274155 ], [ 99.1732183, 3.27419 ], [ 99.1732583, 3.2744667 ] ] ] ] } },
{ "type": "Feature", "properties": { "id": "FT00021241-2", "HA": 0.023 }, "geometry": { "type": "MultiPolygon", "coordinates": [ [ [ [ 99.2082668, 3.165998 ], [ 99.2080774, 3.1661027 ], [ 99.2079781, 3.1660922 ], [ 99.207912, 3.166026 ], [ 99.2082668, 3.165998 ] ] ] ] } },
{ "type": "Feature", "properties": { "id": "FT00022679-1", "HA": 0.336 }, "geometry": { "type": "MultiPolygon", "coordinates": [ [ [ [ 99.0083883, 2.8126383 ], [ 99.0095967, 2.8137183 ], [ 99.0096, 2.8137 ], [ 99.0097183, 2.8142767 ], [ 99.0083883, 2.8126383 ] ] ] ] } },
{ "type": "Feature", "properties": { "id": "FU00022636-1", "HA": 0.067 }, "geometry": { "type": "MultiPolygon", "coordinates": [ [ [ [ 99.722755, 2.8813933 ], [ 99.7229367, 2.8816883 ], [ 99.7230167, 2.88195 ], [ 99.7227767, 2.881765 ], [ 99.722755, 2.8813933 ] ] ] ] } },
{ "type": "Feature", "properties": { "id": "FU00023060-1", "HA": 0.011 }, "geometry": { "type": "MultiPolygon", "coordinates": [ [ [ [ 98.9696367, 2.8211733 ], [ 98.9696017, 2.8209283 ], [ 98.9696633, 2.8210017 ], [ 98.9696833, 2.82109 ], [ 98.9696367, 2.8211733 ] ] ] ] } },
{ "type": "Feature", "properties": { "id": "FV00023342-1", "HA": 0.04 }, "geometry": { "type": "MultiPolygon", "coordinates": [ [ [ [ 99.10231, 3.2962583 ], [ 99.1021083, 3.29613 ], [ 99.1020417, 3.2959583 ], [ 99.1021033, 3.29588 ], [ 99.10231, 3.2962583 ] ] ] ] } },
{ "type": "Feature", "properties": { "id": "FW00020948-1", "HA": 0.184 }, "geometry": { "type": "MultiPolygon", "coordinates": [ [ [ [ 99.0619997, 3.4840445 ], [ 99.0612994, 3.4846831 ], [ 99.0610377, 3.4844942 ], [ 99.0613431, 3.4843919 ], [ 99.0614805, 3.4842857 ], [ 99.0620738, 3.4839788 ], [ 99.0619997, 3.4840445 ] ] ] ] } },
{ "type": "Feature", "properties": { "id": "FW00022183-2", "HA": 0.552 }, "geometry": { "type": "MultiPolygon", "coordinates": [ [ [ [ 99.0127383, 3.0396083 ], [ 99.0130483, 3.0384533 ], [ 99.0131333, 3.0384117 ], [ 99.0134233, 3.0388067 ], [ 99.01321, 3.03937 ], [ 99.0130133, 3.0396717 ], [ 99.0127383, 3.0396083 ] ] ] ] } },
{ "type": "Feature", "properties": { "id": "FW00023352-1", "HA": 0.123 }, "geometry": { "type": "MultiPolygon", "coordinates": [ [ [ [ 99.10137, 3.2966883 ], [ 99.1008183, 3.296625 ], [ 99.1008917, 3.29645 ], [ 99.1011633, 3.29638 ], [ 99.10137, 3.2966883 ] ] ] ] } },
{ "type": "Feature", "properties": { "id": "FX00021817-1", "HA": 0.24 }, "geometry": { "type": "MultiPolygon", "coordinates": [ [ [ [ 99.1195633, 2.780395 ], [ 99.1198767, 2.77998 ], [ 99.12012, 2.7799783 ], [ 99.11994, 2.780635 ], [ 99.1195633, 2.780395 ] ] ] ] } },
{ "type": "Feature", "properties": { "id": "FY00020763-1", "HA": 0.143 }, "geometry": { "type": "MultiPolygon", "coordinates": [ [ [ [ 99.0322213, 3.450883 ], [ 99.0322014, 3.4506797 ], [ 99.0328282, 3.4499806 ], [ 99.0328767, 3.4500603 ], [ 99.0322213, 3.450883 ] ] ] ] } },
{ "type": "Feature", "properties": { "id": "FY00020763-3", "HA": 0.031 }, "geometry": { "type": "MultiPolygon", "coordinates": [ [ [ [ 99.0386614, 3.4554926 ], [ 99.0385197, 3.4558349 ], [ 99.0384296, 3.4558081 ], [ 99.0385701, 3.455549 ], [ 99.0386614, 3.4554926 ] ] ] ] } },
{ "type": "Feature", "properties": { "id": "FY00022609-1", "HA": 0.025 }, "geometry": { "type": "MultiPolygon", "coordinates": [ [ [ [ 99.0220933, 2.81868 ], [ 99.02193, 2.8188367 ], [ 99.0218383, 2.818865 ], [ 99.0218083, 2.8187683 ], [ 99.0220933, 2.81868 ] ] ] ] } },
{ "type": "Feature", "properties": { "id": "FZ00021937-2", "HA": 0.431 }, "geometry": { "type": "MultiPolygon", "coordinates": [ [ [ [ 99.0434824, 2.9901262 ], [ 99.0442443, 2.990188 ], [ 99.0443726, 2.990408 ], [ 99.0442056, 2.9906042 ], [ 99.043303, 2.9904506 ], [ 99.0434824, 2.9901262 ] ] ] ] } },
{ "type": "Feature", "properties": { "id": "FZ00023040-1", "HA": 0.09 }, "geometry": { "type": "MultiPolygon", "coordinates": [ [ [ [ 99.078785, 2.8095683 ], [ 99.0790317, 2.8098167 ], [ 99.07857, 2.8099533 ], [ 99.0786367, 2.8098467 ], [ 99.078785, 2.8095683 ] ] ] ] } },
{ "type": "Feature", "properties": { "id": "FZ00023243-1", "HA": 0.031 }, "geometry": { "type": "MultiPolygon", "coordinates": [ [ [ [ 99.1769433, 3.2596633 ], [ 99.1769783, 3.2595117 ], [ 99.1768367, 3.259305 ], [ 99.177065, 3.25933 ], [ 99.1769433, 3.2596633 ] ] ] ] } },
{ "type": "Feature", "properties": { "id": "FZ00026086-1", "HA": 0.037 }, "geometry": { "type": "MultiPolygon", "coordinates": [ [ [ [ 99.0333457, 3.0044622 ], [ 99.032999, 3.0044868 ], [ 99.0330613, 3.004348 ], [ 99.0333928, 3.0044347 ], [ 99.0333457, 3.0044622 ] ] ] ] } },
{ "type": "Feature", "properties": { "id": "GA00023728-2", "HA": 0.032 }, "geometry": { "type": "MultiPolygon", "coordinates": [ [ [ [ 99.3469135, 2.6587482 ], [ 99.3470849, 2.6588049 ], [ 99.3469542, 2.6589641 ], [ 99.3468666, 2.658941 ], [ 99.3469135, 2.6587482 ] ] ] ] } },
{ "type": "Feature", "properties": { "id": "GA00024773-1", "HA": 0.032 }, "geometry": { "type": "MultiPolygon", "coordinates": [ [ [ [ 98.197255, 3.4559633 ], [ 98.197435, 3.4559783 ], [ 98.19737, 3.4561467 ], [ 98.1972983, 3.4562117 ], [ 98.197255, 3.4559633 ] ] ] ] } },
{ "type": "Feature", "properties": { "id": "GB00025832-1", "HA": 0.01 }, "geometry": { "type": "MultiPolygon", "coordinates": [ [ [ [ 99.0024706, 2.8055773 ], [ 99.002109, 2.805396 ], [ 99.0023953, 2.8055196 ], [ 99.0024762, 2.8054602 ], [ 99.0024706, 2.8055773 ] ] ] ] } },
{ "type": "Feature", "properties": { "id": "GC00022653-1", "HA": 0.162 }, "geometry": { "type": "MultiPolygon", "coordinates": [ [ [ [ 99.0100175, 2.8098339 ], [ 99.0098298, 2.809453 ], [ 99.0101892, 2.8093779 ], [ 99.0103594, 2.8095772 ], [ 99.0100175, 2.8098339 ] ] ] ] } },
{ "type": "Feature", "properties": { "id": "GC00023706-1", "HA": 0.136 }, "geometry": { "type": "MultiPolygon", "coordinates": [ [ [ [ 99.3547952, 2.6613164 ], [ 99.3551233, 2.6613241 ], [ 99.3553698, 2.6612601 ], [ 99.3551693, 2.6617051 ], [ 99.3547952, 2.6613164 ] ] ] ] } },
{ "type": "Feature", "properties": { "id": "GC00027300-2", "HA": 0.238 }, "geometry": { "type": "MultiPolygon", "coordinates": [ [ [ [ 99.0599083, 2.8171867 ], [ 99.0605983, 2.8178 ], [ 99.06054, 2.81796 ], [ 99.0597717, 2.8174 ], [ 99.0599083, 2.8171867 ] ] ] ] } },
{ "type": "Feature", "properties": { "id": "GD00021285-1", "HA": 0.132 }, "geometry": { "type": "MultiPolygon", "coordinates": [ [ [ [ 99.20647, 3.1745917 ], [ 99.2065183, 3.1748033 ], [ 99.206525, 3.1751033 ], [ 99.20613, 3.1751017 ], [ 99.20647, 3.1745917 ] ] ] ] } },
{ "type": "Feature", "properties": { "id": "GE00020773-1", "HA": 0.038 }, "geometry": { "type": "MultiPolygon", "coordinates": [ [ [ [ 99.0603833, 3.4848283 ], [ 99.06033, 3.4849033 ], [ 99.06001, 3.4847417 ], [ 99.0600767, 3.4846767 ], [ 99.0603833, 3.4848283 ] ] ] ] } },
{ "type": "Feature", "properties": { "id": "GF00024237-1", "HA": 0.119 }, "geometry": { "type": "MultiPolygon", "coordinates": [ [ [ [ 98.9673967, 3.37767 ], [ 98.9676983, 3.37728 ], [ 98.96788, 3.3773817 ], [ 98.967715, 3.37767 ], [ 98.9673967, 3.37767 ] ] ] ] } },
{ "type": "Feature", "properties": { "id": "GF00026303-1", "HA": 0.145 }, "geometry": { "type": "MultiPolygon", "coordinates": [ [ [ [ 99.1486067, 3.22537 ], [ 99.1483733, 3.2252067 ], [ 99.1486317, 3.2248233 ], [ 99.1488217, 3.2248283 ], [ 99.1486067, 3.22537 ] ] ] ] } },
{ "type": "Feature", "properties": { "id": "GG00020988-1", "HA": 0.15 }, "geometry": { "type": "MultiPolygon", "coordinates": [ [ [ [ 99.0963635, 3.4881536 ], [ 99.0974109, 3.4891495 ], [ 99.0973397, 3.4892746 ], [ 99.0963246, 3.4881525 ], [ 99.0963635, 3.4881536 ] ] ] ] } },
{ "type": "Feature", "properties": { "id": "GG00025014-1", "HA": 0.205 }, "geometry": { "type": "MultiPolygon", "coordinates": [ [ [ [ 98.95887, 2.9608583 ], [ 98.9593317, 2.9608183 ], [ 98.9593933, 2.9610867 ], [ 98.9591417, 2.9613733 ], [ 98.95887, 2.9608583 ] ] ] ] } },
{ "type": "Feature", "properties": { "id": "GH00021603-1", "HA": 0.251 }, "geometry": { "type": "MultiPolygon", "coordinates": [ [ [ [ 99.12652, 2.80176 ], [ 99.126995, 2.8019 ], [ 99.1267883, 2.8023333 ], [ 99.126355, 2.802055 ], [ 99.12652, 2.80176 ] ] ] ] } },
{ "type": "Feature", "properties": { "id": "GI00021764-3", "HA": 0.107 }, "geometry": { "type": "MultiPolygon", "coordinates": [ [ [ [ 99.1240072, 2.8159218 ], [ 99.1237383, 2.8157416 ], [ 99.1238948, 2.8155176 ], [ 99.124157, 2.8156966 ], [ 99.1240072, 2.8159218 ] ] ] ] } },
{ "type": "Feature", "properties": { "id": "GI00022843-2", "HA": 0.035 }, "geometry": { "type": "MultiPolygon", "coordinates": [ [ [ [ 99.0150567, 2.8208267 ], [ 99.0148533, 2.8207167 ], [ 99.01492, 2.8206533 ], [ 99.0151933, 2.8207367 ], [ 99.0150567, 2.8208267 ] ] ] ] } },
{ "type": "Feature", "properties": { "id": "GJ00023874-1", "HA": 0.022 }, "geometry": { "type": "MultiPolygon", "coordinates": [ [ [ [ 99.0151682, 2.976366 ], [ 99.0150049, 2.9763584 ], [ 99.0150147, 2.9762621 ], [ 99.0150678, 2.976169 ], [ 99.0151682, 2.976366 ] ] ] ] } },
{ "type": "Feature", "properties": { "id": "GK00020647-1", "HA": 0.315 }, "geometry": { "type": "MultiPolygon", "coordinates": [ [ [ [ 99.07979, 3.4788417 ], [ 99.0792533, 3.4782667 ], [ 99.0794233, 3.4780517 ], [ 99.08007, 3.4786267 ], [ 99.07979, 3.4788417 ] ] ] ] } },
{ "type": "Feature", "properties": { "id": "GL00026034-1", "HA": 0.112 }, "geometry": { "type": "MultiPolygon", "coordinates": [ [ [ [ 99.0248371, 3.006908 ], [ 99.0249821, 3.0070585 ], [ 99.0250773, 3.0074478 ], [ 99.0248038, 3.0074159 ], [ 99.0248371, 3.006908 ] ] ] ] } },
{ "type": "Feature", "properties": { "id": "GL00026334-1", "HA": 0.141 }, "geometry": { "type": "MultiPolygon", "coordinates": [ [ [ [ 99.0069433, 2.9980633 ], [ 99.0070267, 2.9978933 ], [ 99.0076883, 2.9980167 ], [ 99.0075667, 2.9981667 ], [ 99.0069433, 2.9980633 ] ] ] ] } },
{ "type": "Feature", "properties": { "id": "GM00023880-1", "HA": 0.019 }, "geometry": { "type": "MultiPolygon", "coordinates": [ [ [ [ 99.009196, 3.0036573 ], [ 99.0093557, 3.0033524 ], [ 99.0093416, 3.0034535 ], [ 99.0093312, 3.0035955 ], [ 99.009196, 3.0036573 ] ] ] ] } },
{ "type": "Feature", "properties": { "id": "GN00021093-1", "HA": 0.175 }, "geometry": { "type": "MultiPolygon", "coordinates": [ [ [ [ 99.0540667, 3.4333567 ], [ 99.0549333, 3.4325333 ], [ 99.0549067, 3.432255 ], [ 99.0549883, 3.43221 ], [ 99.055475, 3.4323467 ], [ 99.05552, 3.43243 ], [ 99.0551533, 3.4323333 ], [ 99.0541617, 3.4333867 ], [ 99.0540667, 3.4333567 ] ] ] ] } },
{ "type": "Feature", "properties": { "id": "GN00022544-1", "HA": 0.172 }, "geometry": { "type": "MultiPolygon", "coordinates": [ [ [ [ 99.1445733, 3.2084417 ], [ 99.1444067, 3.20896 ], [ 99.1441517, 3.2089083 ], [ 99.144205, 3.20852 ], [ 99.1445733, 3.2084417 ] ] ] ] } },
{ "type": "Feature", "properties": { "id": "GO00021553-1", "HA": 0.149 }, "geometry": { "type": "MultiPolygon", "coordinates": [ [ [ [ 99.0989183, 3.02006 ], [ 99.0988817, 3.0198817 ], [ 99.09942, 3.01991 ], [ 99.0995117, 3.0201767 ], [ 99.0989183, 3.02006 ] ] ] ] } },
{ "type": "Feature", "properties": { "id": "GO00021893-1", "HA": 0.254 }, "geometry": { "type": "MultiPolygon", "coordinates": [ [ [ [ 99.16523, 2.8150867 ], [ 99.16528, 2.8144383 ], [ 99.165615, 2.8144583 ], [ 99.1656533, 2.8149017 ], [ 99.16523, 2.8150867 ] ] ] ] } },
{ "type": "Feature", "properties": { "id": "GP00023343-1", "HA": 0.136 }, "geometry": { "type": "MultiPolygon", "coordinates": [ [ [ [ 99.10336, 3.296415 ], [ 99.1034283, 3.2962317 ], [ 99.103875, 3.2963183 ], [ 99.1038133, 3.29659 ], [ 99.10336, 3.296415 ] ] ] ] } },
{ "type": "Feature", "properties": { "id": "GQ00022267-1", "HA": 0.157 }, "geometry": { "type": "MultiPolygon", "coordinates": [ [ [ [ 99.1642867, 3.21983 ], [ 99.16468, 3.2192567 ], [ 99.1648067, 3.2194517 ], [ 99.1644767, 3.219895 ], [ 99.1642867, 3.21983 ] ] ] ] } },
{ "type": "Feature", "properties": { "id": "GQ00024558-1", "HA": 0.036 }, "geometry": { "type": "MultiPolygon", "coordinates": [ [ [ [ 98.9707359, 3.3771667 ], [ 98.9702802, 3.3769599 ], [ 98.9701809, 3.3768999 ], [ 98.9702554, 3.3768417 ], [ 98.9707359, 3.3771667 ] ] ] ] } },
{ "type": "Feature", "properties": { "id": "GQ00025806-1", "HA": 0.038 }, "geometry": { "type": "MultiPolygon", "coordinates": [ [ [ [ 99.0856283, 2.8090833 ], [ 99.0858633, 2.8091083 ], [ 99.0859517, 2.809245 ], [ 99.08593, 2.809335 ], [ 99.0856283, 2.8090833 ] ] ] ] } },
{ "type": "Feature", "properties": { "id": "GS00024211-1", "HA": 0.092 }, "geometry": { "type": "MultiPolygon", "coordinates": [ [ [ [ 99.1223317, 2.8037383 ], [ 99.12205, 2.8032533 ], [ 99.1222183, 2.8032467 ], [ 99.1224233, 2.8035583 ], [ 99.1223317, 2.8037383 ] ] ] ] } },
{ "type": "Feature", "properties": { "id": "GT00027301-2", "HA": 0.188 }, "geometry": { "type": "MultiPolygon", "coordinates": [ [ [ [ 99.0772, 2.7944517 ], [ 99.07756, 2.794535 ], [ 99.077595, 2.7948433 ], [ 99.07707, 2.794825 ], [ 99.0772, 2.7944517 ] ] ] ] } },
{ "type": "Feature", "properties": { "id": "GU00022839-1", "HA": 0.049 }, "geometry": { "type": "MultiPolygon", "coordinates": [ [ [ [ 99.0490267, 2.8161967 ], [ 99.0492217, 2.8163317 ], [ 99.0489433, 2.8163717 ], [ 99.0487917, 2.8162817 ], [ 99.0490267, 2.8161967 ] ] ] ] } },
{ "type": "Feature", "properties": { "id": "GU00026210-1", "HA": 0.053 }, "geometry": { "type": "MultiPolygon", "coordinates": [ [ [ [ 99.0030267, 3.002325 ], [ 99.0027233, 3.0021317 ], [ 99.0028067, 3.0020817 ], [ 99.003095, 3.0021533 ], [ 99.0030267, 3.002325 ] ] ] ] } },
{ "type": "Feature", "properties": { "id": "GV00021404-1", "HA": 0.227 }, "geometry": { "type": "MultiPolygon", "coordinates": [ [ [ [ 99.00972, 2.9755233 ], [ 99.0105533, 2.9754933 ], [ 99.0102383, 2.9758133 ], [ 99.0101517, 2.975855 ], [ 99.0098317, 2.97576 ], [ 99.00972, 2.9755233 ] ] ] ] } },
{ "type": "Feature", "properties": { "id": "GV00021733-1", "HA": 0.044 }, "geometry": { "type": "MultiPolygon", "coordinates": [ [ [ [ 99.1642933, 2.8210733 ], [ 99.16395, 2.8209617 ], [ 99.1636633, 2.8208533 ], [ 99.1636717, 2.8207517 ], [ 99.1642933, 2.8210733 ] ] ] ] } },
{ "type": "Feature", "properties": { "id": "GV00025791-1", "HA": 0.092 }, "geometry": { "type": "MultiPolygon", "coordinates": [ [ [ [ 99.0307053, 2.824466 ], [ 99.0311523, 2.8244621 ], [ 99.0312474, 2.8246748 ], [ 99.0308462, 2.8246208 ], [ 99.0307053, 2.824466 ] ] ] ] } },
{ "type": "Feature", "properties": { "id": "GW00022067-2", "HA": 0.025 }, "geometry": { "type": "MultiPolygon", "coordinates": [ [ [ [ 99.0160617, 2.9846067 ], [ 99.01588, 2.98477 ], [ 99.0158417, 2.9846867 ], [ 99.0160833, 2.9845133 ], [ 99.0160617, 2.9846067 ] ] ] ] } },
{ "type": "Feature", "properties": { "id": "GW00022664-1", "HA": 0.098 }, "geometry": { "type": "MultiPolygon", "coordinates": [ [ [ [ 99.0033251, 2.8076187 ], [ 99.0035587, 2.8073341 ], [ 99.0037197, 2.8073019 ], [ 99.0038431, 2.8075111 ], [ 99.0033251, 2.8076187 ] ] ] ] } },
{ "type": "Feature", "properties": { "id": "GW00022996-1", "HA": 0.094 }, "geometry": { "type": "MultiPolygon", "coordinates": [ [ [ [ 99.0490633, 2.81991 ], [ 99.0491683, 2.8205017 ], [ 99.048915, 2.8203783 ], [ 99.04897, 2.820095 ], [ 99.0490633, 2.81991 ] ] ] ] } },
{ "type": "Feature", "properties": { "id": "GX00021594-2", "HA": 0.288 }, "geometry": { "type": "MultiPolygon", "coordinates": [ [ [ [ 99.1220167, 2.8001717 ], [ 99.1219917, 2.7998533 ], [ 99.1222317, 2.79978 ], [ 99.122755, 2.7996433 ], [ 99.1226733, 2.7999933 ], [ 99.1220167, 2.8001717 ] ] ] ] } },
{ "type": "Feature", "properties": { "id": "GX00022478-2", "HA": 0.066 }, "geometry": { "type": "MultiPolygon", "coordinates": [ [ [ [ 99.08603, 3.1078467 ], [ 99.0858617, 3.1083833 ], [ 99.085705, 3.1085633 ], [ 99.08567, 3.108475 ], [ 99.08603, 3.1078467 ] ] ] ] } },
{ "type": "Feature", "properties": { "id": "GY00022893-1", "HA": 0.081 }, "geometry": { "type": "MultiPolygon", "coordinates": [ [ [ [ 99.0059733, 2.7803667 ], [ 99.0061617, 2.7802083 ], [ 99.0063433, 2.7801917 ], [ 99.0063783, 2.78046 ], [ 99.0059733, 2.7803667 ] ] ] ] } },
{ "type": "Feature", "properties": { "id": "GY00023075-2", "HA": 0.007 }, "geometry": { "type": "MultiPolygon", "coordinates": [ [ [ [ 99.014935, 2.8181533 ], [ 99.014925, 2.8180833 ], [ 99.01494, 2.8179383 ], [ 99.01499, 2.817575 ], [ 99.014935, 2.8181533 ] ] ] ] } },
{ "type": "Feature", "properties": { "id": "GY00024838-1", "HA": 0.09 }, "geometry": { "type": "MultiPolygon", "coordinates": [ [ [ [ 98.1588658, 3.4438345 ], [ 98.1588456, 3.4434494 ], [ 98.1591892, 3.4433295 ], [ 98.1589945, 3.4436717 ], [ 98.1588658, 3.4438345 ] ] ] ] } },
{ "type": "Feature", "properties": { "id": "GZ00020964-1", "HA": 0.135 }, "geometry": { "type": "MultiPolygon", "coordinates": [ [ [ [ 99.056795, 3.4640917 ], [ 99.05738, 3.464525 ], [ 99.057225, 3.4646333 ], [ 99.0567833, 3.464285 ], [ 99.056795, 3.4640917 ] ] ] ] } },
{ "type": "Feature", "properties": { "id": "GZ00021331-1", "HA": 0.267 }, "geometry": { "type": "MultiPolygon", "coordinates": [ [ [ [ 99.2063645, 3.1744315 ], [ 99.2063703, 3.1746462 ], [ 99.2060545, 3.1751207 ], [ 99.2057391, 3.1746459 ], [ 99.2063645, 3.1744315 ] ] ] ] } },
{ "type": "Feature", "properties": { "id": "HA00022657-3", "HA": 0.077 }, "geometry": { "type": "MultiPolygon", "coordinates": [ [ [ [ 99.015445, 2.818425 ], [ 99.01572, 2.81846 ], [ 99.0155667, 2.8187333 ], [ 99.015375, 2.818615 ], [ 99.015445, 2.818425 ] ] ] ] } },
{ "type": "Feature", "properties": { "id": "HB00021283-1", "HA": 0.013 }, "geometry": { "type": "MultiPolygon", "coordinates": [ [ [ [ 99.2093067, 3.1667783 ], [ 99.209385, 3.16683 ], [ 99.2093683, 3.1669267 ], [ 99.209235, 3.1668017 ], [ 99.2093067, 3.1667783 ] ] ] ] } },
{ "type": "Feature", "properties": { "id": "HC00021954-1", "HA": 0.092 }, "geometry": { "type": "MultiPolygon", "coordinates": [ [ [ [ 99.187585, 2.8128617 ], [ 99.1875217, 2.8127933 ], [ 99.1878167, 2.812655 ], [ 99.1882117, 2.8128217 ], [ 99.187585, 2.8128617 ] ] ] ] } },
{ "type": "Feature", "properties": { "id": "HC00023265-1", "HA": 0.053 }, "geometry": { "type": "MultiPolygon", "coordinates": [ [ [ [ 99.1634312, 3.2622168 ], [ 99.1632167, 3.2628419 ], [ 99.163127, 3.2628693 ], [ 99.1632766, 3.2624304 ], [ 99.1634312, 3.2622168 ] ] ] ] } },
{ "type": "Feature", "properties": { "id": "HC00025799-1", "HA": 0.198 }, "geometry": { "type": "MultiPolygon", "coordinates": [ [ [ [ 99.0860767, 2.80851 ], [ 99.0858517, 2.8088733 ], [ 99.085665, 2.8087433 ], [ 99.0857983, 2.80812 ], [ 99.0860767, 2.80851 ] ] ] ] } },
{ "type": "Feature", "properties": { "id": "HD00018502-1", "HA": 3150.122 }, "geometry": { "type": "MultiPolygon", "coordinates": [ [ [ [ 99.9337671, 1.7037634 ], [ 99.9328436, 1.686911 ], [ 99.946033, 1.6741761 ], [ 99.9659911, 1.6603794 ], [ 99.9951507, 1.6602943 ], [ 100.0154005, 1.6965381 ], [ 99.9992287, 1.7033812 ], [ 99.9515679, 1.698406 ], [ 99.9337671, 1.7037634 ] ] ] ] } },
{ "type": "Feature", "properties": { "id": "HD00022099-1", "HA": 0.416 }, "geometry": { "type": "MultiPolygon", "coordinates": [ [ [ [ 99.00666, 2.9853167 ], [ 99.006535, 2.9848817 ], [ 99.00731, 2.9849333 ], [ 99.0074667, 2.9853733 ], [ 99.00666, 2.9853167 ] ] ] ] } },
{ "type": "Feature", "properties": { "id": "HF00021772-1", "HA": 0.215 }, "geometry": { "type": "MultiPolygon", "coordinates": [ [ [ [ 99.1858806, 2.8399871 ], [ 99.1862895, 2.8396839 ], [ 99.1865282, 2.8399504 ], [ 99.1862549, 2.8402266 ], [ 99.1858806, 2.8399871 ] ] ] ] } },
{ "type": "Feature", "properties": { "id": "HF00021788-1", "HA": 0.15 }, "geometry": { "type": "MultiPolygon", "coordinates": [ [ [ [ 99.18437, 2.8234483 ], [ 99.1847567, 2.82301 ], [ 99.1847267, 2.82353 ], [ 99.184475, 2.82363 ], [ 99.18437, 2.8234483 ] ] ] ] } },
{ "type": "Feature", "properties": { "id": "HG00021106-1", "HA": 0.288 }, "geometry": { "type": "MultiPolygon", "coordinates": [ [ [ [ 99.0530933, 3.4325783 ], [ 99.0528117, 3.432265 ], [ 99.053085, 3.43214 ], [ 99.05346, 3.4325917 ], [ 99.0530767, 3.4329683 ], [ 99.0529733, 3.4327483 ], [ 99.0530933, 3.4325783 ] ] ] ] } },
{ "type": "Feature", "properties": { "id": "HG00022649-1", "HA": 0.187 }, "geometry": { "type": "MultiPolygon", "coordinates": [ [ [ [ 99.7307867, 2.874945 ], [ 99.7310083, 2.8752683 ], [ 99.73064, 2.875395 ], [ 99.7302833, 2.87542 ], [ 99.7307867, 2.874945 ] ] ] ] } },
{ "type": "Feature", "properties": { "id": "HI00026623-1", "HA": 0.093 }, "geometry": { "type": "MultiPolygon", "coordinates": [ [ [ [ 99.0024486, 2.9987073 ], [ 99.0025129, 2.9986921 ], [ 99.0025328, 2.9990497 ], [ 99.0021599, 2.9990537 ], [ 99.0024486, 2.9987073 ] ] ] ] } },
{ "type": "Feature", "properties": { "id": "HK00022477-1", "HA": 0.273 }, "geometry": { "type": "MultiPolygon", "coordinates": [ [ [ [ 99.1728021, 3.2163893 ], [ 99.1726966, 3.216826 ], [ 99.1724108, 3.21695 ], [ 99.1723407, 3.2162103 ], [ 99.1725677, 3.2162889 ], [ 99.1728021, 3.2163893 ] ] ] ] } },
{ "type": "Feature", "properties": { "id": "HL00022292-1", "HA": 0.149 }, "geometry": { "type": "MultiPolygon", "coordinates": [ [ [ [ 99.173745, 3.219925 ], [ 99.1737517, 3.219735 ], [ 99.1743917, 3.2198433 ], [ 99.1743667, 3.2200317 ], [ 99.173745, 3.219925 ] ] ] ] } },
{ "type": "Feature", "properties": { "id": "HN00021942-1", "HA": 0.173 }, "geometry": { "type": "MultiPolygon", "coordinates": [ [ [ [ 99.0248278, 2.9887991 ], [ 99.0247304, 2.988577 ], [ 99.02515, 2.9884008 ], [ 99.0253185, 2.9887241 ], [ 99.0248278, 2.9887991 ] ] ] ] } },
{ "type": "Feature", "properties": { "id": "HO00020767-1", "HA": 0.459 }, "geometry": { "type": "MultiPolygon", "coordinates": [ [ [ [ 99.066835, 3.46879 ], [ 99.0660817, 3.4687167 ], [ 99.0674267, 3.4679583 ], [ 99.06752, 3.4679567 ], [ 99.066835, 3.46879 ] ] ] ] } },
{ "type": "Feature", "properties": { "id": "HO00020767-2", "HA": 0.178 }, "geometry": { "type": "MultiPolygon", "coordinates": [ [ [ [ 99.0680433, 3.4684 ], [ 99.0673633, 3.469055 ], [ 99.067145, 3.468795 ], [ 99.06789, 3.4685017 ], [ 99.0680433, 3.4684 ] ] ] ] } },
{ "type": "Feature", "properties": { "id": "HO00021558-2", "HA": 0.086 }, "geometry": { "type": "MultiPolygon", "coordinates": [ [ [ [ 99.1172017, 3.0342233 ], [ 99.1171267, 3.0346383 ], [ 99.11701, 3.0346517 ], [ 99.116945, 3.0343183 ], [ 99.1172017, 3.0342233 ] ] ] ] } },
{ "type": "Feature", "properties": { "id": "HO00022192-2", "HA": 0.171 }, "geometry": { "type": "MultiPolygon", "coordinates": [ [ [ [ 98.9872133, 2.9868833 ], [ 98.9871717, 2.9863483 ], [ 98.9876067, 2.98652 ], [ 98.9875583, 2.9867 ], [ 98.9872133, 2.9868833 ] ] ] ] } },
{ "type": "Feature", "properties": { "id": "HP00026073-1", "HA": 0.068 }, "geometry": { "type": "MultiPolygon", "coordinates": [ [ [ [ 99.0333634, 3.0044528 ], [ 99.0337766, 3.0047254 ], [ 99.0341273, 3.005165 ], [ 99.034047, 3.0051218 ], [ 99.0333634, 3.0044528 ] ] ] ] } },
{ "type": "Feature", "properties": { "id": "HQ00022479-2", "HA": 0.203 }, "geometry": { "type": "MultiPolygon", "coordinates": [ [ [ [ 99.1772674, 3.2183824 ], [ 99.1772543, 3.2181112 ], [ 99.1778288, 3.218146 ], [ 99.1778334, 3.2184548 ], [ 99.1772674, 3.2183824 ] ] ] ] } },
{ "type": "Feature", "properties": { "id": "HQ00025479-1", "HA": 0.032 }, "geometry": { "type": "MultiPolygon", "coordinates": [ [ [ [ 99.0111484, 3.0091615 ], [ 99.0110465, 3.0093276 ], [ 99.010858, 3.0093195 ], [ 99.0109687, 3.0091904 ], [ 99.0111484, 3.0091615 ] ] ] ] } },
{ "type": "Feature", "properties": { "id": "HR00021335-1", "HA": 0.057 }, "geometry": { "type": "MultiPolygon", "coordinates": [ [ [ [ 99.206625, 3.1749483 ], [ 99.2066767, 3.1750317 ], [ 99.2064367, 3.1754767 ], [ 99.2063367, 3.17549 ], [ 99.206625, 3.1749483 ] ] ] ] } },
{ "type": "Feature", "properties": { "id": "HR00024185-1", "HA": 0.04 }, "geometry": { "type": "MultiPolygon", "coordinates": [ [ [ [ 98.948065, 3.34082 ], [ 98.9476233, 3.3411783 ], [ 98.9477517, 3.3410333 ], [ 98.947895, 3.3407867 ], [ 98.948065, 3.34082 ] ] ] ] } },
{ "type": "Feature", "properties": { "id": "HS00021829-1", "HA": 0.362 }, "geometry": { "type": "MultiPolygon", "coordinates": [ [ [ [ 99.103141, 2.8094993 ], [ 99.1030984, 2.8086927 ], [ 99.1034229, 2.8085809 ], [ 99.1034899, 2.8095083 ], [ 99.103141, 2.8094993 ] ] ] ] } },
{ "type": "Feature", "properties": { "id": "HS00021908-2", "HA": 0.109 }, "geometry": { "type": "MultiPolygon", "coordinates": [ [ [ [ 99.0174333, 2.99316 ], [ 99.0177433, 2.99339 ], [ 99.0176517, 2.9935567 ], [ 99.0173083, 2.9934083 ], [ 99.0174333, 2.99316 ] ] ] ] } },
{ "type": "Feature", "properties": { "id": "HT00022261-2", "HA": 0.277 }, "geometry": { "type": "MultiPolygon", "coordinates": [ [ [ [ 99.011125, 3.027365 ], [ 99.0113583, 3.0278867 ], [ 99.0109267, 3.0279917 ], [ 99.010785, 3.0274283 ], [ 99.011125, 3.027365 ] ] ] ] } },
{ "type": "Feature", "properties": { "id": "HT00022281-2", "HA": 0.037 }, "geometry": { "type": "MultiPolygon", "coordinates": [ [ [ [ 99.048855, 2.8253083 ], [ 99.049055, 2.8250733 ], [ 99.049135, 2.825125 ], [ 99.0489567, 2.8253517 ], [ 99.048855, 2.8253083 ] ] ] ] } },
{ "type": "Feature", "properties": { "id": "HU00020648-1", "HA": 0.234 }, "geometry": { "type": "MultiPolygon", "coordinates": [ [ [ [ 99.0493016, 3.4716741 ], [ 99.0492478, 3.4717563 ], [ 99.0489338, 3.4715542 ], [ 99.0484038, 3.4709993 ], [ 99.0485281, 3.4708664 ], [ 99.0493016, 3.4716741 ] ] ] ] } },
{ "type": "Feature", "properties": { "id": "HU00020648-2", "HA": 0.301 }, "geometry": { "type": "MultiPolygon", "coordinates": [ [ [ [ 99.0479541, 3.4704172 ], [ 99.0484554, 3.4698794 ], [ 99.0486585, 3.4701902 ], [ 99.0481879, 3.4706618 ], [ 99.0479541, 3.4704172 ] ] ] ] } },
{ "type": "Feature", "properties": { "id": "HU00021957-1", "HA": 0.078 }, "geometry": { "type": "MultiPolygon", "coordinates": [ [ [ [ 99.0173217, 2.9928367 ], [ 99.0167517, 2.993035 ], [ 99.01675, 2.99294 ], [ 99.0171783, 2.992735 ], [ 99.0173217, 2.9928367 ] ] ] ] } },
{ "type": "Feature", "properties": { "id": "HV00020644-2", "HA": 0.168 }, "geometry": { "type": "MultiPolygon", "coordinates": [ [ [ [ 99.055225, 3.4624367 ], [ 99.0551683, 3.4627833 ], [ 99.0547583, 3.462725 ], [ 99.054675, 3.4625017 ], [ 99.055225, 3.4624367 ] ] ] ] } },
{ "type": "Feature", "properties": { "id": "HV00022505-1", "HA": 0.175 }, "geometry": { "type": "MultiPolygon", "coordinates": [ [ [ [ 98.9912433, 3.0009233 ], [ 98.990885, 3.0004767 ], [ 98.9912467, 3.0004167 ], [ 98.991445, 3.000605 ], [ 98.9912433, 3.0009233 ] ] ] ] } },
{ "type": "Feature", "properties": { "id": "HW00017028-1", "HA": 1085.904 }, "geometry": { "type": "MultiPolygon", "coordinates": [ [ [ [ 99.3798117, 2.7070664 ], [ 99.3626168, 2.7247455 ], [ 99.3539738, 2.7285844 ], [ 99.3493773, 2.7168507 ], [ 99.3360373, 2.7153637 ], [ 99.3224295, 2.7050541 ], [ 99.3216913, 2.6987398 ], [ 99.3511367, 2.6999194 ], [ 99.3798117, 2.7070664 ] ] ] ] } },
{ "type": "Feature", "properties": { "id": "HW00020956-3", "HA": 0.065 }, "geometry": { "type": "MultiPolygon", "coordinates": [ [ [ [ 99.0932633, 3.47588 ], [ 99.0931883, 3.4760967 ], [ 99.0929433, 3.47607 ], [ 99.0929633, 3.4758983 ], [ 99.0932633, 3.47588 ] ] ] ] } },
{ "type": "Feature", "properties": { "id": "HW00020956-4", "HA": 0.059 }, "geometry": { "type": "MultiPolygon", "coordinates": [ [ [ [ 99.0932883, 3.475915 ], [ 99.0933233, 3.4758267 ], [ 99.0938267, 3.4760167 ], [ 99.093855, 3.4761067 ], [ 99.0932883, 3.475915 ] ] ] ] } },
{ "type": "Feature", "properties": { "id": "HW00023248-1", "HA": 0.146 }, "geometry": { "type": "MultiPolygon", "coordinates": [ [ [ [ 99.169175, 3.24938 ], [ 99.1692567, 3.249435 ], [ 99.1692883, 3.2498983 ], [ 99.1689217, 3.2499983 ], [ 99.169175, 3.24938 ] ] ] ] } },
{ "type": "Feature", "properties": { "id": "HX00022283-1", "HA": 0.108 }, "geometry": { "type": "MultiPolygon", "coordinates": [ [ [ [ 99.1638533, 3.2182733 ], [ 99.1638633, 3.2178967 ], [ 99.1638633, 3.2178017 ], [ 99.16414, 3.2179383 ], [ 99.16412, 3.2181183 ], [ 99.1638533, 3.2182733 ] ] ] ] } },
{ "type": "Feature", "properties": { "id": "IB00020781-1", "HA": 0.334 }, "geometry": { "type": "MultiPolygon", "coordinates": [ [ [ [ 99.0522817, 3.4838433 ], [ 99.053415, 3.4829 ], [ 99.0533733, 3.4830117 ], [ 99.0525367, 3.4840667 ], [ 99.0522817, 3.4838433 ] ] ] ] } },
{ "type": "Feature", "properties": { "id": "IB00021738-1", "HA": 0.196 }, "geometry": { "type": "MultiPolygon", "coordinates": [ [ [ [ 99.142155, 2.813295 ], [ 99.141815, 2.8138233 ], [ 99.141635, 2.8137383 ], [ 99.1419067, 2.8131333 ], [ 99.142155, 2.813295 ] ] ] ] } },
{ "type": "Feature", "properties": { "id": "IE00022122-1", "HA": 0.351 }, "geometry": { "type": "MultiPolygon", "coordinates": [ [ [ [ 99.017875, 3.0034767 ], [ 99.01715, 3.0034117 ], [ 99.0172183, 3.003085 ], [ 99.0178067, 3.0029333 ], [ 99.017875, 3.0034767 ] ] ] ] } },
{ "type": "Feature", "properties": { "id": "IF00024228-2", "HA": 0.012 }, "geometry": { "type": "MultiPolygon", "coordinates": [ [ [ [ 98.9723283, 3.37963 ], [ 98.97231, 3.37976 ], [ 98.9723017, 3.379855 ], [ 98.972205, 3.3799133 ], [ 98.9723283, 3.37963 ] ] ] ] } },
{ "type": "Feature", "properties": { "id": "IG00021916-1", "HA": 0.052 }, "geometry": { "type": "MultiPolygon", "coordinates": [ [ [ [ 99.021815, 2.9899417 ], [ 99.0217817, 2.9903017 ], [ 99.0217333, 2.9902167 ], [ 99.0215733, 2.9899617 ], [ 99.021815, 2.9899417 ] ] ] ] } },
{ "type": "Feature", "properties": { "id": "IG00021946-1", "HA": 0.133 }, "geometry": { "type": "MultiPolygon", "coordinates": [ [ [ [ 99.1626833, 2.8170033 ], [ 99.1624783, 2.81732 ], [ 99.16229, 2.817085 ], [ 99.1623883, 2.8167867 ], [ 99.1626833, 2.8170033 ] ] ] ] } },
{ "type": "Feature", "properties": { "id": "IH00015059-1", "HA": 1296.687 }, "geometry": { "type": "MultiPolygon", "coordinates": [ [ [ [ 99.140507, 3.1299706 ], [ 99.1047207, 3.1298946 ], [ 99.1049055, 3.1163023 ], [ 99.1049894, 3.0982915 ], [ 99.1273624, 3.0985329 ], [ 99.1407108, 3.1075814 ], [ 99.1397107, 3.1204299 ], [ 99.140507, 3.1299706 ] ] ] ] } },
{ "type": "Feature", "properties": { "id": "II00021736-1", "HA": 0.155 }, "geometry": { "type": "MultiPolygon", "coordinates": [ [ [ [ 99.1235483, 2.8109717 ], [ 99.1237083, 2.8110717 ], [ 99.1237733, 2.8117817 ], [ 99.1235867, 2.8117533 ], [ 99.1235483, 2.8109717 ] ] ] ] } },
{ "type": "Feature", "properties": { "id": "IJ00021297-1", "HA": 1.001 }, "geometry": { "type": "MultiPolygon", "coordinates": [ [ [ [ 99.048905, 3.4634817 ], [ 99.0465667, 3.4627867 ], [ 99.0466983, 3.46243 ], [ 99.049015, 3.463215 ], [ 99.048905, 3.4634817 ] ] ] ] } },
{ "type": "Feature", "properties": { "id": "IJ00021297-2", "HA": 0.172 }, "geometry": { "type": "MultiPolygon", "coordinates": [ [ [ [ 99.0527696, 3.4776963 ], [ 99.0529006, 3.4774744 ], [ 99.0531742, 3.4773886 ], [ 99.053327, 3.477495 ], [ 99.052858, 3.4779176 ], [ 99.0527696, 3.4776963 ] ] ] ] } },
{ "type": "Feature", "properties": { "id": "IJ00023824-2", "HA": 0.131 }, "geometry": { "type": "MultiPolygon", "coordinates": [ [ [ [ 99.0096917, 3.0132183 ], [ 99.009735, 3.0135817 ], [ 99.0094467, 3.0134833 ], [ 99.0092683, 3.013215 ], [ 99.0096917, 3.0132183 ] ] ] ] } },
{ "type": "Feature", "properties": { "id": "IJ00025200-1", "HA": 0.128 }, "geometry": { "type": "MultiPolygon", "coordinates": [ [ [ [ 99.2191923, 3.3024538 ], [ 99.2189562, 3.3025128 ], [ 99.2190635, 3.3019334 ], [ 99.219203, 3.3018905 ], [ 99.2191923, 3.3024538 ] ] ] ] } },
{ "type": "Feature", "properties": { "id": "IL00021779-1", "HA": 0.161 }, "geometry": { "type": "MultiPolygon", "coordinates": [ [ [ [ 99.0970833, 2.78557 ], [ 99.09693, 2.784775 ], [ 99.0970817, 2.7847417 ], [ 99.0972483, 2.7854683 ], [ 99.0970833, 2.78557 ] ] ] ] } },
{ "type": "Feature", "properties": { "id": "IL00024182-1", "HA": 0.407 }, "geometry": { "type": "MultiPolygon", "coordinates": [ [ [ [ 98.9483116, 3.340922 ], [ 98.9483081, 3.3405251 ], [ 98.9490382, 3.3412143 ], [ 98.9489412, 3.3416906 ], [ 98.9483116, 3.340922 ] ] ] ] } },
{ "type": "Feature", "properties": { "id": "IM00022008-2", "HA": 0.206 }, "geometry": { "type": "MultiPolygon", "coordinates": [ [ [ [ 98.9867367, 2.989895 ], [ 98.9863717, 2.98996 ], [ 98.98615, 2.9900467 ], [ 98.9862283, 2.9897717 ], [ 98.9864233, 2.9896083 ], [ 98.9865983, 2.989465 ], [ 98.9867367, 2.989895 ] ] ] ] } },
{ "type": "Feature", "properties": { "id": "IN00024675-1", "HA": 0.071 }, "geometry": { "type": "MultiPolygon", "coordinates": [ [ [ [ 98.9690583, 3.3781233 ], [ 98.9687617, 3.37778 ], [ 98.9689433, 3.3777417 ], [ 98.969125, 3.377975 ], [ 98.9690583, 3.3781233 ] ] ] ] } },
{ "type": "Feature", "properties": { "id": "IO00021605-1", "HA": 0.141 }, "geometry": { "type": "MultiPolygon", "coordinates": [ [ [ [ 99.123784, 2.7987887 ], [ 99.1239713, 2.7990241 ], [ 99.1234807, 2.7991099 ], [ 99.1234096, 2.7988616 ], [ 99.123784, 2.7987887 ] ] ] ] } },
{ "type": "Feature", "properties": { "id": "IO00021881-2", "HA": 0.05 }, "geometry": { "type": "MultiPolygon", "coordinates": [ [ [ [ 99.0067733, 2.9857833 ], [ 99.00678, 2.9860783 ], [ 99.0066133, 2.9861583 ], [ 99.006615, 2.9859533 ], [ 99.0067733, 2.9857833 ] ] ] ] } },
{ "type": "Feature", "properties": { "id": "IO00024618-1", "HA": 0.476 }, "geometry": { "type": "MultiPolygon", "coordinates": [ [ [ [ 99.45763, 2.6011317 ], [ 99.4572433, 2.6016817 ], [ 99.4566433, 2.6012867 ], [ 99.4572133, 2.6009017 ], [ 99.45763, 2.6011317 ] ] ] ] } },
{ "type": "Feature", "properties": { "id": "IP00022500-1", "HA": 0.052 }, "geometry": { "type": "MultiPolygon", "coordinates": [ [ [ [ 98.9901667, 3.002275 ], [ 98.9900133, 3.001935 ], [ 98.990115, 3.001945 ], [ 98.9903067, 3.002165 ], [ 98.9901667, 3.002275 ] ] ] ] } },
{ "type": "Feature", "properties": { "id": "IQ00021099-1", "HA": 0.834 }, "geometry": { "type": "MultiPolygon", "coordinates": [ [ [ [ 99.0734517, 3.4836383 ], [ 99.07267, 3.4846667 ], [ 99.0722167, 3.48431 ], [ 99.0730883, 3.48334 ], [ 99.0734517, 3.4836383 ] ] ] ] } },
{ "type": "Feature", "properties": { "id": "IR00021225-1", "HA": 0.042 }, "geometry": { "type": "MultiPolygon", "coordinates": [ [ [ [ 99.2075943, 3.1660741 ], [ 99.2078786, 3.1662055 ], [ 99.2074727, 3.1662139 ], [ 99.2075881, 3.1659778 ], [ 99.2075943, 3.1660741 ] ] ] ] } },
{ "type": "Feature", "properties": { "id": "IR00021887-1", "HA": 0.283 }, "geometry": { "type": "MultiPolygon", "coordinates": [ [ [ [ 99.1640133, 2.81661 ], [ 99.16403, 2.816585 ], [ 99.1639767, 2.8167867 ], [ 99.16344, 2.8166867 ], [ 99.163325, 2.81649 ], [ 99.1629317, 2.8164083 ], [ 99.1631167, 2.81618 ], [ 99.16351, 2.81643 ], [ 99.1640133, 2.81661 ] ] ] ] } },
{ "type": "Feature", "properties": { "id": "IR00022804-1", "HA": 0.04 }, "geometry": { "type": "MultiPolygon", "coordinates": [ [ [ [ 99.0561867, 2.8041467 ], [ 99.0562133, 2.80441 ], [ 99.0561917, 2.8045033 ], [ 99.0560283, 2.8043867 ], [ 99.0561867, 2.8041467 ] ] ] ] } },
{ "type": "Feature", "properties": { "id": "IS00021797-3", "HA": 0.098 }, "geometry": { "type": "MultiPolygon", "coordinates": [ [ [ [ 99.1246848, 2.8162813 ], [ 99.1247549, 2.8162145 ], [ 99.1247235, 2.8168837 ], [ 99.1245305, 2.816854 ], [ 99.1246848, 2.8162813 ] ] ] ] } },
{ "type": "Feature", "properties": { "id": "IT00020796-1", "HA": 0.385 }, "geometry": { "type": "MultiPolygon", "coordinates": [ [ [ [ 99.0586583, 3.469875 ], [ 99.05828, 3.4698417 ], [ 99.058645, 3.469205 ], [ 99.0587817, 3.4691817 ], [ 99.0589717, 3.4689367 ], [ 99.0591317, 3.469035 ], [ 99.0586583, 3.469875 ] ] ] ] } },
{ "type": "Feature", "properties": { "id": "IT00022359-1", "HA": 0.06 }, "geometry": { "type": "MultiPolygon", "coordinates": [ [ [ [ 99.174425, 3.2037133 ], [ 99.17453, 3.2041483 ], [ 99.1745383, 3.20441 ], [ 99.174365, 3.2039933 ], [ 99.174425, 3.2037133 ] ] ] ] } },
{ "type": "Feature", "properties": { "id": "IT00026053-1", "HA": 0.086 }, "geometry": { "type": "MultiPolygon", "coordinates": [ [ [ [ 98.9914867, 3.004055 ], [ 98.9918433, 3.004215 ], [ 98.991835, 3.0043167 ], [ 98.9915083, 3.004365 ], [ 98.9914867, 3.004055 ] ] ] ] } },
{ "type": "Feature", "properties": { "id": "IU00021095-1", "HA": 0.226 }, "geometry": { "type": "MultiPolygon", "coordinates": [ [ [ [ 99.05387, 3.4331033 ], [ 99.054355, 3.43253 ], [ 99.054565, 3.4327467 ], [ 99.0539417, 3.4332717 ], [ 99.05387, 3.4331033 ] ] ] ] } },
{ "type": "Feature", "properties": { "id": "IU00023117-1", "HA": 0.054 }, "geometry": { "type": "MultiPolygon", "coordinates": [ [ [ [ 99.17327, 3.2743917 ], [ 99.1732967, 3.2741983 ], [ 99.1734483, 3.274155 ], [ 99.173495, 3.274315 ], [ 99.1733583, 3.2744483 ], [ 99.17327, 3.2743917 ] ] ] ] } },
{ "type": "Feature", "properties": { "id": "IU00023358-2", "HA": 0.088 }, "geometry": { "type": "MultiPolygon", "coordinates": [ [ [ [ 98.9434241, 3.1067009 ], [ 98.9431559, 3.1068736 ], [ 98.9430439, 3.1067087 ], [ 98.9432346, 3.1064962 ], [ 98.9434241, 3.1067009 ] ] ] ] } },
{ "type": "Feature", "properties": { "id": "IV00024561-1", "HA": 0.066 }, "geometry": { "type": "MultiPolygon", "coordinates": [ [ [ [ 99.0067017, 3.0031883 ], [ 99.0069033, 3.0032917 ], [ 99.0068017, 3.003525 ], [ 99.0066317, 3.0034567 ], [ 99.0067017, 3.0031883 ] ] ] ] } },
{ "type": "Feature", "properties": { "id": "IV00026865-1", "HA": 0.033 }, "geometry": { "type": "MultiPolygon", "coordinates": [ [ [ [ 99.0233456, 3.0066421 ], [ 99.0236404, 3.0066254 ], [ 99.0236399, 3.0067785 ], [ 99.0234716, 3.0067301 ], [ 99.0233456, 3.0066421 ] ] ] ] } },
{ "type": "Feature", "properties": { "id": "IW00021577-3", "HA": 0.1 }, "geometry": { "type": "MultiPolygon", "coordinates": [ [ [ [ 99.12415, 2.8160998 ], [ 99.1239236, 2.8166481 ], [ 99.1237674, 2.8165493 ], [ 99.1240018, 2.8161289 ], [ 99.12415, 2.8160998 ] ] ] ] } },
{ "type": "Feature", "properties": { "id": "IX00023481-2", "HA": 0.11 }, "geometry": { "type": "MultiPolygon", "coordinates": [ [ [ [ 99.04437, 3.4300733 ], [ 99.0446483, 3.4298667 ], [ 99.045005, 3.42984 ], [ 99.044575, 3.430175 ], [ 99.04437, 3.4300733 ] ] ] ] } },
{ "type": "Feature", "properties": { "id": "IX00024623-1", "HA": 0.24 }, "geometry": { "type": "MultiPolygon", "coordinates": [ [ [ [ 99.4611728, 2.5778119 ], [ 99.4611517, 2.5772149 ], [ 99.4616901, 2.5776328 ], [ 99.4614759, 2.5778585 ], [ 99.4611728, 2.5778119 ] ] ] ] } },
{ "type": "Feature", "properties": { "id": "IY00025208-1", "HA": 0.035 }, "geometry": { "type": "MultiPolygon", "coordinates": [ [ [ [ 99.1824446, 3.2355493 ], [ 99.182179, 3.2354045 ], [ 99.1822739, 3.2352614 ], [ 99.1823417, 3.2353406 ], [ 99.1824446, 3.2355493 ] ] ] ] } },
{ "type": "Feature", "properties": { "id": "IZ00021800-1", "HA": 0.349 }, "geometry": { "type": "MultiPolygon", "coordinates": [ [ [ [ 99.0723983, 2.775695 ], [ 99.0728267, 2.77616 ], [ 99.0723967, 2.7765883 ], [ 99.0721917, 2.77596 ], [ 99.0723983, 2.775695 ] ] ] ] } },
{ "type": "Feature", "properties": { "id": "JA00021939-2", "HA": 0.106 }, "geometry": { "type": "MultiPolygon", "coordinates": [ [ [ [ 99.0056117, 2.9835433 ], [ 99.0062233, 2.9837717 ], [ 99.0061583, 2.9838367 ], [ 99.0055183, 2.98371 ], [ 99.0056117, 2.9835433 ] ] ] ] } },
{ "type": "Feature", "properties": { "id": "JC00018581-3", "HA": 366.978 }, "geometry": { "type": "MultiPolygon", "coordinates": [ [ [ [ 99.917365, 1.6125633 ], [ 99.9159283, 1.5996 ], [ 99.91991, 1.5930083 ], [ 99.9198683, 1.6065833 ], [ 99.9372933, 1.6081917 ], [ 99.9385467, 1.6123517 ], [ 99.9296283, 1.623015 ], [ 99.9217617, 1.6229233 ], [ 99.917365, 1.6125633 ] ] ] ] } },
{ "type": "Feature", "properties": { "id": "JC00021040-1", "HA": 0.187 }, "geometry": { "type": "MultiPolygon", "coordinates": [ [ [ [ 99.0753053, 3.4805152 ], [ 99.0758577, 3.4811705 ], [ 99.0757154, 3.4812654 ], [ 99.0752403, 3.4807824 ], [ 99.0753053, 3.4805152 ] ] ] ] } },
{ "type": "Feature", "properties": { "id": "JC00022130-1", "HA": 0.167 }, "geometry": { "type": "MultiPolygon", "coordinates": [ [ [ [ 99.019665, 3.0019683 ], [ 99.02009, 3.001725 ], [ 99.0205717, 3.001725 ], [ 99.0207017, 3.00186 ], [ 99.019665, 3.0019683 ] ] ] ] } },
{ "type": "Feature", "properties": { "id": "JC00023227-1", "HA": 0.076 }, "geometry": { "type": "MultiPolygon", "coordinates": [ [ [ [ 99.1672667, 3.2496333 ], [ 99.1677133, 3.2497867 ], [ 99.1675417, 3.24986 ], [ 99.1673467, 3.2499333 ], [ 99.1672667, 3.2496333 ] ] ] ] } },
{ "type": "Feature", "properties": { "id": "JD00021947-2", "HA": 0.23 }, "geometry": { "type": "MultiPolygon", "coordinates": [ [ [ [ 99.186655, 2.814285 ], [ 99.1865267, 2.8146383 ], [ 99.1861083, 2.81466 ], [ 99.186075, 2.8144467 ], [ 99.1861567, 2.8142517 ], [ 99.186655, 2.814285 ] ] ] ] } },
{ "type": "Feature", "properties": { "id": "JD00025808-1", "HA": 0.019 }, "geometry": { "type": "MultiPolygon", "coordinates": [ [ [ [ 99.0356583, 2.8238033 ], [ 99.035445, 2.8236867 ], [ 99.0354883, 2.823575 ], [ 99.0354867, 2.8235633 ], [ 99.0356583, 2.8238033 ] ] ] ] } },
{ "type": "Feature", "properties": { "id": "JE00021385-2", "HA": 279.87 }, "geometry": { "type": "MultiPolygon", "coordinates": [ [ [ [ 99.0959299, 3.1429883 ], [ 99.0758819, 3.1426683 ], [ 99.0755151, 3.1384157 ], [ 99.0817581, 3.1383314 ], [ 99.0820291, 3.1248625 ], [ 99.0896899, 3.1247719 ], [ 99.0898119, 3.1317992 ], [ 99.0957293, 3.1345525 ], [ 99.0959299, 3.1429883 ] ] ] ] } },
{ "type": "Feature", "properties": { "id": "JE00021385-3", "HA": 303.642 }, "geometry": { "type": "MultiPolygon", "coordinates": [ [ [ [ 99.0752282, 3.1428634 ], [ 99.0498702, 3.1423613 ], [ 99.0522821, 3.1332494 ], [ 99.0612245, 3.1333371 ], [ 99.0614113, 3.1361041 ], [ 99.0654113, 3.1360774 ], [ 99.065431, 3.1293528 ], [ 99.0743247, 3.12924 ], [ 99.0752282, 3.1428634 ] ] ] ] } },
{ "type": "Feature", "properties": { "id": "JE00021385-4", "HA": 104.632 }, "geometry": { "type": "MultiPolygon", "coordinates": [ [ [ [ 99.0817482, 3.1248551 ], [ 99.0816954, 3.129133 ], [ 99.0693981, 3.1292384 ], [ 99.0694344, 3.123673 ], [ 99.064316, 3.1236158 ], [ 99.0644379, 3.1170957 ], [ 99.0678215, 3.1172741 ], [ 99.071352, 3.1251235 ], [ 99.0817482, 3.1248551 ] ] ] ] } },
{ "type": "Feature", "properties": { "id": "JE00021385-5", "HA": 331.498 }, "geometry": { "type": "MultiPolygon", "coordinates": [ [ [ [ 99.1046944, 3.1164968 ], [ 99.1039873, 3.1384607 ], [ 99.0951867, 3.1338433 ], [ 99.0962262, 3.1283339 ], [ 99.0947324, 3.128048 ], [ 99.0943709, 3.1243478 ], [ 99.0844612, 3.1239623 ], [ 99.0829178, 3.1163485 ], [ 99.1046944, 3.1164968 ] ] ] ] } },
{ "type": "Feature", "properties": { "id": "JE00022346-3", "HA": 0.07 }, "geometry": { "type": "MultiPolygon", "coordinates": [ [ [ [ 99.1655583, 3.2925 ], [ 99.1650017, 3.2925433 ], [ 99.1649567, 3.2924217 ], [ 99.1654883, 3.2924167 ], [ 99.1655583, 3.2925 ] ] ] ] } },
{ "type": "Feature", "properties": { "id": "JF00021759-1", "HA": 0.397 }, "geometry": { "type": "MultiPolygon", "coordinates": [ [ [ [ 99.155969, 2.8285479 ], [ 99.1565973, 2.8291728 ], [ 99.1564884, 2.8294994 ], [ 99.1559071, 2.8291507 ], [ 99.155969, 2.8285479 ] ] ] ] } },
{ "type": "Feature", "properties": { "id": "JG00021400-1", "HA": 0.174 }, "geometry": { "type": "MultiPolygon", "coordinates": [ [ [ [ 99.01528, 2.9637783 ], [ 99.0154883, 2.9637667 ], [ 99.0164967, 2.9637683 ], [ 99.0166917, 2.96399 ], [ 99.01528, 2.9637783 ] ] ] ] } },
{ "type": "Feature", "properties": { "id": "JG00021769-1", "HA": 0.301 }, "geometry": { "type": "MultiPolygon", "coordinates": [ [ [ [ 99.10374, 2.8062533 ], [ 99.103675, 2.8063867 ], [ 99.10355, 2.8068233 ], [ 99.1031983, 2.80664 ], [ 99.1033983, 2.8060967 ], [ 99.1039017, 2.8061817 ], [ 99.10374, 2.8062533 ] ] ] ] } },
{ "type": "Feature", "properties": { "id": "JH00023707-1", "HA": 0.021 }, "geometry": { "type": "MultiPolygon", "coordinates": [ [ [ [ 99.350645, 2.6595933 ], [ 99.3502067, 2.6599533 ], [ 99.3502933, 2.6598483 ], [ 99.3505517, 2.6596067 ], [ 99.350645, 2.6595933 ] ] ] ] } },
{ "type": "Feature", "properties": { "id": "JI00024426-1", "HA": 0.05 }, "geometry": { "type": "MultiPolygon", "coordinates": [ [ [ [ 98.974046, 3.3714264 ], [ 98.9741147, 3.3715543 ], [ 98.9747008, 3.3718919 ], [ 98.9746445, 3.3719833 ], [ 98.974097, 3.3715533 ], [ 98.974046, 3.3714264 ] ] ] ] } },
{ "type": "Feature", "properties": { "id": "JI00024951-1", "HA": 0.139 }, "geometry": { "type": "MultiPolygon", "coordinates": [ [ [ [ 98.9585133, 2.9600967 ], [ 98.95881, 2.9601467 ], [ 98.9589833, 2.960565 ], [ 98.9588717, 2.9606883 ], [ 98.9585133, 2.9600967 ] ] ] ] } },
{ "type": "Feature", "properties": { "id": "JI00026060-1", "HA": 0.013 }, "geometry": { "type": "MultiPolygon", "coordinates": [ [ [ [ 98.9904584, 3.0034577 ], [ 98.9904278, 3.0033721 ], [ 98.9905572, 3.003503 ], [ 98.9904232, 3.0035855 ], [ 98.9904584, 3.0034577 ] ] ] ] } },
{ "type": "Feature", "properties": { "id": "JJ00020917-1", "HA": 0.19 }, "geometry": { "type": "MultiPolygon", "coordinates": [ [ [ [ 99.0781404, 3.4855192 ], [ 99.0780789, 3.4860732 ], [ 99.0776941, 3.4857979 ], [ 99.077808, 3.4855487 ], [ 99.0781404, 3.4855192 ] ] ] ] } },
{ "type": "Feature", "properties": { "id": "JJ00022259-1", "HA": 0.094 }, "geometry": { "type": "MultiPolygon", "coordinates": [ [ [ [ 99.0142629, 3.0312006 ], [ 99.0149624, 3.0314127 ], [ 99.0150769, 3.031647 ], [ 99.0149901, 3.0315561 ], [ 99.0146334, 3.0314494 ], [ 99.0142629, 3.0312006 ] ] ] ] } },
{ "type": "Feature", "properties": { "id": "JJ00024935-1", "HA": 0.006 }, "geometry": { "type": "MultiPolygon", "coordinates": [ [ [ [ 98.981055, 3.3771567 ], [ 98.9811217, 3.3768 ], [ 98.9811233, 3.37673 ], [ 98.981145, 3.3767883 ], [ 98.981055, 3.3771567 ] ] ] ] } },
{ "type": "Feature", "properties": { "id": "JK00023226-3", "HA": 0.066 }, "geometry": { "type": "MultiPolygon", "coordinates": [ [ [ [ 99.1656611, 3.2927237 ], [ 99.1657982, 3.2924453 ], [ 99.1659686, 3.2926323 ], [ 99.1659569, 3.2927469 ], [ 99.1656611, 3.2927237 ] ] ] ] } },
{ "type": "Feature", "properties": { "id": "JL00024376-1", "HA": 0.03 }, "geometry": { "type": "MultiPolygon", "coordinates": [ [ [ [ 98.973195, 3.3724633 ], [ 98.973225, 3.37231 ], [ 98.9733483, 3.3721083 ], [ 98.9732767, 3.3725067 ], [ 98.973195, 3.3724633 ] ] ] ] } },
{ "type": "Feature", "properties": { "id": "JM00022116-1", "HA": 0.232 }, "geometry": { "type": "MultiPolygon", "coordinates": [ [ [ [ 99.0158133, 2.9927323 ], [ 99.0150294, 2.9933992 ], [ 99.0152767, 2.9928855 ], [ 99.0155233, 2.9927666 ], [ 99.0154698, 2.9924755 ], [ 99.0155838, 2.9925575 ], [ 99.015704, 2.9926276 ], [ 99.0158898, 2.9926098 ], [ 99.0158133, 2.9927323 ] ] ] ] } },
{ "type": "Feature", "properties": { "id": "JN00022135-1", "HA": 0.048 }, "geometry": { "type": "MultiPolygon", "coordinates": [ [ [ [ 99.0202506, 3.0053911 ], [ 99.0206117, 3.0054985 ], [ 99.0204313, 3.0055649 ], [ 99.020262, 3.0055918 ], [ 99.0202506, 3.0053911 ] ] ] ] } },
{ "type": "Feature", "properties": { "id": "JN00023497-2", "HA": 0.086 }, "geometry": { "type": "MultiPolygon", "coordinates": [ [ [ [ 99.0571883, 3.4446767 ], [ 99.05692, 3.4444067 ], [ 99.0571067, 3.4442983 ], [ 99.05732, 3.4445483 ], [ 99.0571883, 3.4446767 ] ] ] ] } },
{ "type": "Feature", "properties": { "id": "JN00023859-1", "HA": 0.029 }, "geometry": { "type": "MultiPolygon", "coordinates": [ [ [ [ 99.0091471, 3.0037018 ], [ 99.0090165, 3.0036142 ], [ 99.0090598, 3.003453 ], [ 99.0091314, 3.0033922 ], [ 99.0091471, 3.0037018 ] ] ] ] } },
{ "type": "Feature", "properties": { "id": "JN00026339-1", "HA": 0.089 }, "geometry": { "type": "MultiPolygon", "coordinates": [ [ [ [ 99.0069721, 2.9983368 ], [ 99.0069659, 2.9981859 ], [ 99.0076073, 2.998374 ], [ 99.0074567, 2.9984434 ], [ 99.0069721, 2.9983368 ] ] ] ] } },
{ "type": "Feature", "properties": { "id": "JO00022626-1", "HA": 0.053 }, "geometry": { "type": "MultiPolygon", "coordinates": [ [ [ [ 99.0875783, 3.10581 ], [ 99.0874917, 3.1058433 ], [ 99.0873733, 3.105565 ], [ 99.0875233, 3.1054633 ], [ 99.0875783, 3.10581 ] ] ] ] } },
{ "type": "Feature", "properties": { "id": "JP00023535-4", "HA": 0.023 }, "geometry": { "type": "MultiPolygon", "coordinates": [ [ [ [ 99.101262, 3.4800452 ], [ 99.101136, 3.4798205 ], [ 99.1011912, 3.4797462 ], [ 99.1012888, 3.4799418 ], [ 99.101262, 3.4800452 ] ] ] ] } },
{ "type": "Feature", "properties": { "id": "JR00026171-1", "HA": 0.008 }, "geometry": { "type": "MultiPolygon", "coordinates": [ [ [ [ 99.034984, 2.9975317 ], [ 99.0351533, 2.9975057 ], [ 99.0352546, 2.9975196 ], [ 99.0350929, 2.9975583 ], [ 99.034984, 2.9975317 ] ] ] ] } },
{ "type": "Feature", "properties": { "id": "JS00023214-3", "HA": 0.109 }, "geometry": { "type": "MultiPolygon", "coordinates": [ [ [ [ 99.1673666, 3.2618612 ], [ 99.1676295, 3.2618773 ], [ 99.1676027, 3.262285 ], [ 99.1673827, 3.2621884 ], [ 99.1673666, 3.2618612 ] ] ] ] } },
{ "type": "Feature", "properties": { "id": "JT00020982-1", "HA": 0.192 }, "geometry": { "type": "MultiPolygon", "coordinates": [ [ [ [ 99.0326317, 3.4734683 ], [ 99.032565, 3.4736517 ], [ 99.032255, 3.4736117 ], [ 99.0322367, 3.4732017 ], [ 99.0325667, 3.4731817 ], [ 99.0326317, 3.4734683 ] ] ] ] } },
{ "type": "Feature", "properties": { "id": "JU00017027-2", "HA": 856.683 }, "geometry": { "type": "MultiPolygon", "coordinates": [ [ [ [ 99.3713034, 2.6736997 ], [ 99.3716081, 2.6839352 ], [ 99.3864484, 2.6915749 ], [ 99.3801273, 2.7066125 ], [ 99.3518112, 2.699785 ], [ 99.3544945, 2.6871795 ], [ 99.3543836, 2.678056 ], [ 99.3713034, 2.6736997 ] ] ] ] } },
{ "type": "Feature", "properties": { "id": "JU00022306-4", "HA": 0.115 }, "geometry": { "type": "MultiPolygon", "coordinates": [ [ [ [ 99.1623723, 3.2273787 ], [ 99.1623095, 3.2271607 ], [ 99.1629839, 3.2272607 ], [ 99.1629356, 3.2273465 ], [ 99.1623723, 3.2273787 ] ] ] ] } },
{ "type": "Feature", "properties": { "id": "JW00021123-1", "HA": 0.269 }, "geometry": { "type": "MultiPolygon", "coordinates": [ [ [ [ 99.0523733, 3.443585 ], [ 99.051785, 3.4442883 ], [ 99.0518333, 3.4443667 ], [ 99.0517567, 3.4445483 ], [ 99.0514817, 3.4444 ], [ 99.05216, 3.4435567 ], [ 99.0523733, 3.443585 ] ] ] ] } },
{ "type": "Feature", "properties": { "id": "JW00022528-3", "HA": 0.038 }, "geometry": { "type": "MultiPolygon", "coordinates": [ [ [ [ 99.0599999, 3.1297545 ], [ 99.0599638, 3.129448 ], [ 99.0600412, 3.1293621 ], [ 99.0600873, 3.129754 ], [ 99.0599999, 3.1297545 ] ] ] ] } },
{ "type": "Feature", "properties": { "id": "JY00021444-1", "HA": 0.082 }, "geometry": { "type": "MultiPolygon", "coordinates": [ [ [ [ 99.0139115, 2.9608074 ], [ 99.0141724, 2.9611656 ], [ 99.0140855, 2.9612046 ], [ 99.0137921, 2.9610623 ], [ 99.0139115, 2.9608074 ] ] ] ] } },
{ "type": "Feature", "properties": { "id": "JZ00020983-1", "HA": 0.032 }, "geometry": { "type": "MultiPolygon", "coordinates": [ [ [ [ 99.0709333, 3.4754233 ], [ 99.0711, 3.4754383 ], [ 99.07101, 3.475605 ], [ 99.0708, 3.475405 ], [ 99.0709333, 3.4754233 ] ] ] ] } },
{ "type": "Feature", "properties": { "id": "JZ00020983-3", "HA": 0.064 }, "geometry": { "type": "MultiPolygon", "coordinates": [ [ [ [ 99.0726317, 3.4761383 ], [ 99.0727767, 3.475985 ], [ 99.0730417, 3.47612 ], [ 99.0729083, 3.4762333 ], [ 99.0726317, 3.4761383 ] ] ] ] } },
{ "type": "Feature", "properties": { "id": "JZ00020983-4", "HA": 0.048 }, "geometry": { "type": "MultiPolygon", "coordinates": [ [ [ [ 99.0889433, 3.4939083 ], [ 99.0890017, 3.4938367 ], [ 99.0891917, 3.4938633 ], [ 99.0891633, 3.49412 ], [ 99.0889433, 3.4939083 ] ] ] ] } },
{ "type": "Feature", "properties": { "id": "KA00022668-1", "HA": 0.046 }, "geometry": { "type": "MultiPolygon", "coordinates": [ [ [ [ 99.0037967, 2.80881 ], [ 99.0035567, 2.8084583 ], [ 99.0036417, 2.8084217 ], [ 99.0038033, 2.8085933 ], [ 99.0037967, 2.80881 ] ] ] ] } },
{ "type": "Feature", "properties": { "id": "KB00022691-1", "HA": 0.1 }, "geometry": { "type": "MultiPolygon", "coordinates": [ [ [ [ 99.7277517, 2.87971 ], [ 99.7277533, 2.8800367 ], [ 99.7275683, 2.8800183 ], [ 99.7275617, 2.8794683 ], [ 99.7277517, 2.87971 ] ] ] ] } },
{ "type": "Feature", "properties": { "id": "KC00022658-1", "HA": 0.089 }, "geometry": { "type": "MultiPolygon", "coordinates": [ [ [ [ 99.0519283, 2.82507 ], [ 99.052, 2.824905 ], [ 99.0523117, 2.825045 ], [ 99.0521383, 2.8252717 ], [ 99.0519283, 2.82507 ] ] ] ] } },
{ "type": "Feature", "properties": { "id": "KC00024659-1", "HA": 0.092 }, "geometry": { "type": "MultiPolygon", "coordinates": [ [ [ [ 99.4609183, 2.5778833 ], [ 99.4613767, 2.5778983 ], [ 99.4617117, 2.5780367 ], [ 99.4610517, 2.578025 ], [ 99.4609183, 2.5778833 ] ] ] ] } },
{ "type": "Feature", "properties": { "id": "KD00021168-1", "HA": 0.067 }, "geometry": { "type": "MultiPolygon", "coordinates": [ [ [ [ 99.080325, 3.483025 ], [ 99.080105, 3.4833283 ], [ 99.0800167, 3.4833633 ], [ 99.08012, 3.48296 ], [ 99.080325, 3.483025 ] ] ] ] } },
{ "type": "Feature", "properties": { "id": "KD00021933-1", "HA": 0.367 }, "geometry": { "type": "MultiPolygon", "coordinates": [ [ [ [ 99.0070567, 2.983095 ], [ 99.00684, 2.983725 ], [ 99.00639, 2.983655 ], [ 99.0066167, 2.9830167 ], [ 99.0070567, 2.983095 ] ] ] ] } },
{ "type": "Feature", "properties": { "id": "KD00021935-1", "HA": 0.122 }, "geometry": { "type": "MultiPolygon", "coordinates": [ [ [ [ 99.002357, 2.9723716 ], [ 99.0017709, 2.9718446 ], [ 99.00249, 2.972133 ], [ 99.0023599, 2.972281 ], [ 99.002357, 2.9723716 ] ] ] ] } },
{ "type": "Feature", "properties": { "id": "KD00025188-1", "HA": 0.129 }, "geometry": { "type": "MultiPolygon", "coordinates": [ [ [ [ 99.17605, 3.2305167 ], [ 99.1761067, 3.230305 ], [ 99.1764717, 3.2301933 ], [ 99.1765867, 3.2304367 ], [ 99.17605, 3.2305167 ] ] ] ] } },
{ "type": "Feature", "properties": { "id": "KE00023050-1", "HA": 0.042 }, "geometry": { "type": "MultiPolygon", "coordinates": [ [ [ [ 98.9649442, 2.8052868 ], [ 98.9646143, 2.805099 ], [ 98.9650415, 2.8051899 ], [ 98.9650862, 2.8053328 ], [ 98.9649442, 2.8052868 ] ] ] ] } },
{ "type": "Feature", "properties": { "id": "KE00023113-1", "HA": 0.043 }, "geometry": { "type": "MultiPolygon", "coordinates": [ [ [ [ 99.0326417, 2.8133567 ], [ 99.03267, 2.8134433 ], [ 99.03227, 2.8135217 ], [ 99.0322883, 2.8134233 ], [ 99.0326417, 2.8133567 ] ] ] ] } },
{ "type": "Feature", "properties": { "id": "KF00021627-1", "HA": 0.02 }, "geometry": { "type": "MultiPolygon", "coordinates": [ [ [ [ 99.1064117, 2.8043333 ], [ 99.1062667, 2.80436 ], [ 99.1062133, 2.8042867 ], [ 99.10636, 2.804215 ], [ 99.1064117, 2.8043333 ] ] ] ] } },
{ "type": "Feature", "properties": { "id": "KF00023253-1", "HA": 0.46 }, "geometry": { "type": "MultiPolygon", "coordinates": [ [ [ [ 99.1891117, 3.259445 ], [ 99.188975, 3.2590367 ], [ 99.1899383, 3.2589417 ], [ 99.1895383, 3.2595983 ], [ 99.1891117, 3.259445 ] ] ] ] } },
{ "type": "Feature", "properties": { "id": "KG00022844-1", "HA": 0.016 }, "geometry": { "type": "MultiPolygon", "coordinates": [ [ [ [ 99.0419184, 2.8241374 ], [ 99.0418698, 2.82422 ], [ 99.0417217, 2.8242995 ], [ 99.0417328, 2.8241993 ], [ 99.0419184, 2.8241374 ] ] ] ] } },
{ "type": "Feature", "properties": { "id": "KG00024562-2", "HA": 0.122 }, "geometry": { "type": "MultiPolygon", "coordinates": [ [ [ [ 98.9771617, 3.38305 ], [ 98.9766633, 3.383095 ], [ 98.97673, 3.3827967 ], [ 98.9771483, 3.3829183 ], [ 98.9771617, 3.38305 ] ] ] ] } },
{ "type": "Feature", "properties": { "id": "KI00022303-1", "HA": 0.024 }, "geometry": { "type": "MultiPolygon", "coordinates": [ [ [ [ 99.1738252, 3.2202599 ], [ 99.174212, 3.2201766 ], [ 99.1743324, 3.2202924 ], [ 99.1739513, 3.2202357 ], [ 99.1738252, 3.2202599 ] ] ] ] } },
{ "type": "Feature", "properties": { "id": "KJ00022342-1", "HA": 0.163 }, "geometry": { "type": "MultiPolygon", "coordinates": [ [ [ [ 99.144765, 3.2077133 ], [ 99.1448483, 3.2080917 ], [ 99.1445617, 3.2081917 ], [ 99.144285, 3.208115 ], [ 99.144765, 3.2077133 ] ] ] ] } },
{ "type": "Feature", "properties": { "id": "KK00022117-1", "HA": 0.236 }, "geometry": { "type": "MultiPolygon", "coordinates": [ [ [ [ 99.0094913, 2.9824416 ], [ 99.0093738, 2.9827398 ], [ 99.0087814, 2.9828257 ], [ 99.008612, 2.9829544 ], [ 99.0089768, 2.982493 ], [ 99.0094084, 2.9824018 ], [ 99.0094913, 2.9824416 ] ] ] ] } },
{ "type": "Feature", "properties": { "id": "KK00023160-1", "HA": 0.172 }, "geometry": { "type": "MultiPolygon", "coordinates": [ [ [ [ 99.1663918, 3.2921777 ], [ 99.1664997, 3.2925736 ], [ 99.1662145, 3.2926751 ], [ 99.1660921, 3.2921419 ], [ 99.1663918, 3.2921777 ] ] ] ] } },
{ "type": "Feature", "properties": { "id": "KL00021114-2", "HA": 0.158 }, "geometry": { "type": "MultiPolygon", "coordinates": [ [ [ [ 99.0503967, 3.4804533 ], [ 99.0501383, 3.48018 ], [ 99.05052, 3.47991 ], [ 99.0505833, 3.4803083 ], [ 99.0503967, 3.4804533 ] ] ] ] } },
{ "type": "Feature", "properties": { "id": "KM00021559-1", "HA": 0.09 }, "geometry": { "type": "MultiPolygon", "coordinates": [ [ [ [ 99.116645, 3.033485 ], [ 99.1168517, 3.03325 ], [ 99.1170733, 3.0334933 ], [ 99.116975, 3.033595 ], [ 99.116645, 3.033485 ] ] ] ] } },
{ "type": "Feature", "properties": { "id": "KM00021633-1", "HA": 0.461 }, "geometry": { "type": "MultiPolygon", "coordinates": [ [ [ [ 99.126025, 2.8065617 ], [ 99.1264567, 2.8066967 ], [ 99.1263483, 2.807425 ], [ 99.1257683, 2.8071783 ], [ 99.126025, 2.8065617 ] ] ] ] } },
{ "type": "Feature", "properties": { "id": "KM00024620-1", "HA": 0.068 }, "geometry": { "type": "MultiPolygon", "coordinates": [ [ [ [ 99.4631067, 2.5866267 ], [ 99.4634883, 2.58657 ], [ 99.4636367, 2.5867167 ], [ 99.463525, 2.586785 ], [ 99.4631067, 2.5866267 ] ] ] ] } },
{ "type": "Feature", "properties": { "id": "KO00021158-1", "HA": 0.259 }, "geometry": { "type": "MultiPolygon", "coordinates": [ [ [ [ 99.059225, 3.44296 ], [ 99.0589433, 3.4431767 ], [ 99.0588683, 3.4433 ], [ 99.0588733, 3.4420633 ], [ 99.059225, 3.44296 ] ] ] ] } },
{ "type": "Feature", "properties": { "id": "KP00022803-1", "HA": 0.047 }, "geometry": { "type": "MultiPolygon", "coordinates": [ [ [ [ 99.008525, 2.784268 ], [ 99.0087005, 2.7843223 ], [ 99.0087597, 2.7844738 ], [ 99.0085854, 2.7845472 ], [ 99.008525, 2.784268 ] ] ] ] } },
{ "type": "Feature", "properties": { "id": "KP00024345-2", "HA": 0.114 }, "geometry": { "type": "MultiPolygon", "coordinates": [ [ [ [ 98.96617, 3.3848183 ], [ 98.966455, 3.3847333 ], [ 98.9665483, 3.3851633 ], [ 98.9663333, 3.3851117 ], [ 98.96617, 3.3848183 ] ] ] ] } },
{ "type": "Feature", "properties": { "id": "KR00023499-1", "HA": 0.119 }, "geometry": { "type": "MultiPolygon", "coordinates": [ [ [ [ 99.0429933, 3.4546917 ], [ 99.0426133, 3.4552517 ], [ 99.042595, 3.4550583 ], [ 99.0428083, 3.4545867 ], [ 99.0429933, 3.4546917 ] ] ] ] } },
{ "type": "Feature", "properties": { "id": "KS00020772-1", "HA": 0.745 }, "geometry": { "type": "MultiPolygon", "coordinates": [ [ [ [ 99.0440617, 3.4783317 ], [ 99.044135, 3.4776933 ], [ 99.0446267, 3.4772217 ], [ 99.0450817, 3.4778067 ], [ 99.0446917, 3.4781033 ], [ 99.0440617, 3.4783317 ] ] ] ] } },
{ "type": "Feature", "properties": { "id": "KS00020772-4", "HA": 0.139 }, "geometry": { "type": "MultiPolygon", "coordinates": [ [ [ [ 99.0504483, 3.476415 ], [ 99.05085, 3.4755967 ], [ 99.050925, 3.4756483 ], [ 99.05062, 3.4764417 ], [ 99.0504483, 3.476415 ] ] ] ] } },
{ "type": "Feature", "properties": { "id": "KS00020772-6", "HA": 0.022 }, "geometry": { "type": "MultiPolygon", "coordinates": [ [ [ [ 99.0778433, 3.4777217 ], [ 99.0777583, 3.477685 ], [ 99.0777383, 3.4775817 ], [ 99.0779467, 3.4775883 ], [ 99.0778433, 3.4777217 ] ] ] ] } },
{ "type": "Feature", "properties": { "id": "KS00022642-2", "HA": 0.099 }, "geometry": { "type": "MultiPolygon", "coordinates": [ [ [ [ 99.0517217, 2.82187 ], [ 99.0521117, 2.8217867 ], [ 99.0522617, 2.8220317 ], [ 99.05237, 2.8221617 ], [ 99.0517217, 2.82187 ] ] ] ] } },
{ "type": "Feature", "properties": { "id": "KS00022644-2", "HA": 0.03 }, "geometry": { "type": "MultiPolygon", "coordinates": [ [ [ [ 99.7251783, 2.878 ], [ 99.725865, 2.8781667 ], [ 99.725195, 2.878065 ], [ 99.7250883, 2.87807 ], [ 99.7251783, 2.878 ] ] ] ] } },
{ "type": "Feature", "properties": { "id": "KT00020742-1", "HA": 1.162 }, "geometry": { "type": "MultiPolygon", "coordinates": [ [ [ [ 99.0608867, 3.4785783 ], [ 99.0604833, 3.479745 ], [ 99.0596717, 3.4789133 ], [ 99.0605067, 3.4781817 ], [ 99.0608867, 3.4785783 ] ] ] ] } },
{ "type": "Feature", "properties": { "id": "KV00022927-2", "HA": 0.079 }, "geometry": { "type": "MultiPolygon", "coordinates": [ [ [ [ 99.015095, 2.8181717 ], [ 99.015105, 2.8178083 ], [ 99.0154067, 2.8177517 ], [ 99.0151783, 2.8181233 ], [ 99.015095, 2.8181717 ] ] ] ] } },
{ "type": "Feature", "properties": { "id": "KV00023693-1", "HA": 0.082 }, "geometry": { "type": "MultiPolygon", "coordinates": [ [ [ [ 99.3503083, 2.6589533 ], [ 99.3502733, 2.6591967 ], [ 99.3501067, 2.6592717 ], [ 99.3500633, 2.6588667 ], [ 99.3503083, 2.6589533 ] ] ] ] } },
{ "type": "Feature", "properties": { "id": "KV00026175-1", "HA": 0.047 }, "geometry": { "type": "MultiPolygon", "coordinates": [ [ [ [ 99.0030233, 3.0023767 ], [ 99.0029267, 3.0025233 ], [ 99.0026783, 3.002445 ], [ 99.0026417, 3.0023567 ], [ 99.0030233, 3.0023767 ] ] ] ] } },
{ "type": "Feature", "properties": { "id": "KW00021365-1", "HA": 0.268 }, "geometry": { "type": "MultiPolygon", "coordinates": [ [ [ [ 99.207515, 3.1741767 ], [ 99.2076633, 3.1744033 ], [ 99.2073, 3.174875 ], [ 99.2070533, 3.1743567 ], [ 99.207515, 3.1741767 ] ] ] ] } },
{ "type": "Feature", "properties": { "id": "KW00021382-1", "HA": 0.605 }, "geometry": { "type": "MultiPolygon", "coordinates": [ [ [ [ 99.0073183, 2.98614 ], [ 99.0073767, 2.985835 ], [ 99.00878, 2.9859167 ], [ 99.0087983, 2.9862917 ], [ 99.0073183, 2.98614 ] ] ] ] } },
{ "type": "Feature", "properties": { "id": "KW00023096-1", "HA": 0.099 }, "geometry": { "type": "MultiPolygon", "coordinates": [ [ [ [ 99.1676722, 3.2888513 ], [ 99.1677783, 3.2891027 ], [ 99.1673236, 3.2890686 ], [ 99.1673731, 3.2888954 ], [ 99.1676722, 3.2888513 ] ] ] ] } },
{ "type": "Feature", "properties": { "id": "KW00023555-1", "HA": 0.017 }, "geometry": { "type": "MultiPolygon", "coordinates": [ [ [ [ 99.0161983, 3.4904567 ], [ 99.016055, 3.4905617 ], [ 99.0160783, 3.4904733 ], [ 99.0161933, 3.490315 ], [ 99.0161983, 3.4904567 ] ] ] ] } },
{ "type": "Feature", "properties": { "id": "KZ00020746-2", "HA": 0.181 }, "geometry": { "type": "MultiPolygon", "coordinates": [ [ [ [ 99.0492262, 3.4805397 ], [ 99.0491183, 3.4808181 ], [ 99.0486705, 3.4805345 ], [ 99.0488237, 3.4802859 ], [ 99.0492262, 3.4805397 ] ] ] ] } },
{ "type": "Feature", "properties": { "id": "KZ00020782-3", "HA": 0.045 }, "geometry": { "type": "MultiPolygon", "coordinates": [ [ [ [ 99.0777267, 3.4777533 ], [ 99.0774617, 3.4779233 ], [ 99.0773817, 3.4777583 ], [ 99.0775583, 3.47771 ], [ 99.0777267, 3.4777533 ] ] ] ] } },
{ "type": "Feature", "properties": { "id": "LA00022622-1", "HA": 0.091 }, "geometry": { "type": "MultiPolygon", "coordinates": [ [ [ [ 98.9907399, 2.8001902 ], [ 98.9907243, 2.8000558 ], [ 98.991212, 2.8000974 ], [ 98.9911374, 2.8002883 ], [ 98.9907399, 2.8001902 ] ] ] ] } },
{ "type": "Feature", "properties": { "id": "LA00022940-2", "HA": 0.082 }, "geometry": { "type": "MultiPolygon", "coordinates": [ [ [ [ 98.9968233, 2.9912317 ], [ 98.9969967, 2.9912133 ], [ 98.9971733, 2.99123 ], [ 98.9970683, 2.9914633 ], [ 98.9970383, 2.99155 ], [ 98.9969333, 2.9914733 ], [ 98.9968233, 2.9912317 ] ] ] ] } },
{ "type": "Feature", "properties": { "id": "LA00023119-1", "HA": 0.061 }, "geometry": { "type": "MultiPolygon", "coordinates": [ [ [ [ 99.1666826, 3.2765708 ], [ 99.1665282, 3.2765462 ], [ 99.1665349, 3.2762709 ], [ 99.1667239, 3.2762755 ], [ 99.1666826, 3.2765708 ] ] ] ] } },
{ "type": "Feature", "properties": { "id": "LA00023482-1", "HA": 0.045 }, "geometry": { "type": "MultiPolygon", "coordinates": [ [ [ [ 99.0484226, 3.441442 ], [ 99.0485109, 3.4414643 ], [ 99.0483254, 3.441873 ], [ 99.0482642, 3.4418054 ], [ 99.0484226, 3.441442 ] ] ] ] } },
{ "type": "Feature", "properties": { "id": "LB00021977-1", "HA": 0.164 }, "geometry": { "type": "MultiPolygon", "coordinates": [ [ [ [ 99.201471, 2.8395479 ], [ 99.2016255, 2.839984 ], [ 99.201349, 2.8400861 ], [ 99.201201, 2.8396707 ], [ 99.201471, 2.8395479 ] ] ] ] } },
{ "type": "Feature", "properties": { "id": "LB00022942-1", "HA": 0.265 }, "geometry": { "type": "MultiPolygon", "coordinates": [ [ [ [ 99.0477883, 2.8217467 ], [ 99.0476017, 2.82147 ], [ 99.0480867, 2.8211367 ], [ 99.0484283, 2.8212233 ], [ 99.0477883, 2.8217467 ] ] ] ] } },
{ "type": "Feature", "properties": { "id": "LB00023694-2", "HA": 0.069 }, "geometry": { "type": "MultiPolygon", "coordinates": [ [ [ [ 99.3462267, 2.65778 ], [ 99.346505, 2.6578283 ], [ 99.3465817, 2.65789 ], [ 99.3461233, 2.658025 ], [ 99.3462267, 2.65778 ] ] ] ] } },
{ "type": "Feature", "properties": { "id": "LC00022527-1", "HA": 0.029 }, "geometry": { "type": "MultiPolygon", "coordinates": [ [ [ [ 99.1451567, 3.1915933 ], [ 99.1451333, 3.1916883 ], [ 99.145055, 3.1919433 ], [ 99.1449733, 3.19178 ], [ 99.1451567, 3.1915933 ] ] ] ] } },
{ "type": "Feature", "properties": { "id": "LD00020971-1", "HA": 0.11 }, "geometry": { "type": "MultiPolygon", "coordinates": [ [ [ [ 99.0623214, 3.4852665 ], [ 99.0623621, 3.4852691 ], [ 99.0614561, 3.4865771 ], [ 99.0614187, 3.4864903 ], [ 99.0623214, 3.4852665 ] ] ] ] } },
{ "type": "Feature", "properties": { "id": "LD00021614-1", "HA": 0.2 }, "geometry": { "type": "MultiPolygon", "coordinates": [ [ [ [ 99.1190067, 2.809665 ], [ 99.118765, 2.80941 ], [ 99.1190467, 2.80897 ], [ 99.1192517, 2.8091067 ], [ 99.1190067, 2.809665 ] ] ] ] } },
{ "type": "Feature", "properties": { "id": "LD00023037-1", "HA": 0.122 }, "geometry": { "type": "MultiPolygon", "coordinates": [ [ [ [ 99.168445, 3.2885574 ], [ 99.1684028, 3.2887412 ], [ 99.1678898, 3.2887604 ], [ 99.167886, 3.2885713 ], [ 99.168445, 3.2885574 ] ] ] ] } },
{ "type": "Feature", "properties": { "id": "LD00023879-1", "HA": 0.152 }, "geometry": { "type": "MultiPolygon", "coordinates": [ [ [ [ 99.0083767, 3.0045217 ], [ 99.0083633, 3.0050633 ], [ 99.00788, 3.0048017 ], [ 99.008035, 3.0047517 ], [ 99.0083767, 3.0045217 ] ] ] ] } },
{ "type": "Feature", "properties": { "id": "LE00021220-1", "HA": 0.119 }, "geometry": { "type": "MultiPolygon", "coordinates": [ [ [ [ 99.2024022, 3.1635797 ], [ 99.2023471, 3.1637091 ], [ 99.2020833, 3.1640925 ], [ 99.2019264, 3.1637803 ], [ 99.2024022, 3.1635797 ] ] ] ] } },
{ "type": "Feature", "properties": { "id": "LE00021593-1", "HA": 0.043 }, "geometry": { "type": "MultiPolygon", "coordinates": [ [ [ [ 99.12181, 2.80082 ], [ 99.1216233, 2.8008367 ], [ 99.1217017, 2.8004517 ], [ 99.1217383, 2.8005867 ], [ 99.12181, 2.80082 ] ] ] ] } },
{ "type": "Feature", "properties": { "id": "LE00021729-1", "HA": 0.231 }, "geometry": { "type": "MultiPolygon", "coordinates": [ [ [ [ 99.17066, 2.8166533 ], [ 99.17093, 2.8164067 ], [ 99.1713917, 2.8163967 ], [ 99.171345, 2.816775 ], [ 99.17066, 2.8166533 ] ] ] ] } },
{ "type": "Feature", "properties": { "id": "LE00022204-1", "HA": 0.14 }, "geometry": { "type": "MultiPolygon", "coordinates": [ [ [ [ 99.0172621, 3.0403206 ], [ 99.016988, 3.0403282 ], [ 99.016803, 3.0403249 ], [ 99.0166847, 3.0400571 ], [ 99.0169002, 3.0399782 ], [ 99.0172621, 3.0403206 ] ] ] ] } },
{ "type": "Feature", "properties": { "id": "LE00023345-1", "HA": 0.7 }, "geometry": { "type": "MultiPolygon", "coordinates": [ [ [ [ 98.966085, 3.1237383 ], [ 98.96721, 3.1241367 ], [ 98.9670917, 3.1245333 ], [ 98.96595, 3.1242733 ], [ 98.966085, 3.1237383 ] ] ] ] } },
{ "type": "Feature", "properties": { "id": "LE00023495-1", "HA": 0.247 }, "geometry": { "type": "MultiPolygon", "coordinates": [ [ [ [ 99.0483817, 3.44188 ], [ 99.0487333, 3.4421183 ], [ 99.048685, 3.4425917 ], [ 99.04827, 3.442355 ], [ 99.0483817, 3.44188 ] ] ] ] } },
{ "type": "Feature", "properties": { "id": "LE00024235-1", "HA": 0.513 }, "geometry": { "type": "MultiPolygon", "coordinates": [ [ [ [ 99.1795725, 2.8313883 ], [ 99.179597, 2.8313859 ], [ 99.1792749, 2.8325764 ], [ 99.1785027, 2.8322777 ], [ 99.1790929, 2.8319744 ], [ 99.1795725, 2.8313883 ] ] ] ] } },
{ "type": "Feature", "properties": { "id": "LF00020958-1", "HA": 0.107 }, "geometry": { "type": "MultiPolygon", "coordinates": [ [ [ [ 99.0618801, 3.4815908 ], [ 99.0620302, 3.4816394 ], [ 99.0620686, 3.4814685 ], [ 99.0621937, 3.4815082 ], [ 99.0623248, 3.4816525 ], [ 99.06222, 3.4819152 ], [ 99.0618801, 3.4815908 ] ] ] ] } },
{ "type": "Feature", "properties": { "id": "LF00022029-1", "HA": 0.064 }, "geometry": { "type": "MultiPolygon", "coordinates": [ [ [ [ 99.0104233, 2.9767367 ], [ 99.0103317, 2.9765867 ], [ 99.0102433, 2.9764583 ], [ 99.0104833, 2.976245 ], [ 99.0104233, 2.9767367 ] ] ] ] } },
{ "type": "Feature", "properties": { "id": "LF00024338-1", "HA": 0.18 }, "geometry": { "type": "MultiPolygon", "coordinates": [ [ [ [ 98.9765217, 3.3765033 ], [ 98.976995, 3.3756533 ], [ 98.97706, 3.3759667 ], [ 98.9768017, 3.3763917 ], [ 98.9765217, 3.3765033 ] ] ] ] } },
{ "type": "Feature", "properties": { "id": "LG00024669-1", "HA": 0.02 }, "geometry": { "type": "MultiPolygon", "coordinates": [ [ [ [ 98.1823643, 3.4281151 ], [ 98.1824322, 3.4278962 ], [ 98.1824773, 3.4280005 ], [ 98.182403, 3.428214 ], [ 98.1823643, 3.4281151 ] ] ] ] } },
{ "type": "Feature", "properties": { "id": "LH00021550-1", "HA": 0.152 }, "geometry": { "type": "MultiPolygon", "coordinates": [ [ [ [ 99.1171, 3.033545 ], [ 99.1167583, 3.0345833 ], [ 99.1166333, 3.0346717 ], [ 99.11652, 3.03463 ], [ 99.1171, 3.033545 ] ] ] ] } },
{ "type": "Feature", "properties": { "id": "LH00023212-1", "HA": 0.083 }, "geometry": { "type": "MultiPolygon", "coordinates": [ [ [ [ 99.1728983, 3.2746933 ], [ 99.1731717, 3.2747717 ], [ 99.1731567, 3.275005 ], [ 99.1729917, 3.27508 ], [ 99.1728983, 3.2746933 ] ] ] ] } },
{ "type": "Feature", "properties": { "id": "LI00020670-1", "HA": 0.156 }, "geometry": { "type": "MultiPolygon", "coordinates": [ [ [ [ 99.06336, 3.4673783 ], [ 99.0635167, 3.46722 ], [ 99.06395, 3.467545 ], [ 99.06373, 3.46771 ], [ 99.06364, 3.4677183 ], [ 99.0635883, 3.4675417 ], [ 99.06336, 3.4673783 ] ] ] ] } },
{ "type": "Feature", "properties": { "id": "LI00021950-1", "HA": 0.33 }, "geometry": { "type": "MultiPolygon", "coordinates": [ [ [ [ 99.006535, 2.9864467 ], [ 99.0057233, 2.986375 ], [ 99.0058883, 2.9859833 ], [ 99.0066333, 2.9861967 ], [ 99.006535, 2.9864467 ] ] ] ] } },
{ "type": "Feature", "properties": { "id": "LI00021979-3", "HA": 0.381 }, "geometry": { "type": "MultiPolygon", "coordinates": [ [ [ [ 99.0054903, 2.976513 ], [ 99.0049192, 2.9757153 ], [ 99.0052361, 2.9756298 ], [ 99.005438, 2.9757369 ], [ 99.0057128, 2.9766112 ], [ 99.0054903, 2.976513 ] ] ] ] } },
{ "type": "Feature", "properties": { "id": "LI00023244-2", "HA": 0.156 }, "geometry": { "type": "MultiPolygon", "coordinates": [ [ [ [ 99.1643483, 3.2791167 ], [ 99.1648317, 3.2791983 ], [ 99.16475, 3.2794533 ], [ 99.1643033, 3.2793883 ], [ 99.1643483, 3.2791167 ] ] ] ] } },
{ "type": "Feature", "properties": { "id": "LI00023375-1", "HA": 0.106 }, "geometry": { "type": "MultiPolygon", "coordinates": [ [ [ [ 99.16446, 3.2946683 ], [ 99.1648617, 3.295295 ], [ 99.16446, 3.29506 ], [ 99.16442, 3.295015 ], [ 99.16446, 3.2946683 ] ] ] ] } },
{ "type": "Feature", "properties": { "id": "LI00023472-1", "HA": 0.045 }, "geometry": { "type": "MultiPolygon", "coordinates": [ [ [ [ 99.0656367, 3.44353 ], [ 99.06575, 3.4435683 ], [ 99.065545, 3.4437717 ], [ 99.0654117, 3.443665 ], [ 99.0656367, 3.44353 ] ] ] ] } },
{ "type": "Feature", "properties": { "id": "LJ00020922-1", "HA": 0.04 }, "geometry": { "type": "MultiPolygon", "coordinates": [ [ [ [ 99.0930717, 3.4758717 ], [ 99.0930717, 3.4758717 ], [ 99.09286, 3.4758667 ], [ 99.09268, 3.4757233 ], [ 99.09268, 3.4757233 ], [ 99.0926733, 3.4756317 ], [ 99.0930717, 3.4758717 ] ] ] ] } },
{ "type": "Feature", "properties": { "id": "LJ00023189-1", "HA": 0.249 }, "geometry": { "type": "MultiPolygon", "coordinates": [ [ [ [ 99.1669053, 3.2927227 ], [ 99.167152, 3.2933182 ], [ 99.1666263, 3.293404 ], [ 99.1667964, 3.2927347 ], [ 99.1669053, 3.2927227 ] ] ] ] } },
{ "type": "Feature", "properties": { "id": "LJ00023542-1", "HA": 0.057 }, "geometry": { "type": "MultiPolygon", "coordinates": [ [ [ [ 99.0491683, 3.4313833 ], [ 99.0488417, 3.43114 ], [ 99.0489, 3.431055 ], [ 99.049235, 3.4312783 ], [ 99.0491683, 3.4313833 ] ] ] ] } },
{ "type": "Feature", "properties": { "id": "LJ00023685-2", "HA": 0.103 }, "geometry": { "type": "MultiPolygon", "coordinates": [ [ [ [ 99.346329, 2.6576134 ], [ 99.3462533, 2.6573368 ], [ 99.3465234, 2.6573327 ], [ 99.3466422, 2.6576339 ], [ 99.346329, 2.6576134 ] ] ] ] } },
{ "type": "Feature", "properties": { "id": "LK00022173-1", "HA": 0.046 }, "geometry": { "type": "MultiPolygon", "coordinates": [ [ [ [ 99.0079114, 2.9697973 ], [ 99.007762, 2.9700631 ], [ 99.0077645, 2.9699528 ], [ 99.0074398, 2.9699536 ], [ 99.0073843, 2.9699801 ], [ 99.0075627, 2.969894 ], [ 99.0079114, 2.9697973 ] ] ] ] } },
{ "type": "Feature", "properties": { "id": "LK00022662-2", "HA": 0.201 }, "geometry": { "type": "MultiPolygon", "coordinates": [ [ [ [ 99.05195, 2.82154 ], [ 99.0517633, 2.82129 ], [ 99.0521683, 2.8209033 ], [ 99.0523417, 2.8211017 ], [ 99.05195, 2.82154 ] ] ] ] } },
{ "type": "Feature", "properties": { "id": "LL00022012-1", "HA": 0.294 }, "geometry": { "type": "MultiPolygon", "coordinates": [ [ [ [ 99.1359283, 2.8083267 ], [ 99.13605, 2.8078483 ], [ 99.1365317, 2.808125 ], [ 99.1363133, 2.8085533 ], [ 99.1359283, 2.8083267 ] ] ] ] } },
{ "type": "Feature", "properties": { "id": "LL00023114-1", "HA": 0.031 }, "geometry": { "type": "MultiPolygon", "coordinates": [ [ [ [ 99.171855, 3.2746117 ], [ 99.1717283, 3.2745333 ], [ 99.1713767, 3.27454 ], [ 99.1716533, 3.2744167 ], [ 99.171855, 3.2746117 ] ] ] ] } },
{ "type": "Feature", "properties": { "id": "LM00021155-3", "HA": 0.143 }, "geometry": { "type": "MultiPolygon", "coordinates": [ [ [ [ 99.052225, 3.4587367 ], [ 99.052045, 3.4586433 ], [ 99.0521317, 3.4581583 ], [ 99.052355, 3.4580617 ], [ 99.052225, 3.4587367 ] ] ] ] } },
{ "type": "Feature", "properties": { "id": "LM00021982-1", "HA": 0.141 }, "geometry": { "type": "MultiPolygon", "coordinates": [ [ [ [ 99.1852233, 2.8209367 ], [ 99.1852783, 2.8204783 ], [ 99.1856383, 2.8205617 ], [ 99.1853383, 2.820975 ], [ 99.1852233, 2.8209367 ] ] ] ] } },
{ "type": "Feature", "properties": { "id": "LM00022520-1", "HA": 0.087 }, "geometry": { "type": "MultiPolygon", "coordinates": [ [ [ [ 99.1640702, 3.2190055 ], [ 99.1640261, 3.2190986 ], [ 99.1636945, 3.219269 ], [ 99.1636619, 3.2189793 ], [ 99.1640702, 3.2190055 ] ] ] ] } },
{ "type": "Feature", "properties": { "id": "LN00021499-1", "HA": 0.13 }, "geometry": { "type": "MultiPolygon", "coordinates": [ [ [ [ 99.1917617, 3.139175 ], [ 99.1915733, 3.13917 ], [ 99.191535, 3.1388433 ], [ 99.191695, 3.1387667 ], [ 99.1919083, 3.1388167 ], [ 99.1918733, 3.13888 ], [ 99.1917617, 3.139175 ] ] ] ] } },
{ "type": "Feature", "properties": { "id": "LN00021562-1", "HA": 0.133 }, "geometry": { "type": "MultiPolygon", "coordinates": [ [ [ [ 99.1225267, 3.0338917 ], [ 99.1230867, 3.033785 ], [ 99.1231983, 3.0338433 ], [ 99.1229867, 3.034115 ], [ 99.1225267, 3.0338917 ] ] ] ] } },
{ "type": "Feature", "properties": { "id": "LN00021944-2", "HA": 0.057 }, "geometry": { "type": "MultiPolygon", "coordinates": [ [ [ [ 99.0085012, 2.9788826 ], [ 99.0081654, 2.9789625 ], [ 99.008062, 2.9789701 ], [ 99.0080683, 2.9787703 ], [ 99.0085012, 2.9788826 ] ] ] ] } },
{ "type": "Feature", "properties": { "id": "LN00022337-1", "HA": 0.335 }, "geometry": { "type": "MultiPolygon", "coordinates": [ [ [ [ 99.0505233, 2.829975 ], [ 99.0501867, 2.8301783 ], [ 99.0499367, 2.83004 ], [ 99.0498817, 2.8292833 ], [ 99.0505233, 2.829975 ] ] ] ] } },
{ "type": "Feature", "properties": { "id": "LN00022643-3", "HA": 0.307 }, "geometry": { "type": "MultiPolygon", "coordinates": [ [ [ [ 99.0842533, 3.1082567 ], [ 99.0857933, 3.1090133 ], [ 99.083985, 3.108435 ], [ 99.0841517, 3.1082417 ], [ 99.0842533, 3.1082567 ] ] ] ] } },
{ "type": "Feature", "properties": { "id": "LN00023072-1", "HA": 0.137 }, "geometry": { "type": "MultiPolygon", "coordinates": [ [ [ [ 98.9696442, 2.8212542 ], [ 98.9698181, 2.8211408 ], [ 98.9703755, 2.8214021 ], [ 98.9701553, 2.8215136 ], [ 98.9696442, 2.8212542 ] ] ] ] } },
{ "type": "Feature", "properties": { "id": "LN00024191-1", "HA": 0.041 }, "geometry": { "type": "MultiPolygon", "coordinates": [ [ [ [ 98.97302, 3.3776617 ], [ 98.9732317, 3.3777183 ], [ 98.9733417, 3.3779167 ], [ 98.9732567, 3.3779467 ], [ 98.97302, 3.3776617 ] ] ] ] } },
{ "type": "Feature", "properties": { "id": "LO00022925-1", "HA": 0.028 }, "geometry": { "type": "MultiPolygon", "coordinates": [ [ [ [ 99.0544817, 2.8043017 ], [ 99.0542917, 2.8042667 ], [ 99.05423, 2.8041533 ], [ 99.054335, 2.8041133 ], [ 99.0544817, 2.8043017 ] ] ] ] } },
{ "type": "Feature", "properties": { "id": "LO00023881-2", "HA": 0.084 }, "geometry": { "type": "MultiPolygon", "coordinates": [ [ [ [ 99.006305, 3.00182 ], [ 99.0064783, 3.0018667 ], [ 99.0065883, 3.0020067 ], [ 99.0064783, 3.00229 ], [ 99.0064167, 3.0022233 ], [ 99.006305, 3.00182 ] ] ] ] } },
{ "type": "Feature", "properties": { "id": "LP00023038-1", "HA": 0.155 }, "geometry": { "type": "MultiPolygon", "coordinates": [ [ [ [ 99.1666933, 3.294495 ], [ 99.1666867, 3.2940883 ], [ 99.1670617, 3.294075 ], [ 99.1670433, 3.294365 ], [ 99.1666933, 3.294495 ] ] ] ] } },
{ "type": "Feature", "properties": { "id": "LQ00027248-1", "HA": 0.372 }, "geometry": { "type": "MultiPolygon", "coordinates": [ [ [ [ 99.0494303, 2.8063898 ], [ 99.0491317, 2.8060363 ], [ 99.0497914, 2.8056673 ], [ 99.0499789, 2.806015 ], [ 99.0494303, 2.8063898 ] ] ] ] } },
{ "type": "Feature", "properties": { "id": "LR00022610-1", "HA": 0.186 }, "geometry": { "type": "MultiPolygon", "coordinates": [ [ [ [ 99.0601167, 3.1078133 ], [ 99.0602017, 3.108405 ], [ 99.0599167, 3.1083283 ], [ 99.0598633, 3.107765 ], [ 99.0601167, 3.1078133 ] ] ] ] } },
{ "type": "Feature", "properties": { "id": "LR00023491-1", "HA": 0.029 }, "geometry": { "type": "MultiPolygon", "coordinates": [ [ [ [ 99.0631841, 3.4449254 ], [ 99.0633742, 3.445011 ], [ 99.0634834, 3.4451757 ], [ 99.063378, 3.4451744 ], [ 99.0631841, 3.4449254 ] ] ] ] } },
{ "type": "Feature", "properties": { "id": "LS00023184-1", "HA": 0.015 }, "geometry": { "type": "MultiPolygon", "coordinates": [ [ [ [ 98.963555, 2.932359 ], [ 98.963502, 2.9324508 ], [ 98.963408, 2.932617 ], [ 98.963352, 2.9325444 ], [ 98.963555, 2.932359 ] ] ] ] } },
{ "type": "Feature", "properties": { "id": "LT00021090-1", "HA": 0.172 }, "geometry": { "type": "MultiPolygon", "coordinates": [ [ [ [ 99.0451187, 3.4399261 ], [ 99.0452575, 3.4402033 ], [ 99.0449303, 3.4404136 ], [ 99.0446644, 3.4402517 ], [ 99.0451187, 3.4399261 ] ] ] ] } },
{ "type": "Feature", "properties": { "id": "LU00023475-2", "HA": 0.045 }, "geometry": { "type": "MultiPolygon", "coordinates": [ [ [ [ 99.038845, 3.4361467 ], [ 99.0384733, 3.4364817 ], [ 99.0386167, 3.4362317 ], [ 99.0387133, 3.4360683 ], [ 99.038845, 3.4361467 ] ] ] ] } },
{ "type": "Feature", "properties": { "id": "LU00023683-1", "HA": 0.057 }, "geometry": { "type": "MultiPolygon", "coordinates": [ [ [ [ 99.3527883, 2.66169 ], [ 99.3527567, 2.661335 ], [ 99.3529267, 2.661175 ], [ 99.3528533, 2.6616483 ], [ 99.3527883, 2.66169 ] ] ] ] } },
{ "type": "Feature", "properties": { "id": "LV00022661-1", "HA": 0.364 }, "geometry": { "type": "MultiPolygon", "coordinates": [ [ [ [ 99.0112918, 2.8133295 ], [ 99.0111297, 2.8127121 ], [ 99.0113607, 2.8125029 ], [ 99.0118193, 2.8130306 ], [ 99.0112918, 2.8133295 ] ] ] ] } },
{ "type": "Feature", "properties": { "id": "LW00022485-2", "HA": 0.041 }, "geometry": { "type": "MultiPolygon", "coordinates": [ [ [ [ 99.1463967, 3.2066233 ], [ 99.1464283, 3.2067083 ], [ 99.1462533, 3.20684 ], [ 99.1461633, 3.206645 ], [ 99.1463967, 3.2066233 ] ] ] ] } },
{ "type": "Feature", "properties": { "id": "LW00023885-1", "HA": 0.028 }, "geometry": { "type": "MultiPolygon", "coordinates": [ [ [ [ 99.0066717, 3.0019067 ], [ 99.006765, 3.0017217 ], [ 99.0067467, 3.0017067 ], [ 99.007045, 3.0015867 ], [ 99.0066717, 3.0019067 ] ] ] ] } },
{ "type": "Feature", "properties": { "id": "LX00026072-1", "HA": 0.095 }, "geometry": { "type": "MultiPolygon", "coordinates": [ [ [ [ 98.9914, 3.003885 ], [ 98.9914267, 3.0043167 ], [ 98.991155, 3.0042633 ], [ 98.991225, 3.003995 ], [ 98.9914, 3.003885 ] ] ] ] } },
{ "type": "Feature", "properties": { "id": "LY00022126-1", "HA": 0.025 }, "geometry": { "type": "MultiPolygon", "coordinates": [ [ [ [ 99.0213939, 3.0036699 ], [ 99.021493, 3.0036461 ], [ 99.0216308, 3.0036637 ], [ 99.0216377, 3.0038137 ], [ 99.0213939, 3.0036699 ] ] ] ] } },
{ "type": "Feature", "properties": { "id": "LY00023048-2", "HA": 0.047 }, "geometry": { "type": "MultiPolygon", "coordinates": [ [ [ [ 99.014835, 2.8182133 ], [ 99.0151683, 2.818315 ], [ 99.0151783, 2.8185183 ], [ 99.0150867, 2.81851 ], [ 99.01506, 2.81842 ], [ 99.0149933, 2.818355 ], [ 99.014835, 2.8182133 ] ] ] ] } },
{ "type": "Feature", "properties": { "id": "LY00024783-1", "HA": 0.123 }, "geometry": { "type": "MultiPolygon", "coordinates": [ [ [ [ 99.4589168, 2.5972363 ], [ 99.4585436, 2.5972194 ], [ 99.4585744, 2.597035 ], [ 99.4590019, 2.5969036 ], [ 99.4589168, 2.5972363 ] ] ] ] } },
{ "type": "Feature", "properties": { "id": "LZ00021366-1", "HA": 0.114 }, "geometry": { "type": "MultiPolygon", "coordinates": [ [ [ [ 99.2153333, 3.1717533 ], [ 99.21544, 3.1716733 ], [ 99.216975, 3.1704283 ], [ 99.216955, 3.1705633 ], [ 99.2153333, 3.1717533 ] ] ] ] } },
{ "type": "Feature", "properties": { "id": "LZ00023583-1", "HA": 0.105 }, "geometry": { "type": "MultiPolygon", "coordinates": [ [ [ [ 99.0465663, 3.4182318 ], [ 99.0459822, 3.4184453 ], [ 99.0459228, 3.4183153 ], [ 99.046316, 3.4181362 ], [ 99.0465663, 3.4182318 ] ] ] ] } },
{ "type": "Feature", "properties": { "id": "LZ00024810-1", "HA": 0.094 }, "geometry": { "type": "MultiPolygon", "coordinates": [ [ [ [ 99.458745, 2.5966 ], [ 99.4584783, 2.596545 ], [ 99.4588783, 2.5961583 ], [ 99.4589617, 2.5960883 ], [ 99.458745, 2.5966 ] ] ] ] } },
{ "type": "Feature", "properties": { "id": "MA00017026-1", "HA": 986.919 }, "geometry": { "type": "MultiPolygon", "coordinates": [ [ [ [ 99.3217927, 2.6986574 ], [ 99.319254, 2.6905824 ], [ 99.3181328, 2.6860977 ], [ 99.3187042, 2.6813117 ], [ 99.3175881, 2.6762502 ], [ 99.3327566, 2.6669027 ], [ 99.3522447, 2.6875028 ], [ 99.351275, 2.6996175 ], [ 99.3217927, 2.6986574 ] ] ] ] } },
{ "type": "Feature", "properties": { "id": "MB00022824-3", "HA": 0.244 }, "geometry": { "type": "MultiPolygon", "coordinates": [ [ [ [ 99.0065617, 2.98063 ], [ 99.0065467, 2.9796517 ], [ 99.0067833, 2.9796617 ], [ 99.0067583, 2.9805167 ], [ 99.0065617, 2.98063 ] ] ] ] } },
{ "type": "Feature", "properties": { "id": "MC00021102-1", "HA": 0.208 }, "geometry": { "type": "MultiPolygon", "coordinates": [ [ [ [ 99.0578482, 3.4489769 ], [ 99.058163, 3.4488264 ], [ 99.0584006, 3.4490933 ], [ 99.0581294, 3.4494329 ], [ 99.0578482, 3.4489769 ] ] ] ] } },
{ "type": "Feature", "properties": { "id": "MD00021609-1", "HA": 0.388 }, "geometry": { "type": "MultiPolygon", "coordinates": [ [ [ [ 99.1257217, 2.8062967 ], [ 99.1259733, 2.8065133 ], [ 99.125625, 2.807105 ], [ 99.1253667, 2.80698 ], [ 99.1252167, 2.806745 ], [ 99.1257217, 2.8062967 ] ] ] ] } },
{ "type": "Feature", "properties": { "id": "MD00021735-1", "HA": 0.307 }, "geometry": { "type": "MultiPolygon", "coordinates": [ [ [ [ 99.1418791, 2.8205877 ], [ 99.1415109, 2.821274 ], [ 99.1411636, 2.8210591 ], [ 99.1415768, 2.8205315 ], [ 99.1418791, 2.8205877 ] ] ] ] } },
{ "type": "Feature", "properties": { "id": "ME00021751-1", "HA": 0.184 }, "geometry": { "type": "MultiPolygon", "coordinates": [ [ [ [ 99.0807717, 2.7791833 ], [ 99.0803683, 2.7789767 ], [ 99.0809183, 2.7788167 ], [ 99.0812317, 2.778855 ], [ 99.0807717, 2.7791833 ] ] ] ] } },
{ "type": "Feature", "properties": { "id": "ME00023849-1", "HA": 0.128 }, "geometry": { "type": "MultiPolygon", "coordinates": [ [ [ [ 99.0044152, 3.0005714 ], [ 99.004024, 3.0004701 ], [ 99.0041496, 3.0002093 ], [ 99.0044227, 3.0002312 ], [ 99.0044152, 3.0005714 ] ] ] ] } },
{ "type": "Feature", "properties": { "id": "MF00021601-2", "HA": 0.12 }, "geometry": { "type": "MultiPolygon", "coordinates": [ [ [ [ 99.1193785, 3.0324841 ], [ 99.1200085, 3.032687 ], [ 99.1198484, 3.0328221 ], [ 99.1194082, 3.0326695 ], [ 99.1193785, 3.0324841 ] ] ] ] } },
{ "type": "Feature", "properties": { "id": "MF00022709-1", "HA": 0.237 }, "geometry": { "type": "MultiPolygon", "coordinates": [ [ [ [ 99.7230744, 2.8788529 ], [ 99.7232278, 2.879437 ], [ 99.7229876, 2.8793383 ], [ 99.7228187, 2.8792744 ], [ 99.7225631, 2.8790167 ], [ 99.7230744, 2.8788529 ] ] ] ] } },
{ "type": "Feature", "properties": { "id": "MF00024827-1", "HA": 0.117 }, "geometry": { "type": "MultiPolygon", "coordinates": [ [ [ [ 99.4566602, 2.6012585 ], [ 99.4565203, 2.6011835 ], [ 99.4566282, 2.600895 ], [ 99.457019, 2.6008826 ], [ 99.4566602, 2.6012585 ] ] ] ] } },
{ "type": "Feature", "properties": { "id": "MF00025834-1", "HA": 0.182 }, "geometry": { "type": "MultiPolygon", "coordinates": [ [ [ [ 99.0047833, 2.80743 ], [ 99.0044467, 2.8072317 ], [ 99.0047217, 2.8068667 ], [ 99.00495, 2.8070417 ], [ 99.0047833, 2.80743 ] ] ] ] } },
{ "type": "Feature", "properties": { "id": "MG00022134-1", "HA": 0.1 }, "geometry": { "type": "MultiPolygon", "coordinates": [ [ [ [ 99.0218883, 3.0026283 ], [ 99.0220183, 3.0022967 ], [ 99.0223567, 3.0026217 ], [ 99.0222783, 3.00264 ], [ 99.0218883, 3.0026283 ] ] ] ] } },
{ "type": "Feature", "properties": { "id": "MG00022301-1", "HA": 0.068 }, "geometry": { "type": "MultiPolygon", "coordinates": [ [ [ [ 99.1658467, 3.2144417 ], [ 99.1658417, 3.2140317 ], [ 99.16604, 3.2139917 ], [ 99.165945, 3.2143633 ], [ 99.1658467, 3.2144417 ] ] ] ] } },
{ "type": "Feature", "properties": { "id": "MH00024716-1", "HA": 0.269 }, "geometry": { "type": "MultiPolygon", "coordinates": [ [ [ [ 99.47119, 2.6246817 ], [ 99.4711117, 2.6244733 ], [ 99.4716183, 2.6240083 ], [ 99.471935, 2.6242 ], [ 99.47119, 2.6246817 ] ] ] ] } },
{ "type": "Feature", "properties": { "id": "MI00023122-1", "HA": 0.128 }, "geometry": { "type": "MultiPolygon", "coordinates": [ [ [ [ 99.167415, 3.2764383 ], [ 99.1674383, 3.275965 ], [ 99.1675967, 3.2758867 ], [ 99.1676933, 3.27634 ], [ 99.167415, 3.2764383 ] ] ] ] } },
{ "type": "Feature", "properties": { "id": "MJ00020794-1", "HA": 0.639 }, "geometry": { "type": "MultiPolygon", "coordinates": [ [ [ [ 99.052275, 3.4786617 ], [ 99.051592, 3.4793468 ], [ 99.0511968, 3.4787926 ], [ 99.0517268, 3.4783723 ], [ 99.0520299, 3.4786212 ], [ 99.0521647, 3.4784127 ], [ 99.052275, 3.4786617 ] ] ] ] } },
{ "type": "Feature", "properties": { "id": "MJ00023254-2", "HA": 0.026 }, "geometry": { "type": "MultiPolygon", "coordinates": [ [ [ [ 99.1678663, 3.2503173 ], [ 99.1679103, 3.2503049 ], [ 99.1680547, 3.2505211 ], [ 99.1678369, 3.2504497 ], [ 99.1678663, 3.2503173 ] ] ] ] } },
{ "type": "Feature", "properties": { "id": "MK00021907-1", "HA": 0.258 }, "geometry": { "type": "MultiPolygon", "coordinates": [ [ [ [ 99.0071433, 2.988555 ], [ 99.00677, 2.9887233 ], [ 99.0063683, 2.9887633 ], [ 99.0066883, 2.9882033 ], [ 99.0071433, 2.988555 ] ] ] ] } },
{ "type": "Feature", "properties": { "id": "MK00022534-1", "HA": 0.085 }, "geometry": { "type": "MultiPolygon", "coordinates": [ [ [ [ 99.1737899, 3.2127489 ], [ 99.1734, 3.2133831 ], [ 99.1733341, 3.2133065 ], [ 99.1736056, 3.2128274 ], [ 99.1737899, 3.2127489 ] ] ] ] } },
{ "type": "Feature", "properties": { "id": "MK00024572-1", "HA": 0.018 }, "geometry": { "type": "MultiPolygon", "coordinates": [ [ [ [ 98.9708767, 3.37736 ], [ 98.9707817, 3.3773717 ], [ 98.9707033, 3.3772717 ], [ 98.9707217, 3.37717 ], [ 98.9708767, 3.37736 ] ] ] ] } },
{ "type": "Feature", "properties": { "id": "ML00020959-1", "HA": 0.123 }, "geometry": { "type": "MultiPolygon", "coordinates": [ [ [ [ 99.0845967, 3.4768533 ], [ 99.0847, 3.4763633 ], [ 99.0848883, 3.4763933 ], [ 99.0848133, 3.4768717 ], [ 99.0845967, 3.4768533 ] ] ] ] } },
{ "type": "Feature", "properties": { "id": "MM00026076-1", "HA": 0.011 }, "geometry": { "type": "MultiPolygon", "coordinates": [ [ [ [ 99.0346602, 3.0053574 ], [ 99.0346992, 3.0053735 ], [ 99.0348804, 3.0053965 ], [ 99.0348998, 3.0054894 ], [ 99.0346602, 3.0053574 ] ] ] ] } },
{ "type": "Feature", "properties": { "id": "MN00022302-1", "HA": 0.177 }, "geometry": { "type": "MultiPolygon", "coordinates": [ [ [ [ 99.1656017, 3.2089519 ], [ 99.1654719, 3.2092175 ], [ 99.1652101, 3.2092416 ], [ 99.1651511, 3.2087213 ], [ 99.1656017, 3.2089519 ] ] ] ] } },
{ "type": "Feature", "properties": { "id": "MN00023344-2", "HA": 0.028 }, "geometry": { "type": "MultiPolygon", "coordinates": [ [ [ [ 98.943575, 3.1071083 ], [ 98.943325, 3.1071133 ], [ 98.9432267, 3.1070667 ], [ 98.943395, 3.10699 ], [ 98.943575, 3.1071083 ] ] ] ] } },
{ "type": "Feature", "properties": { "id": "MN00023503-1", "HA": 0.166 }, "geometry": { "type": "MultiPolygon", "coordinates": [ [ [ [ 99.0426267, 3.45524 ], [ 99.04305, 3.45468 ], [ 99.0432333, 3.4546533 ], [ 99.0426517, 3.4555117 ], [ 99.0426267, 3.45524 ] ] ] ] } },
{ "type": "Feature", "properties": { "id": "MO00022856-1", "HA": 0.105 }, "geometry": { "type": "MultiPolygon", "coordinates": [ [ [ [ 99.0083467, 2.7843233 ], [ 99.00857, 2.7846183 ], [ 99.0083217, 2.7846917 ], [ 99.0081267, 2.78432 ], [ 99.0083467, 2.7843233 ] ] ] ] } },
{ "type": "Feature", "properties": { "id": "MP00022471-2", "HA": 0.051 }, "geometry": { "type": "MultiPolygon", "coordinates": [ [ [ [ 99.1631724, 3.2189301 ], [ 99.1633159, 3.2191214 ], [ 99.1631499, 3.2192604 ], [ 99.1630573, 3.2192208 ], [ 99.1631724, 3.2189301 ] ] ] ] } },
{ "type": "Feature", "properties": { "id": "MP00024595-1", "HA": 0.164 }, "geometry": { "type": "MultiPolygon", "coordinates": [ [ [ [ 98.9754708, 3.3774156 ], [ 98.9754522, 3.377698 ], [ 98.9750885, 3.3776811 ], [ 98.9749984, 3.3773139 ], [ 98.9754708, 3.3774156 ] ] ] ] } },
{ "type": "Feature", "properties": { "id": "MP00024990-1", "HA": 0.054 }, "geometry": { "type": "MultiPolygon", "coordinates": [ [ [ [ 98.9944667, 3.0143283 ], [ 98.9947733, 3.0143017 ], [ 98.9948317, 3.0144783 ], [ 98.994585, 3.0144667 ], [ 98.9944667, 3.0143283 ] ] ] ] } },
{ "type": "Feature", "properties": { "id": "MQ00022469-2", "HA": 0.034 }, "geometry": { "type": "MultiPolygon", "coordinates": [ [ [ [ 99.07752, 3.1224183 ], [ 99.077595, 3.1222433 ], [ 99.077685, 3.122215 ], [ 99.0776717, 3.122485 ], [ 99.07752, 3.1224183 ] ] ] ] } },
{ "type": "Feature", "properties": { "id": "MQ00024356-2", "HA": 0.189 }, "geometry": { "type": "MultiPolygon", "coordinates": [ [ [ [ 99.0061467, 3.0009333 ], [ 99.006035, 3.000535 ], [ 99.0060917, 3.00037 ], [ 99.00635, 3.000355 ], [ 99.0063333, 3.0005083 ], [ 99.00643, 3.0008133 ], [ 99.0061467, 3.0009333 ] ] ] ] } },
{ "type": "Feature", "properties": { "id": "MQ00025180-1", "HA": 0.165 }, "geometry": { "type": "MultiPolygon", "coordinates": [ [ [ [ 99.0068584, 3.015162 ], [ 99.0072836, 3.0154449 ], [ 99.0070244, 3.0156388 ], [ 99.0066369, 3.0152079 ], [ 99.0068584, 3.015162 ] ] ] ] } },
{ "type": "Feature", "properties": { "id": "MR00021223-1", "HA": 0.169 }, "geometry": { "type": "MultiPolygon", "coordinates": [ [ [ [ 99.2012167, 3.1647333 ], [ 99.2013667, 3.1650467 ], [ 99.200955, 3.16527 ], [ 99.20094, 3.1651717 ], [ 99.2010183, 3.1651267 ], [ 99.20093, 3.164795 ], [ 99.2012167, 3.1647333 ] ] ] ] } },
{ "type": "Feature", "properties": { "id": "MR00021920-1", "HA": 0.039 }, "geometry": { "type": "MultiPolygon", "coordinates": [ [ [ [ 99.007545, 2.97695 ], [ 99.0075233, 2.9768633 ], [ 99.0079083, 2.9768633 ], [ 99.007875, 2.9769533 ], [ 99.007545, 2.97695 ] ] ] ] } },
{ "type": "Feature", "properties": { "id": "MR00022344-1", "HA": 0.043 }, "geometry": { "type": "MultiPolygon", "coordinates": [ [ [ [ 99.1432117, 3.2026517 ], [ 99.143005, 3.20281 ], [ 99.1426767, 3.2029133 ], [ 99.1429367, 3.2027117 ], [ 99.1432117, 3.2026517 ] ] ] ] } },
{ "type": "Feature", "properties": { "id": "MS00024681-1", "HA": 0.108 }, "geometry": { "type": "MultiPolygon", "coordinates": [ [ [ [ 99.4639298, 2.5850195 ], [ 99.4632033, 2.585403 ], [ 99.4631294, 2.5852779 ], [ 99.4631259, 2.5852085 ], [ 99.4639298, 2.5850195 ] ] ] ] } },
{ "type": "Feature", "properties": { "id": "MS00026613-1", "HA": 0.066 }, "geometry": { "type": "MultiPolygon", "coordinates": [ [ [ [ 99.001965, 2.9985733 ], [ 99.0020617, 2.99858 ], [ 99.0020333, 2.999 ], [ 99.0018467, 2.9988017 ], [ 99.001965, 2.9985733 ] ] ] ] } },
{ "type": "Feature", "properties": { "id": "MT00022629-1", "HA": 0.037 }, "geometry": { "type": "MultiPolygon", "coordinates": [ [ [ [ 99.0492633, 2.8224317 ], [ 99.0494067, 2.8222967 ], [ 99.0496067, 2.8224533 ], [ 99.0494483, 2.822475 ], [ 99.0492633, 2.8224317 ] ] ] ] } },
{ "type": "Feature", "properties": { "id": "MT00023688-1", "HA": 0.012 }, "geometry": { "type": "MultiPolygon", "coordinates": [ [ [ [ 99.3533097, 2.6619167 ], [ 99.3532985, 2.6618224 ], [ 99.3533882, 2.6618147 ], [ 99.3534536, 2.6618797 ], [ 99.3533097, 2.6619167 ] ] ] ] } },
{ "type": "Feature", "properties": { "id": "MT00026167-1", "HA": 0.013 }, "geometry": { "type": "MultiPolygon", "coordinates": [ [ [ [ 99.0348463, 2.9973408 ], [ 99.0349539, 2.9972464 ], [ 99.0349937, 2.9971672 ], [ 99.0350918, 2.9972271 ], [ 99.0348463, 2.9973408 ] ] ] ] } },
{ "type": "Feature", "properties": { "id": "MU00023354-1", "HA": 0.043 }, "geometry": { "type": "MultiPolygon", "coordinates": [ [ [ [ 98.9584867, 3.1010517 ], [ 98.9586583, 3.100975 ], [ 98.958765, 3.1011333 ], [ 98.9585867, 3.1012033 ], [ 98.9584867, 3.1010517 ] ] ] ] } },
{ "type": "Feature", "properties": { "id": "MV00020786-1", "HA": 0.132 }, "geometry": { "type": "MultiPolygon", "coordinates": [ [ [ [ 99.06548, 3.4684917 ], [ 99.065785, 3.4689867 ], [ 99.0656317, 3.46909 ], [ 99.0653283, 3.4686067 ], [ 99.06548, 3.4684917 ] ] ] ] } },
{ "type": "Feature", "properties": { "id": "MV00021287-1", "HA": 0.123 }, "geometry": { "type": "MultiPolygon", "coordinates": [ [ [ [ 99.2140358, 3.1731013 ], [ 99.2143418, 3.1736022 ], [ 99.2142267, 3.1736047 ], [ 99.214043, 3.1732549 ], [ 99.2136105, 3.1734468 ], [ 99.2135325, 3.1733983 ], [ 99.2140358, 3.1731013 ] ] ] ] } },
{ "type": "Feature", "properties": { "id": "MV00023571-2", "HA": 0.096 }, "geometry": { "type": "MultiPolygon", "coordinates": [ [ [ [ 99.0509033, 3.4395317 ], [ 99.0511367, 3.4399517 ], [ 99.05108, 3.4400433 ], [ 99.0507767, 3.439795 ], [ 99.0509033, 3.4395317 ] ] ] ] } },
{ "type": "Feature", "properties": { "id": "MW00022815-1", "HA": 0.081 }, "geometry": { "type": "MultiPolygon", "coordinates": [ [ [ [ 99.0176183, 2.7850867 ], [ 99.0179317, 2.785335 ], [ 99.0177883, 2.78548 ], [ 99.0175733, 2.785285 ], [ 99.0176183, 2.7850867 ] ] ] ] } },
{ "type": "Feature", "properties": { "id": "MW00023221-1", "HA": 0.11 }, "geometry": { "type": "MultiPolygon", "coordinates": [ [ [ [ 99.1869283, 3.25477 ], [ 99.1870183, 3.25458 ], [ 99.1873633, 3.2545233 ], [ 99.1872667, 3.25485 ], [ 99.1869283, 3.25477 ] ] ] ] } },
{ "type": "Feature", "properties": { "id": "MY00021486-2", "HA": 0.488 }, "geometry": { "type": "MultiPolygon", "coordinates": [ [ [ [ 99.2002579, 3.1357262 ], [ 99.2009566, 3.1360371 ], [ 99.2007038, 3.1364895 ], [ 99.2001015, 3.1363551 ], [ 99.2002579, 3.1357262 ] ] ] ] } },
{ "type": "Feature", "properties": { "id": "MY00021557-1", "HA": 0.237 }, "geometry": { "type": "MultiPolygon", "coordinates": [ [ [ [ 99.1146772, 3.0277384 ], [ 99.1144549, 3.0270079 ], [ 99.1144126, 3.0269054 ], [ 99.1148951, 3.0271785 ], [ 99.1149106, 3.0274318 ], [ 99.1146772, 3.0277384 ] ] ] ] } },
{ "type": "Feature", "properties": { "id": "MY00025041-1", "HA": 0.151 }, "geometry": { "type": "MultiPolygon", "coordinates": [ [ [ [ 99.0001606, 3.0134673 ], [ 98.9999605, 3.012913 ], [ 99.0002097, 3.012919 ], [ 99.00037, 3.0133349 ], [ 99.0001606, 3.0134673 ] ] ] ] } },
{ "type": "Feature", "properties": { "id": "MZ00025794-1", "HA": 0.048 }, "geometry": { "type": "MultiPolygon", "coordinates": [ [ [ [ 99.0281133, 2.8256817 ], [ 99.027795, 2.8259233 ], [ 99.027655, 2.8257433 ], [ 99.02794, 2.8257333 ], [ 99.0281133, 2.8256817 ] ] ] ] } },
{ "type": "Feature", "properties": { "id": "NA00022650-1", "HA": 0.066 }, "geometry": { "type": "MultiPolygon", "coordinates": [ [ [ [ 99.7256867, 2.8789567 ], [ 99.7256733, 2.87931 ], [ 99.7254533, 2.879515 ], [ 99.7254583, 2.8793633 ], [ 99.7256867, 2.8789567 ] ] ] ] } },
{ "type": "Feature", "properties": { "id": "NA00023264-1", "HA": 0.318 }, "geometry": { "type": "MultiPolygon", "coordinates": [ [ [ [ 99.2169759, 3.3037312 ], [ 99.2165551, 3.3032747 ], [ 99.2166483, 3.3028673 ], [ 99.2170849, 3.3030915 ], [ 99.2169759, 3.3037312 ] ] ] ] } },
{ "type": "Feature", "properties": { "id": "NB00020966-3", "HA": 0.227 }, "geometry": { "type": "MultiPolygon", "coordinates": [ [ [ [ 99.0737533, 3.4769533 ], [ 99.0737367, 3.4770883 ], [ 99.0731833, 3.4770717 ], [ 99.0731933, 3.4766433 ], [ 99.07338, 3.4766267 ], [ 99.07345, 3.4767317 ], [ 99.0737533, 3.4769533 ] ] ] ] } },
{ "type": "Feature", "properties": { "id": "NB00023480-1", "HA": 0.062 }, "geometry": { "type": "MultiPolygon", "coordinates": [ [ [ [ 99.0395433, 3.437435 ], [ 99.039385, 3.4373083 ], [ 99.03944, 3.4370667 ], [ 99.03965, 3.4372767 ], [ 99.0395433, 3.437435 ] ] ] ] } },
{ "type": "Feature", "properties": { "id": "NB00025009-1", "HA": 0.153 }, "geometry": { "type": "MultiPolygon", "coordinates": [ [ [ [ 99.0042076, 3.0135576 ], [ 99.004319, 3.0144566 ], [ 99.0041037, 3.0144185 ], [ 99.0040911, 3.0139433 ], [ 99.0042076, 3.0135576 ] ] ] ] } },
{ "type": "Feature", "properties": { "id": "NC00022495-1", "HA": 0.105 }, "geometry": { "type": "MultiPolygon", "coordinates": [ [ [ [ 99.0814133, 3.1180917 ], [ 99.081255, 3.1181517 ], [ 99.0815833, 3.117835 ], [ 99.0819783, 3.11806 ], [ 99.0814133, 3.1180917 ] ] ] ] } },
{ "type": "Feature", "properties": { "id": "ND00022242-1", "HA": 0.058 }, "geometry": { "type": "MultiPolygon", "coordinates": [ [ [ [ 99.0510617, 2.82866 ], [ 99.0514683, 2.8286633 ], [ 99.05145, 2.828755 ], [ 99.0511767, 2.8288367 ], [ 99.0510617, 2.82866 ] ] ] ] } },
{ "type": "Feature", "properties": { "id": "ND00023518-1", "HA": 0.167 }, "geometry": { "type": "MultiPolygon", "coordinates": [ [ [ [ 99.0497317, 3.4264917 ], [ 99.0495817, 3.4267367 ], [ 99.0492033, 3.4263517 ], [ 99.0494517, 3.4261867 ], [ 99.0497317, 3.4264917 ] ] ] ] } },
{ "type": "Feature", "properties": { "id": "NE00021332-1", "HA": 0.138 }, "geometry": { "type": "MultiPolygon", "coordinates": [ [ [ [ 99.2060567, 3.1679333 ], [ 99.2058317, 3.1681167 ], [ 99.2053983, 3.1678233 ], [ 99.205555, 3.16773 ], [ 99.2060567, 3.1679333 ] ] ] ] } },
{ "type": "Feature", "properties": { "id": "NG00023554-2", "HA": 0.124 }, "geometry": { "type": "MultiPolygon", "coordinates": [ [ [ [ 99.0191933, 3.4886183 ], [ 99.01895, 3.48881 ], [ 99.0188667, 3.488645 ], [ 99.01877, 3.4883967 ], [ 99.0189467, 3.4883417 ], [ 99.0191933, 3.4886183 ] ] ] ] } },
{ "type": "Feature", "properties": { "id": "NI00021337-2", "HA": 0.419 }, "geometry": { "type": "MultiPolygon", "coordinates": [ [ [ [ 99.0599917, 3.4637333 ], [ 99.0594283, 3.4636083 ], [ 99.059465, 3.4629367 ], [ 99.0600317, 3.4632267 ], [ 99.0599917, 3.4637333 ] ] ] ] } },
{ "type": "Feature", "properties": { "id": "NI00021595-2", "HA": 0.047 }, "geometry": { "type": "MultiPolygon", "coordinates": [ [ [ [ 99.10229, 2.8169167 ], [ 99.1022917, 2.817155 ], [ 99.102165, 2.8172583 ], [ 99.102115, 2.81703 ], [ 99.10229, 2.8169167 ] ] ] ] } },
{ "type": "Feature", "properties": { "id": "NI00022461-2", "HA": 0.046 }, "geometry": { "type": "MultiPolygon", "coordinates": [ [ [ [ 99.1390833, 3.20968 ], [ 99.1391367, 3.2096033 ], [ 99.1390717, 3.20953 ], [ 99.1392533, 3.2093783 ], [ 99.13922, 3.209755 ], [ 99.1390833, 3.20968 ] ] ] ] } },
{ "type": "Feature", "properties": { "id": "NI00022521-2", "HA": 0.149 }, "geometry": { "type": "MultiPolygon", "coordinates": [ [ [ [ 99.08198, 3.1225417 ], [ 99.0817883, 3.1227367 ], [ 99.081465, 3.1223167 ], [ 99.0816983, 3.122225 ], [ 99.08198, 3.1225417 ] ] ] ] } },
{ "type": "Feature", "properties": { "id": "NJ00024575-1", "HA": 0.134 }, "geometry": { "type": "MultiPolygon", "coordinates": [ [ [ [ 99.00674, 3.0036033 ], [ 99.0070983, 3.0037683 ], [ 99.0069733, 3.0040617 ], [ 99.006795, 3.00411 ], [ 99.00674, 3.0036033 ] ] ] ] } },
{ "type": "Feature", "properties": { "id": "NK00022345-2", "HA": 0.118 }, "geometry": { "type": "MultiPolygon", "coordinates": [ [ [ [ 99.1427633, 3.2032033 ], [ 99.1429717, 3.20315 ], [ 99.143155, 3.2035083 ], [ 99.1429583, 3.20362 ], [ 99.142835, 3.203375 ], [ 99.1427633, 3.2032033 ] ] ] ] } },
{ "type": "Feature", "properties": { "id": "NK00023817-1", "HA": 0.111 }, "geometry": { "type": "MultiPolygon", "coordinates": [ [ [ [ 99.312545, 2.6961617 ], [ 99.312955, 2.6963217 ], [ 99.3129933, 2.6965433 ], [ 99.3126383, 2.696455 ], [ 99.312545, 2.6961617 ] ] ] ] } },
{ "type": "Feature", "properties": { "id": "NK00024569-1", "HA": 0.025 }, "geometry": { "type": "MultiPolygon", "coordinates": [ [ [ [ 98.9518036, 3.3656137 ], [ 98.951702, 3.3656032 ], [ 98.9513676, 3.3653655 ], [ 98.9515053, 3.3653995 ], [ 98.9518036, 3.3656137 ] ] ] ] } },
{ "type": "Feature", "properties": { "id": "NL00021928-1", "HA": 0.07 }, "geometry": { "type": "MultiPolygon", "coordinates": [ [ [ [ 99.0262533, 2.9922283 ], [ 99.02643, 2.9923917 ], [ 99.0262817, 2.9926317 ], [ 99.02616, 2.9925417 ], [ 99.02616, 2.9925417 ], [ 99.0262533, 2.9922283 ] ] ] ] } },
{ "type": "Feature", "properties": { "id": "NM00021909-1", "HA": 0.04 }, "geometry": { "type": "MultiPolygon", "coordinates": [ [ [ [ 99.023017, 2.9902008 ], [ 99.022978, 2.9898165 ], [ 99.023128, 2.9899772 ], [ 99.023098, 2.9901601 ], [ 99.023017, 2.9902008 ] ] ] ] } },
{ "type": "Feature", "properties": { "id": "NM00023108-1", "HA": 0.152 }, "geometry": { "type": "MultiPolygon", "coordinates": [ [ [ [ 99.1685833, 3.2795967 ], [ 99.1685717, 3.279535 ], [ 99.168415, 3.27995 ], [ 99.1682467, 3.2799783 ], [ 99.1684483, 3.279325 ], [ 99.1686833, 3.2793267 ], [ 99.1685833, 3.2795967 ] ] ] ] } },
{ "type": "Feature", "properties": { "id": "NN00019753-1", "HA": 1194.868 }, "geometry": { "type": "MultiPolygon", "coordinates": [ [ [ [ 99.0736274, 3.0709972 ], [ 99.0658214, 3.0964988 ], [ 99.0490397, 3.0938491 ], [ 99.0497937, 3.071118 ], [ 99.0558574, 3.0674932 ], [ 99.0559784, 3.0439241 ], [ 99.0734973, 3.0453609 ], [ 99.0736274, 3.0709972 ] ] ] ] } },
{ "type": "Feature", "properties": { "id": "NN00023500-1", "HA": 0.127 }, "geometry": { "type": "MultiPolygon", "coordinates": [ [ [ [ 99.0624408, 3.4502423 ], [ 99.0627783, 3.4503145 ], [ 99.0626568, 3.450592 ], [ 99.0623111, 3.4505162 ], [ 99.0624408, 3.4502423 ] ] ] ] } },
{ "type": "Feature", "properties": { "id": "NN00026320-1", "HA": 0.032 }, "geometry": { "type": "MultiPolygon", "coordinates": [ [ [ [ 99.0064242, 3.0000811 ], [ 99.0062034, 3.0001447 ], [ 99.0060674, 3.0000266 ], [ 99.0061553, 2.9999925 ], [ 99.0064242, 3.0000811 ] ] ] ] } },
{ "type": "Feature", "properties": { "id": "NP00024208-1", "HA": 0.241 }, "geometry": { "type": "MultiPolygon", "coordinates": [ [ [ [ 99.1023567, 2.8168833 ], [ 99.1029317, 2.8168217 ], [ 99.10292, 2.8171983 ], [ 99.1024517, 2.81725 ], [ 99.1023567, 2.8168833 ] ] ] ] } },
{ "type": "Feature", "properties": { "id": "NQ00026643-2", "HA": 0.159 }, "geometry": { "type": "MultiPolygon", "coordinates": [ [ [ [ 99.0022783, 2.9982817 ], [ 99.002545, 2.9983683 ], [ 99.002395, 2.99866 ], [ 99.0022567, 2.9988517 ], [ 99.0021033, 2.9986083 ], [ 99.0022783, 2.9982817 ] ] ] ] } },
{ "type": "Feature", "properties": { "id": "NR00022124-1", "HA": 0.208 }, "geometry": { "type": "MultiPolygon", "coordinates": [ [ [ [ 99.0191095, 2.9820711 ], [ 99.0195706, 2.9820356 ], [ 99.0193735, 2.9825293 ], [ 99.0191087, 2.9825141 ], [ 99.0191095, 2.9820711 ] ] ] ] } },
{ "type": "Feature", "properties": { "id": "NS00021154-1", "HA": 0.195 }, "geometry": { "type": "MultiPolygon", "coordinates": [ [ [ [ 99.053761, 3.432799 ], [ 99.05332, 3.4327618 ], [ 99.0536575, 3.4324365 ], [ 99.0537385, 3.4322418 ], [ 99.0539405, 3.432277 ], [ 99.053761, 3.432799 ] ] ] ] } },
{ "type": "Feature", "properties": { "id": "NT00020954-1", "HA": 0.299 }, "geometry": { "type": "MultiPolygon", "coordinates": [ [ [ [ 99.07725, 3.4720733 ], [ 99.0774467, 3.4718033 ], [ 99.0774467, 3.4718033 ], [ 99.0784583, 3.4709817 ], [ 99.0786167, 3.4710483 ], [ 99.0778117, 3.47171 ], [ 99.0779067, 3.4716983 ], [ 99.0773, 3.4720667 ], [ 99.07725, 3.4720733 ] ] ] ] } },
{ "type": "Feature", "properties": { "id": "NT00021771-1", "HA": 0.099 }, "geometry": { "type": "MultiPolygon", "coordinates": [ [ [ [ 99.143621, 2.8200711 ], [ 99.1438743, 2.8202003 ], [ 99.1439439, 2.8205277 ], [ 99.1437615, 2.8205393 ], [ 99.143621, 2.8200711 ] ] ] ] } },
{ "type": "Feature", "properties": { "id": "NU00023258-2", "HA": 0.081 }, "geometry": { "type": "MultiPolygon", "coordinates": [ [ [ [ 99.2166817, 3.3037167 ], [ 99.216565, 3.3037017 ], [ 99.2164283, 3.3037 ], [ 99.216465, 3.3033267 ], [ 99.2166533, 3.3034883 ], [ 99.2166817, 3.3037167 ] ] ] ] } },
{ "type": "Feature", "properties": { "id": "NV00023052-1", "HA": 0.13 }, "geometry": { "type": "MultiPolygon", "coordinates": [ [ [ [ 99.0786, 2.799535 ], [ 99.0784, 2.7996367 ], [ 99.078195, 2.799285 ], [ 99.0784383, 2.7991383 ], [ 99.0786, 2.799535 ] ] ] ] } },
{ "type": "Feature", "properties": { "id": "NV00024862-1", "HA": 0.084 }, "geometry": { "type": "MultiPolygon", "coordinates": [ [ [ [ 98.9769612, 3.3775159 ], [ 98.9772324, 3.3775906 ], [ 98.9770276, 3.3778912 ], [ 98.9769557, 3.3780951 ], [ 98.9769612, 3.3775159 ] ] ] ] } },
{ "type": "Feature", "properties": { "id": "NW00020924-2", "HA": 0.182 }, "geometry": { "type": "MultiPolygon", "coordinates": [ [ [ [ 99.084415, 3.483085 ], [ 99.084825, 3.4828933 ], [ 99.0851933, 3.4829333 ], [ 99.0849483, 3.48325 ], [ 99.084415, 3.483085 ] ] ] ] } },
{ "type": "Feature", "properties": { "id": "NX00021853-1", "HA": 0.073 }, "geometry": { "type": "MultiPolygon", "coordinates": [ [ [ [ 99.0108783, 2.9777833 ], [ 99.0104717, 2.9782717 ], [ 99.010425, 2.9781917 ], [ 99.0103933, 2.9780817 ], [ 99.0108783, 2.9777833 ] ] ] ] } },
{ "type": "Feature", "properties": { "id": "NX00022291-1", "HA": 0.336 }, "geometry": { "type": "MultiPolygon", "coordinates": [ [ [ [ 99.1642313, 3.2199172 ], [ 99.1635233, 3.2199796 ], [ 99.1634816, 3.2194007 ], [ 99.1638717, 3.2194901 ], [ 99.1642313, 3.2199172 ] ] ] ] } },
{ "type": "Feature", "properties": { "id": "NX00022632-1", "HA": 0.078 }, "geometry": { "type": "MultiPolygon", "coordinates": [ [ [ [ 98.993561, 2.7964668 ], [ 98.9937079, 2.7962517 ], [ 98.993876, 2.7963365 ], [ 98.9937581, 2.7966344 ], [ 98.993561, 2.7964668 ] ] ] ] } },
{ "type": "Feature", "properties": { "id": "NX00023875-1", "HA": 0.046 }, "geometry": { "type": "MultiPolygon", "coordinates": [ [ [ [ 98.9935517, 2.9999733 ], [ 98.9938767, 2.9997817 ], [ 98.9938, 2.9999267 ], [ 98.9938033, 3.000095 ], [ 98.9935517, 2.9999733 ] ] ] ] } },
{ "type": "Feature", "properties": { "id": "NY00021773-1", "HA": 0.125 }, "geometry": { "type": "MultiPolygon", "coordinates": [ [ [ [ 99.1382733, 2.8167117 ], [ 99.138095, 2.8167083 ], [ 99.1381417, 2.81606 ], [ 99.1382283, 2.8160983 ], [ 99.13828, 2.8164417 ], [ 99.1383533, 2.8165 ], [ 99.1382733, 2.8167117 ] ] ] ] } },
{ "type": "Feature", "properties": { "id": "NY00024934-1", "HA": 0.017 }, "geometry": { "type": "MultiPolygon", "coordinates": [ [ [ [ 98.9712283, 3.3756467 ], [ 98.9711033, 3.3756867 ], [ 98.97101, 3.37564 ], [ 98.970935, 3.3755567 ], [ 98.9712283, 3.3756467 ] ] ] ] } },
{ "type": "Feature", "properties": { "id": "NZ00024662-3", "HA": 0.083 }, "geometry": { "type": "MultiPolygon", "coordinates": [ [ [ [ 98.1825983, 3.42788 ], [ 98.1825433, 3.4274717 ], [ 98.1827217, 3.4274033 ], [ 98.1827767, 3.4276633 ], [ 98.1825983, 3.42788 ] ] ] ] } },
{ "type": "Feature", "properties": { "id": "OA00021325-1", "HA": 0.429 }, "geometry": { "type": "MultiPolygon", "coordinates": [ [ [ [ 99.0641733, 3.4662783 ], [ 99.06354, 3.4658667 ], [ 99.0636867, 3.4649933 ], [ 99.0639267, 3.4653883 ], [ 99.0638, 3.46568 ], [ 99.0640167, 3.4656167 ], [ 99.0641733, 3.4662783 ] ] ] ] } },
{ "type": "Feature", "properties": { "id": "OA00021620-1", "HA": 0.576 }, "geometry": { "type": "MultiPolygon", "coordinates": [ [ [ [ 99.1301912, 2.8048057 ], [ 99.1310004, 2.8039134 ], [ 99.1311111, 2.8040637 ], [ 99.1309003, 2.8049873 ], [ 99.1309753, 2.8050389 ], [ 99.1301912, 2.8048057 ] ] ] ] } },
{ "type": "Feature", "properties": { "id": "OA00022507-1", "HA": 0.035 }, "geometry": { "type": "MultiPolygon", "coordinates": [ [ [ [ 99.1456083, 3.1916183 ], [ 99.1456283, 3.1917117 ], [ 99.1453717, 3.19183 ], [ 99.1452417, 3.1918183 ], [ 99.1456083, 3.1916183 ] ] ] ] } },
{ "type": "Feature", "properties": { "id": "OB00021131-1", "HA": 0.597 }, "geometry": { "type": "MultiPolygon", "coordinates": [ [ [ [ 99.0575883, 3.4310617 ], [ 99.057495, 3.43067 ], [ 99.0581317, 3.4304167 ], [ 99.0587883, 3.4309233 ], [ 99.0575883, 3.4310617 ] ] ] ] } },
{ "type": "Feature", "properties": { "id": "OC00020768-1", "HA": 0.059 }, "geometry": { "type": "MultiPolygon", "coordinates": [ [ [ [ 99.0382918, 3.4565559 ], [ 99.038377, 3.4565111 ], [ 99.0386968, 3.4566106 ], [ 99.0386082, 3.456779 ], [ 99.0382918, 3.4565559 ] ] ] ] } },
{ "type": "Feature", "properties": { "id": "OC00020768-2", "HA": 0.403 }, "geometry": { "type": "MultiPolygon", "coordinates": [ [ [ [ 99.0521102, 3.4639467 ], [ 99.0518343, 3.465155 ], [ 99.0517426, 3.4651172 ], [ 99.0516632, 3.4648458 ], [ 99.0517488, 3.46391 ], [ 99.0521102, 3.4639467 ] ] ] ] } },
{ "type": "Feature", "properties": { "id": "OD00020805-1", "HA": 0.15 }, "geometry": { "type": "MultiPolygon", "coordinates": [ [ [ [ 99.0355083, 3.4521433 ], [ 99.036015, 3.4514783 ], [ 99.0361083, 3.4515067 ], [ 99.0356983, 3.4522217 ], [ 99.0355083, 3.4521433 ] ] ] ] } },
{ "type": "Feature", "properties": { "id": "OD00024683-2", "HA": 0.096 }, "geometry": { "type": "MultiPolygon", "coordinates": [ [ [ [ 98.1869706, 3.4232175 ], [ 98.1866581, 3.4234887 ], [ 98.1865592, 3.4234305 ], [ 98.186532, 3.4231734 ], [ 98.1869706, 3.4232175 ] ] ] ] } },
{ "type": "Feature", "properties": { "id": "OE00023180-1", "HA": 0.07 }, "geometry": { "type": "MultiPolygon", "coordinates": [ [ [ [ 98.9650933, 2.9400267 ], [ 98.965145, 2.9399283 ], [ 98.965285, 2.9398133 ], [ 98.9655817, 2.940035 ], [ 98.9650933, 2.9400267 ] ] ] ] } },
{ "type": "Feature", "properties": { "id": "OF00021604-1", "HA": 0.172 }, "geometry": { "type": "MultiPolygon", "coordinates": [ [ [ [ 99.1238512, 2.7981512 ], [ 99.1238783, 2.7977653 ], [ 99.1240724, 2.7977485 ], [ 99.1239996, 2.7977082 ], [ 99.1240795, 2.7976528 ], [ 99.124369, 2.7979703 ], [ 99.1238512, 2.7981512 ] ] ] ] } },
{ "type": "Feature", "properties": { "id": "OF00022318-1", "HA": 0.784 }, "geometry": { "type": "MultiPolygon", "coordinates": [ [ [ [ 99.1658836, 3.2205403 ], [ 99.1660136, 3.2212362 ], [ 99.1662805, 3.2214744 ], [ 99.1664018, 3.2218028 ], [ 99.1657502, 3.2219385 ], [ 99.1655071, 3.2205889 ], [ 99.1658836, 3.2205403 ] ] ] ] } },
{ "type": "Feature", "properties": { "id": "OF00022663-2", "HA": 0.097 }, "geometry": { "type": "MultiPolygon", "coordinates": [ [ [ [ 99.0712183, 3.1151583 ], [ 99.0712117, 3.114985 ], [ 99.0716983, 3.1149833 ], [ 99.0716967, 3.1151383 ], [ 99.0712183, 3.1151583 ] ] ] ] } },
{ "type": "Feature", "properties": { "id": "OF00025202-1", "HA": 0.035 }, "geometry": { "type": "MultiPolygon", "coordinates": [ [ [ [ 99.0028841, 3.0141686 ], [ 99.0030788, 3.0141798 ], [ 99.0032932, 3.0143321 ], [ 99.003083, 3.0143209 ], [ 99.0028841, 3.0141686 ] ] ] ] } },
{ "type": "Feature", "properties": { "id": "OG00023130-2", "HA": 0.025 }, "geometry": { "type": "MultiPolygon", "coordinates": [ [ [ [ 99.1742433, 3.274505 ], [ 99.17429, 3.2745867 ], [ 99.1740133, 3.2745633 ], [ 99.1739367, 3.2744967 ], [ 99.1742433, 3.274505 ] ] ] ] } },
{ "type": "Feature", "properties": { "id": "OH00022238-1", "HA": 0.063 }, "geometry": { "type": "MultiPolygon", "coordinates": [ [ [ [ 99.04745, 2.8240067 ], [ 99.047585, 2.82425 ], [ 99.0473783, 2.824375 ], [ 99.0473517, 2.824025 ], [ 99.04745, 2.8240067 ] ] ] ] } },
{ "type": "Feature", "properties": { "id": "OH00023805-1", "HA": 0.034 }, "geometry": { "type": "MultiPolygon", "coordinates": [ [ [ [ 99.37623, 2.73586 ], [ 99.376295, 2.7357933 ], [ 99.37653, 2.7359517 ], [ 99.37652, 2.7360467 ], [ 99.37623, 2.73586 ] ] ] ] } },
{ "type": "Feature", "properties": { "id": "OI00022462-1", "HA": 0.094 }, "geometry": { "type": "MultiPolygon", "coordinates": [ [ [ [ 98.9896433, 3.0015633 ], [ 98.9894467, 3.00138 ], [ 98.9898867, 3.0013617 ], [ 98.9898667, 3.0016583 ], [ 98.9896433, 3.0015633 ] ] ] ] } },
{ "type": "Feature", "properties": { "id": "OI00025298-1", "HA": 0.084 }, "geometry": { "type": "MultiPolygon", "coordinates": [ [ [ [ 98.9436209, 3.1071848 ], [ 98.9437566, 3.1073927 ], [ 98.9434398, 3.1074341 ], [ 98.9434041, 3.1071278 ], [ 98.9436209, 3.1071848 ] ] ] ] } },
{ "type": "Feature", "properties": { "id": "OI00026177-1", "HA": 0.75 }, "geometry": { "type": "MultiPolygon", "coordinates": [ [ [ [ 99.008965, 3.0021933 ], [ 99.0067483, 3.00263 ], [ 99.0066483, 3.0026483 ], [ 99.0066133, 3.00213 ], [ 99.008965, 3.0021933 ] ] ] ] } },
{ "type": "Feature", "properties": { "id": "OI00026189-1", "HA": 0.132 }, "geometry": { "type": "MultiPolygon", "coordinates": [ [ [ [ 99.0091267, 3.005815 ], [ 99.0093933, 3.005895 ], [ 99.0095667, 3.00622 ], [ 99.00928, 3.0062783 ], [ 99.0091267, 3.005815 ] ] ] ] } },
{ "type": "Feature", "properties": { "id": "OJ00026867-1", "HA": 0.049 }, "geometry": { "type": "MultiPolygon", "coordinates": [ [ [ [ 99.0234832, 3.0068303 ], [ 99.0236193, 3.0069071 ], [ 99.0236923, 3.0071874 ], [ 99.0235672, 3.0072001 ], [ 99.0234832, 3.0068303 ] ] ] ] } },
{ "type": "Feature", "properties": { "id": "OL00021224-1", "HA": 0.155 }, "geometry": { "type": "MultiPolygon", "coordinates": [ [ [ [ 99.20375, 3.1619817 ], [ 99.2039217, 3.1622733 ], [ 99.2039217, 3.1627867 ], [ 99.2036683, 3.1625533 ], [ 99.20375, 3.1619817 ] ] ] ] } },
{ "type": "Feature", "properties": { "id": "OL00021389-1", "HA": 0.04 }, "geometry": { "type": "MultiPolygon", "coordinates": [ [ [ [ 99.21075, 3.172695 ], [ 99.2104667, 3.17253 ], [ 99.21052, 3.1724467 ], [ 99.2106217, 3.1724167 ], [ 99.21075, 3.172695 ] ] ] ] } },
{ "type": "Feature", "properties": { "id": "OL00021637-2", "HA": 0.068 }, "geometry": { "type": "MultiPolygon", "coordinates": [ [ [ [ 99.123835, 2.8021583 ], [ 99.1235467, 2.8023833 ], [ 99.1234383, 2.8022333 ], [ 99.1237183, 2.8020717 ], [ 99.123835, 2.8021583 ] ] ] ] } },
{ "type": "Feature", "properties": { "id": "OL00021770-1", "HA": 0.536 }, "geometry": { "type": "MultiPolygon", "coordinates": [ [ [ [ 99.0802033, 2.779815 ], [ 99.0811383, 2.78041 ], [ 99.0810133, 2.7808783 ], [ 99.080235, 2.7803 ], [ 99.0802033, 2.779815 ] ] ] ] } },
{ "type": "Feature", "properties": { "id": "OL00023373-2", "HA": 0.043 }, "geometry": { "type": "MultiPolygon", "coordinates": [ [ [ [ 99.1743017, 3.2742617 ], [ 99.1739333, 3.2743183 ], [ 99.1739167, 3.2742267 ], [ 99.1743367, 3.2741733 ], [ 99.1743017, 3.2742617 ] ] ] ] } },
{ "type": "Feature", "properties": { "id": "OL00023532-1", "HA": 0.011 }, "geometry": { "type": "MultiPolygon", "coordinates": [ [ [ [ 99.0120067, 3.490115 ], [ 99.0116, 3.4908633 ], [ 99.0115467, 3.4910717 ], [ 99.0114983, 3.491035 ], [ 99.0120067, 3.490115 ] ] ] ] } },
{ "type": "Feature", "properties": { "id": "OL00023836-1", "HA": 0.066 }, "geometry": { "type": "MultiPolygon", "coordinates": [ [ [ [ 99.3124883, 2.696255 ], [ 99.3123983, 2.6965817 ], [ 99.3121783, 2.6963983 ], [ 99.3122467, 2.6963067 ], [ 99.3124883, 2.696255 ] ] ] ] } },
{ "type": "Feature", "properties": { "id": "OL00024942-1", "HA": 0.016 }, "geometry": { "type": "MultiPolygon", "coordinates": [ [ [ [ 98.9856317, 3.3863483 ], [ 98.98573, 3.3864783 ], [ 98.98564, 3.3865417 ], [ 98.9855967, 3.3864467 ], [ 98.9856317, 3.3863483 ] ] ] ] } },
{ "type": "Feature", "properties": { "id": "OL00025036-1", "HA": 0.206 }, "geometry": { "type": "MultiPolygon", "coordinates": [ [ [ [ 99.0072117, 3.0132533 ], [ 99.0078467, 3.0134267 ], [ 99.007625, 3.0137117 ], [ 99.0073083, 3.01364 ], [ 99.0072117, 3.0132533 ] ] ] ] } },
{ "type": "Feature", "properties": { "id": "OM00021856-1", "HA": 0.074 }, "geometry": { "type": "MultiPolygon", "coordinates": [ [ [ [ 99.0132867, 2.9737083 ], [ 99.0136833, 2.97344 ], [ 99.0137833, 2.9734217 ], [ 99.013675, 2.9735683 ], [ 99.0137217, 2.9737017 ], [ 99.0132867, 2.9737083 ] ] ] ] } },
{ "type": "Feature", "properties": { "id": "OM00023365-1", "HA": 0.034 }, "geometry": { "type": "MultiPolygon", "coordinates": [ [ [ [ 99.1655633, 3.2872633 ], [ 99.1654267, 3.2872217 ], [ 99.16527, 3.28711 ], [ 99.1653317, 3.286985 ], [ 99.1655633, 3.2872633 ] ] ] ] } },
{ "type": "Feature", "properties": { "id": "ON00022810-1", "HA": 0.336 }, "geometry": { "type": "MultiPolygon", "coordinates": [ [ [ [ 99.0564733, 2.8403033 ], [ 99.05628, 2.8408967 ], [ 99.0560767, 2.84105 ], [ 99.0557483, 2.8405183 ], [ 99.0564733, 2.8403033 ] ] ] ] } },
{ "type": "Feature", "properties": { "id": "OO00021415-1", "HA": 0.123 }, "geometry": { "type": "MultiPolygon", "coordinates": [ [ [ [ 99.2095033, 3.17662 ], [ 99.2097067, 3.1766867 ], [ 99.2091983, 3.17728 ], [ 99.2091717, 3.17719 ], [ 99.2095033, 3.17662 ] ] ] ] } },
{ "type": "Feature", "properties": { "id": "OP00021596-1", "HA": 0.434 }, "geometry": { "type": "MultiPolygon", "coordinates": [ [ [ [ 99.1230967, 2.8001783 ], [ 99.123255, 2.7991133 ], [ 99.12362, 2.7993883 ], [ 99.12374, 2.79973 ], [ 99.1230967, 2.8001783 ] ] ] ] } },
{ "type": "Feature", "properties": { "id": "OP00021596-2", "HA": 0.054 }, "geometry": { "type": "MultiPolygon", "coordinates": [ [ [ [ 99.1263267, 2.805655 ], [ 99.1262017, 2.8054117 ], [ 99.1263883, 2.8054317 ], [ 99.126525, 2.8056667 ], [ 99.1263267, 2.805655 ] ] ] ] } },
{ "type": "Feature", "properties": { "id": "OP00025462-2", "HA": 0.084 }, "geometry": { "type": "MultiPolygon", "coordinates": [ [ [ [ 99.0149183, 2.8209267 ], [ 99.015095, 2.8210433 ], [ 99.015015, 2.8214283 ], [ 99.014875, 2.8213117 ], [ 99.0149183, 2.8209267 ] ] ] ] } },
{ "type": "Feature", "properties": { "id": "OQ00022279-2", "HA": 0.122 }, "geometry": { "type": "MultiPolygon", "coordinates": [ [ [ [ 99.1760163, 3.2182887 ], [ 99.1761403, 3.2180439 ], [ 99.1764666, 3.2180428 ], [ 99.1764532, 3.2183144 ], [ 99.1760163, 3.2182887 ] ] ] ] } },
{ "type": "Feature", "properties": { "id": "OQ00022338-1", "HA": 0.357 }, "geometry": { "type": "MultiPolygon", "coordinates": [ [ [ [ 99.1669067, 3.2110133 ], [ 99.1640117, 3.2119383 ], [ 99.1640817, 3.21185 ], [ 99.1641767, 3.2118467 ], [ 99.16392, 3.2117567 ], [ 99.16392, 3.2117567 ], [ 99.1669067, 3.2110133 ] ] ] ] } },
{ "type": "Feature", "properties": { "id": "OQ00023232-1", "HA": 0.172 }, "geometry": { "type": "MultiPolygon", "coordinates": [ [ [ [ 98.9655283, 2.9332467 ], [ 98.9654983, 2.93363 ], [ 98.9650933, 2.9331083 ], [ 98.9651467, 2.9328733 ], [ 98.9655283, 2.9332467 ] ] ] ] } },
{ "type": "Feature", "properties": { "id": "OR00022188-2", "HA": 0.117 }, "geometry": { "type": "MultiPolygon", "coordinates": [ [ [ [ 99.0109138, 3.0269092 ], [ 99.0109452, 3.0272183 ], [ 99.0108383, 3.0273115 ], [ 99.0105062, 3.0270315 ], [ 99.0109138, 3.0269092 ] ] ] ] } },
{ "type": "Feature", "properties": { "id": "OS00022671-1", "HA": 0.019 }, "geometry": { "type": "MultiPolygon", "coordinates": [ [ [ [ 99.0707532, 3.1150539 ], [ 99.0707785, 3.115145 ], [ 99.0706941, 3.1151799 ], [ 99.0705686, 3.1150813 ], [ 99.0707532, 3.1150539 ] ] ] ] } },
{ "type": "Feature", "properties": { "id": "OS00026190-2", "HA": 0.025 }, "geometry": { "type": "MultiPolygon", "coordinates": [ [ [ [ 99.0456379, 3.0078172 ], [ 99.0457194, 3.0079247 ], [ 99.0456143, 3.0079516 ], [ 99.0454458, 3.0077689 ], [ 99.0456379, 3.0078172 ] ] ] ] } },
{ "type": "Feature", "properties": { "id": "OT00020918-2", "HA": 0.158 }, "geometry": { "type": "MultiPolygon", "coordinates": [ [ [ [ 99.0754567, 3.485385 ], [ 99.0756617, 3.4856367 ], [ 99.0754733, 3.485975 ], [ 99.0752317, 3.4857017 ], [ 99.0753383, 3.48554 ], [ 99.0754567, 3.485385 ] ] ] ] } },
{ "type": "Feature", "properties": { "id": "OT00022993-1", "HA": 0.113 }, "geometry": { "type": "MultiPolygon", "coordinates": [ [ [ [ 98.9927864, 3.1504795 ], [ 98.9925381, 3.1503844 ], [ 98.9925303, 3.1498777 ], [ 98.9926637, 3.1499643 ], [ 98.9927864, 3.1504795 ] ] ] ] } },
{ "type": "Feature", "properties": { "id": "OU00025815-1", "HA": 0.068 }, "geometry": { "type": "MultiPolygon", "coordinates": [ [ [ [ 99.0165874, 2.8154194 ], [ 99.0166377, 2.8152437 ], [ 99.0169549, 2.8153551 ], [ 99.0168829, 2.8155031 ], [ 99.0165874, 2.8154194 ] ] ] ] } },
{ "type": "Feature", "properties": { "id": "OV00022439-1", "HA": 791.995 }, "geometry": { "type": "MultiPolygon", "coordinates": [ [ [ [ 99.0674428, 3.0437366 ], [ 99.0559325, 3.0435685 ], [ 99.0514657, 3.0346687 ], [ 99.0447448, 3.0346726 ], [ 99.0424412, 3.0068637 ], [ 99.0569907, 3.0070006 ], [ 99.0587471, 3.0180185 ], [ 99.0649908, 3.018641 ], [ 99.0674428, 3.0437366 ] ] ] ] } },
{ "type": "Feature", "properties": { "id": "OV00022439-2", "HA": 313.552 }, "geometry": { "type": "MultiPolygon", "coordinates": [ [ [ [ 99.0692682, 3.0437554 ], [ 99.0693686, 3.0257175 ], [ 99.0716947, 3.0251502 ], [ 99.0723442, 3.0166472 ], [ 99.0756744, 3.0166017 ], [ 99.0763517, 3.0211507 ], [ 99.0841009, 3.0191918 ], [ 99.0791487, 3.0393829 ], [ 99.0692682, 3.0437554 ] ] ] ] } },
{ "type": "Feature", "properties": { "id": "OV00023526-1", "HA": 0.332 }, "geometry": { "type": "MultiPolygon", "coordinates": [ [ [ [ 99.010125, 3.4886067 ], [ 99.0096467, 3.4884083 ], [ 99.0095467, 3.4877183 ], [ 99.009785, 3.4876867 ], [ 99.010125, 3.4886067 ] ] ] ] } },
{ "type": "Feature", "properties": { "id": "OW00021925-1", "HA": 0.453 }, "geometry": { "type": "MultiPolygon", "coordinates": [ [ [ [ 99.0366996, 2.9877796 ], [ 99.0375903, 2.9876788 ], [ 99.0375351, 2.9880624 ], [ 99.0367455, 2.9882754 ], [ 99.0366996, 2.9877796 ] ] ] ] } },
{ "type": "Feature", "properties": { "id": "OX00021578-1", "HA": 0.705 }, "geometry": { "type": "MultiPolygon", "coordinates": [ [ [ [ 99.1231983, 2.7988833 ], [ 99.122955, 2.7995933 ], [ 99.1221117, 2.7995683 ], [ 99.1221317, 2.7990567 ], [ 99.1231983, 2.7988833 ] ] ] ] } },
{ "type": "Feature", "properties": { "id": "OX00022667-1", "HA": 0.113 }, "geometry": { "type": "MultiPolygon", "coordinates": [ [ [ [ 99.0107783, 2.8105483 ], [ 99.0105, 2.8102217 ], [ 99.0108467, 2.81016 ], [ 99.0109567, 2.810315 ], [ 99.0107783, 2.8105483 ] ] ] ] } },
{ "type": "Feature", "properties": { "id": "OZ00021869-1", "HA": 0.137 }, "geometry": { "type": "MultiPolygon", "coordinates": [ [ [ [ 99.0081031, 2.982018 ], [ 99.0084332, 2.9822267 ], [ 99.0083052, 2.9826231 ], [ 99.0082025, 2.9826392 ], [ 99.0081031, 2.982018 ] ] ] ] } },
{ "type": "Feature", "properties": { "id": "OZ00024680-1", "HA": 0.336 }, "geometry": { "type": "MultiPolygon", "coordinates": [ [ [ [ 98.9673573, 3.3800582 ], [ 98.9680514, 3.3805276 ], [ 98.9677992, 3.3808189 ], [ 98.9674776, 3.3807772 ], [ 98.9673573, 3.3800582 ] ] ] ] } },
{ "type": "Feature", "properties": { "id": "PA00020702-1", "HA": 0.072 }, "geometry": { "type": "MultiPolygon", "coordinates": [ [ [ [ 99.0345119, 3.4514096 ], [ 99.0344019, 3.4513896 ], [ 99.0347973, 3.4508956 ], [ 99.0348837, 3.4509314 ], [ 99.0345119, 3.4514096 ] ] ] ] } },
{ "type": "Feature", "properties": { "id": "PB00022187-1", "HA": 0.059 }, "geometry": { "type": "MultiPolygon", "coordinates": [ [ [ [ 99.044165, 2.8226833 ], [ 99.0445533, 2.8229967 ], [ 99.0443567, 2.8230517 ], [ 99.04429, 2.8229883 ], [ 99.044165, 2.8226833 ] ] ] ] } },
{ "type": "Feature", "properties": { "id": "PC00023346-1", "HA": 0.866 }, "geometry": { "type": "MultiPolygon", "coordinates": [ [ [ [ 98.963715, 3.1191 ], [ 98.9646317, 3.1194083 ], [ 98.9641617, 3.1200733 ], [ 98.9631733, 3.1193867 ], [ 98.963715, 3.1191 ] ] ] ] } },
{ "type": "Feature", "properties": { "id": "PD00020695-2", "HA": 0.112 }, "geometry": { "type": "MultiPolygon", "coordinates": [ [ [ [ 99.03965, 3.474295 ], [ 99.03937, 3.47407 ], [ 99.0396267, 3.47389 ], [ 99.039815, 3.47396 ], [ 99.03965, 3.474295 ] ] ] ] } },
{ "type": "Feature", "properties": { "id": "PD00021859-1", "HA": 0.06 }, "geometry": { "type": "MultiPolygon", "coordinates": [ [ [ [ 99.0188884, 2.9761258 ], [ 99.0187336, 2.9766294 ], [ 99.0186378, 2.9766577 ], [ 99.0187992, 2.9761024 ], [ 99.0188884, 2.9761258 ] ] ] ] } },
{ "type": "Feature", "properties": { "id": "PE00022603-4", "HA": 0.121 }, "geometry": { "type": "MultiPolygon", "coordinates": [ [ [ [ 99.0599117, 3.1298133 ], [ 99.0597, 3.1298267 ], [ 99.059715, 3.1292867 ], [ 99.0598817, 3.129315 ], [ 99.0599117, 3.1298133 ] ] ] ] } },
{ "type": "Feature", "properties": { "id": "PE00023085-1", "HA": 0.072 }, "geometry": { "type": "MultiPolygon", "coordinates": [ [ [ [ 99.1674061, 3.2882589 ], [ 99.1668952, 3.2882871 ], [ 99.1668188, 3.2881861 ], [ 99.1674822, 3.2881613 ], [ 99.1674061, 3.2882589 ] ] ] ] } },
{ "type": "Feature", "properties": { "id": "PE00025809-2", "HA": 0.073 }, "geometry": { "type": "MultiPolygon", "coordinates": [ [ [ [ 99.0143223, 2.8202476 ], [ 99.0144492, 2.8203342 ], [ 99.0144568, 2.8206633 ], [ 99.0142738, 2.8206744 ], [ 99.0143223, 2.8202476 ] ] ] ] } },
{ "type": "Feature", "properties": { "id": "PE00026182-1", "HA": 0.036 }, "geometry": { "type": "MultiPolygon", "coordinates": [ [ [ [ 99.00261, 3.0021367 ], [ 99.002355, 3.002025 ], [ 99.002375, 3.00193 ], [ 99.002575, 3.0019683 ], [ 99.00261, 3.0021367 ] ] ] ] } },
{ "type": "Feature", "properties": { "id": "PE00026194-1", "HA": 0.083 }, "geometry": { "type": "MultiPolygon", "coordinates": [ [ [ [ 99.009635, 3.0064367 ], [ 99.00974, 3.006795 ], [ 99.0096717, 3.0068567 ], [ 99.0093933, 3.0065033 ], [ 99.009635, 3.0064367 ] ] ] ] } },
{ "type": "Feature", "properties": { "id": "PF00021815-1", "HA": 0.188 }, "geometry": { "type": "MultiPolygon", "coordinates": [ [ [ [ 99.1417726, 2.8087175 ], [ 99.1414669, 2.8085544 ], [ 99.141452, 2.8082523 ], [ 99.1419012, 2.8082282 ], [ 99.1417726, 2.8087175 ] ] ] ] } },
{ "type": "Feature", "properties": { "id": "PG00021895-1", "HA": 0.034 }, "geometry": { "type": "MultiPolygon", "coordinates": [ [ [ [ 99.008445, 2.9784217 ], [ 99.0079383, 2.978515 ], [ 99.008265, 2.9783667 ], [ 99.0083567, 2.9783317 ], [ 99.008445, 2.9784217 ] ] ] ] } },
{ "type": "Feature", "properties": { "id": "PG00022017-2", "HA": 0.131 }, "geometry": { "type": "MultiPolygon", "coordinates": [ [ [ [ 98.9865333, 2.98715 ], [ 98.98626, 2.98714 ], [ 98.9863117, 2.9867883 ], [ 98.9866717, 2.9868467 ], [ 98.9865333, 2.98715 ] ] ] ] } },
{ "type": "Feature", "properties": { "id": "PG00025048-2", "HA": 0.038 }, "geometry": { "type": "MultiPolygon", "coordinates": [ [ [ [ 99.0005263, 3.0137482 ], [ 99.0005401, 3.013527 ], [ 99.000631, 3.0135056 ], [ 99.0006542, 3.0138567 ], [ 99.0005263, 3.0137482 ] ] ] ] } },
{ "type": "Feature", "properties": { "id": "PH00021898-1", "HA": 0.078 }, "geometry": { "type": "MultiPolygon", "coordinates": [ [ [ [ 99.0390067, 2.9762517 ], [ 99.03914, 2.9763183 ], [ 99.0392217, 2.97655 ], [ 99.03927, 2.9767633 ], [ 99.039095, 2.9766867 ], [ 99.0390067, 2.9762517 ] ] ] ] } },
{ "type": "Feature", "properties": { "id": "PH00022625-3", "HA": 0.054 }, "geometry": { "type": "MultiPolygon", "coordinates": [ [ [ [ 99.013905, 2.8176233 ], [ 99.01372, 2.8175433 ], [ 99.0137317, 2.81736 ], [ 99.0139233, 2.81735 ], [ 99.013905, 2.8176233 ] ] ] ] } },
{ "type": "Feature", "properties": { "id": "PH00023269-1", "HA": 0.01 }, "geometry": { "type": "MultiPolygon", "coordinates": [ [ [ [ 99.1646517, 3.285325 ], [ 99.1642017, 3.2851917 ], [ 99.1638583, 3.2851767 ], [ 99.1641617, 3.2851633 ], [ 99.1646517, 3.285325 ] ] ] ] } },
{ "type": "Feature", "properties": { "id": "PH00024574-1", "HA": 0.095 }, "geometry": { "type": "MultiPolygon", "coordinates": [ [ [ [ 99.0065783, 3.0036567 ], [ 99.0064867, 3.003945 ], [ 99.0063067, 3.0039417 ], [ 99.0061733, 3.0037033 ], [ 99.0065783, 3.0036567 ] ] ] ] } },
{ "type": "Feature", "properties": { "id": "PI00023697-1", "HA": 0.019 }, "geometry": { "type": "MultiPolygon", "coordinates": [ [ [ [ 99.3542967, 2.6611117 ], [ 99.3545883, 2.66129 ], [ 99.354495, 2.6612617 ], [ 99.3542333, 2.66118 ], [ 99.3542967, 2.6611117 ] ] ] ] } },
{ "type": "Feature", "properties": { "id": "PI00023848-1", "HA": 0.045 }, "geometry": { "type": "MultiPolygon", "coordinates": [ [ [ [ 99.0065433, 3.0016983 ], [ 99.0065283, 3.00178 ], [ 99.006235, 3.0017 ], [ 99.0063683, 3.0015433 ], [ 99.0065433, 3.0016983 ] ] ] ] } },
{ "type": "Feature", "properties": { "id": "PJ00021799-1", "HA": 0.124 }, "geometry": { "type": "MultiPolygon", "coordinates": [ [ [ [ 99.0981864, 2.8012014 ], [ 99.0984841, 2.8012732 ], [ 99.0984013, 2.8016967 ], [ 99.0983252, 2.8018474 ], [ 99.0981864, 2.8012014 ] ] ] ] } },
{ "type": "Feature", "properties": { "id": "PK00023067-1", "HA": 0.238 }, "geometry": { "type": "MultiPolygon", "coordinates": [ [ [ [ 99.07208, 2.80546 ], [ 99.0725583, 2.8058017 ], [ 99.07178, 2.805935 ], [ 99.0717167, 2.805845 ], [ 99.07208, 2.80546 ] ] ] ] } },
{ "type": "Feature", "properties": { "id": "PL00021820-1", "HA": 0.278 }, "geometry": { "type": "MultiPolygon", "coordinates": [ [ [ [ 99.1250067, 2.8158183 ], [ 99.1247583, 2.816205 ], [ 99.1244783, 2.8161033 ], [ 99.1243283, 2.8155817 ], [ 99.1250067, 2.8158183 ] ] ] ] } },
{ "type": "Feature", "properties": { "id": "PL00025469-1", "HA": 0.11 }, "geometry": { "type": "MultiPolygon", "coordinates": [ [ [ [ 99.0791417, 2.808245 ], [ 99.0788467, 2.80823 ], [ 99.07878, 2.807925 ], [ 99.0789283, 2.8078067 ], [ 99.0791417, 2.808245 ] ] ] ] } },
{ "type": "Feature", "properties": { "id": "PL00026036-1", "HA": 0.018 }, "geometry": { "type": "MultiPolygon", "coordinates": [ [ [ [ 99.0241399, 3.008193 ], [ 99.0240324, 3.0082022 ], [ 99.0238482, 3.0082039 ], [ 99.0241439, 3.0080965 ], [ 99.0241399, 3.008193 ] ] ] ] } },
{ "type": "Feature", "properties": { "id": "PL00026314-1", "HA": 0.02 }, "geometry": { "type": "MultiPolygon", "coordinates": [ [ [ [ 99.0226547, 3.0025455 ], [ 99.0225313, 3.0021457 ], [ 99.0226102, 3.0022292 ], [ 99.0226494, 3.0022596 ], [ 99.0226547, 3.0025455 ] ] ] ] } },
{ "type": "Feature", "properties": { "id": "PM00020791-1", "HA": 0.153 }, "geometry": { "type": "MultiPolygon", "coordinates": [ [ [ [ 99.0694183, 3.470915 ], [ 99.06972, 3.47059 ], [ 99.0698817, 3.4709283 ], [ 99.06952, 3.4711217 ], [ 99.0694183, 3.470915 ] ] ] ] } },
{ "type": "Feature", "properties": { "id": "PN00022621-1", "HA": 0.03 }, "geometry": { "type": "MultiPolygon", "coordinates": [ [ [ [ 99.0051701, 2.8142082 ], [ 99.0048873, 2.8140667 ], [ 99.0049632, 2.8139896 ], [ 99.0051025, 2.8140612 ], [ 99.0051701, 2.8142082 ] ] ] ] } },
{ "type": "Feature", "properties": { "id": "PN00025792-1", "HA": 0.051 }, "geometry": { "type": "MultiPolygon", "coordinates": [ [ [ [ 99.0285367, 2.82557 ], [ 99.0282883, 2.82547 ], [ 99.0282517, 2.8253833 ], [ 99.0283717, 2.8252317 ], [ 99.0285367, 2.82557 ] ] ] ] } },
{ "type": "Feature", "properties": { "id": "PO00022347-1", "HA": 0.07 }, "geometry": { "type": "MultiPolygon", "coordinates": [ [ [ [ 99.1637717, 3.2119183 ], [ 99.163835, 3.2122717 ], [ 99.163575, 3.21222 ], [ 99.163545, 3.2121333 ], [ 99.1637717, 3.2119183 ] ] ] ] } },
{ "type": "Feature", "properties": { "id": "PO00024635-2", "HA": 0.129 }, "geometry": { "type": "MultiPolygon", "coordinates": [ [ [ [ 98.1879043, 3.4241563 ], [ 98.188238, 3.4238883 ], [ 98.1883158, 3.4241373 ], [ 98.1882686, 3.4243969 ], [ 98.1879043, 3.4241563 ] ] ] ] } },
{ "type": "Feature", "properties": { "id": "PP00021470-1", "HA": 0.081 }, "geometry": { "type": "MultiPolygon", "coordinates": [ [ [ [ 99.014365, 2.9559817 ], [ 99.01476, 2.9560467 ], [ 99.0147317, 2.95623 ], [ 99.01439, 2.9561567 ], [ 99.014365, 2.9559817 ] ] ] ] } },
{ "type": "Feature", "properties": { "id": "PP00023506-1", "HA": 0.051 }, "geometry": { "type": "MultiPolygon", "coordinates": [ [ [ [ 99.0837614, 3.4255962 ], [ 99.083856, 3.4251892 ], [ 99.0839586, 3.4251579 ], [ 99.0839633, 3.4253692 ], [ 99.0837614, 3.4255962 ] ] ] ] } },
{ "type": "Feature", "properties": { "id": "PP00023726-1", "HA": 0.02 }, "geometry": { "type": "MultiPolygon", "coordinates": [ [ [ [ 99.3346733, 2.6616667 ], [ 99.3346633, 2.66156 ], [ 99.33472, 2.6614283 ], [ 99.3348083, 2.6615033 ], [ 99.3346733, 2.6616667 ] ] ] ] } },
{ "type": "Feature", "properties": { "id": "PQ00022268-2", "HA": 0.045 }, "geometry": { "type": "MultiPolygon", "coordinates": [ [ [ [ 99.165045, 3.2198267 ], [ 99.16485, 3.2198383 ], [ 99.16471, 3.2197433 ], [ 99.1649783, 3.21965 ], [ 99.165045, 3.2198267 ] ] ] ] } },
{ "type": "Feature", "properties": { "id": "PR00021903-2", "HA": 0.116 }, "geometry": { "type": "MultiPolygon", "coordinates": [ [ [ [ 99.0455367, 2.9945483 ], [ 99.0457633, 2.994215 ], [ 99.0459733, 2.9943517 ], [ 99.0455567, 2.9946667 ], [ 99.0453117, 2.99479 ], [ 99.0455367, 2.9945483 ] ] ] ] } },
{ "type": "Feature", "properties": { "id": "PR00025912-1", "HA": 0.037 }, "geometry": { "type": "MultiPolygon", "coordinates": [ [ [ [ 98.9905621, 3.0047146 ], [ 98.9906139, 3.004791 ], [ 98.9906639, 3.0049507 ], [ 98.9903831, 3.0048503 ], [ 98.9905621, 3.0047146 ] ] ] ] } },
{ "type": "Feature", "properties": { "id": "PS00022026-1", "HA": 0.057 }, "geometry": { "type": "MultiPolygon", "coordinates": [ [ [ [ 99.0244467, 2.9904817 ], [ 99.0243167, 2.9907983 ], [ 99.024225, 2.9907883 ], [ 99.0242133, 2.990525 ], [ 99.0244467, 2.9904817 ] ] ] ] } },
{ "type": "Feature", "properties": { "id": "PT00021825-1", "HA": 0.075 }, "geometry": { "type": "MultiPolygon", "coordinates": [ [ [ [ 99.1241071, 2.8118312 ], [ 99.1238557, 2.8114506 ], [ 99.1239248, 2.8113913 ], [ 99.1241818, 2.8115672 ], [ 99.1241071, 2.8118312 ] ] ] ] } },
{ "type": "Feature", "properties": { "id": "PU00020808-1", "HA": 0.4 }, "geometry": { "type": "MultiPolygon", "coordinates": [ [ [ [ 99.0410433, 3.4754633 ], [ 99.0411417, 3.4755583 ], [ 99.0410517, 3.4757317 ], [ 99.0411167, 3.47591 ], [ 99.0403833, 3.4764917 ], [ 99.0402183, 3.4763383 ], [ 99.0410433, 3.4754633 ] ] ] ] } },
{ "type": "Feature", "properties": { "id": "PU00022327-1", "HA": 0.16 }, "geometry": { "type": "MultiPolygon", "coordinates": [ [ [ [ 99.1737067, 3.2185317 ], [ 99.1737467, 3.2184 ], [ 99.1743367, 3.2183583 ], [ 99.1744067, 3.2186317 ], [ 99.1737067, 3.2185317 ] ] ] ] } },
{ "type": "Feature", "properties": { "id": "PU00023825-1", "HA": 1.091 }, "geometry": { "type": "MultiPolygon", "coordinates": [ [ [ [ 99.006905, 3.0004583 ], [ 99.0081433, 2.9990233 ], [ 99.0083867, 2.9997367 ], [ 99.0081933, 3.0001967 ], [ 99.006905, 3.0004583 ] ] ] ] } },
{ "type": "Feature", "properties": { "id": "PV00025812-1", "HA": 0.013 }, "geometry": { "type": "MultiPolygon", "coordinates": [ [ [ [ 99.0361057, 2.8237895 ], [ 99.0361078, 2.823699 ], [ 99.0361479, 2.8236066 ], [ 99.0362419, 2.8236075 ], [ 99.0361057, 2.8237895 ] ] ] ] } },
{ "type": "Feature", "properties": { "id": "PX00021309-1", "HA": 0.086 }, "geometry": { "type": "MultiPolygon", "coordinates": [ [ [ [ 99.2017333, 3.1629717 ], [ 99.20173, 3.1633733 ], [ 99.2015733, 3.1632733 ], [ 99.201515, 3.162905 ], [ 99.2017333, 3.1629717 ] ] ] ] } },
{ "type": "Feature", "properties": { "id": "PZ00021372-1", "HA": 0.101 }, "geometry": { "type": "MultiPolygon", "coordinates": [ [ [ [ 99.018845, 2.96397 ], [ 99.0188967, 2.9643717 ], [ 99.018775, 2.9645017 ], [ 99.0186867, 2.9641783 ], [ 99.01859, 2.9640617 ], [ 99.018845, 2.96397 ] ] ] ] } },
{ "type": "Feature", "properties": { "id": "QA00022284-2", "HA": 0.057 }, "geometry": { "type": "MultiPolygon", "coordinates": [ [ [ [ 99.144155, 3.2082833 ], [ 99.144095, 3.208415 ], [ 99.1438733, 3.2082433 ], [ 99.1441367, 3.20809 ], [ 99.144155, 3.2082833 ] ] ] ] } },
{ "type": "Feature", "properties": { "id": "QA00024969-1", "HA": 0.103 }, "geometry": { "type": "MultiPolygon", "coordinates": [ [ [ [ 98.986705, 3.3896733 ], [ 98.986915, 3.3896217 ], [ 98.9873983, 3.3896817 ], [ 98.9870283, 3.389865 ], [ 98.986705, 3.3896733 ] ] ] ] } },
{ "type": "Feature", "properties": { "id": "QB00021100-1", "HA": 0.458 }, "geometry": { "type": "MultiPolygon", "coordinates": [ [ [ [ 99.0769733, 3.5252417 ], [ 99.077305, 3.5253983 ], [ 99.0764633, 3.5263533 ], [ 99.0763567, 3.5260033 ], [ 99.0769733, 3.5252417 ] ] ] ] } },
{ "type": "Feature", "properties": { "id": "QC00021762-1", "HA": 0.159 }, "geometry": { "type": "MultiPolygon", "coordinates": [ [ [ [ 99.137595, 2.8046467 ], [ 99.1376067, 2.8050117 ], [ 99.1371983, 2.80492 ], [ 99.137325, 2.8045517 ], [ 99.137595, 2.8046467 ] ] ] ] } },
{ "type": "Feature", "properties": { "id": "QD00021750-3", "HA": 0.061 }, "geometry": { "type": "MultiPolygon", "coordinates": [ [ [ [ 99.1234535, 2.8153416 ], [ 99.1232928, 2.815439 ], [ 99.1231067, 2.8153257 ], [ 99.1234255, 2.8151606 ], [ 99.1234535, 2.8153416 ] ] ] ] } },
{ "type": "Feature", "properties": { "id": "QD00024660-1", "HA": 0.054 }, "geometry": { "type": "MultiPolygon", "coordinates": [ [ [ [ 98.9689117, 3.3781838 ], [ 98.9688199, 3.3783817 ], [ 98.96857, 3.3783253 ], [ 98.9688509, 3.3781112 ], [ 98.9689117, 3.3781838 ] ] ] ] } },
{ "type": "Feature", "properties": { "id": "QD00025013-1", "HA": 0.089 }, "geometry": { "type": "MultiPolygon", "coordinates": [ [ [ [ 98.9588417, 2.9613767 ], [ 98.95897, 2.961785 ], [ 98.95896, 2.96188 ], [ 98.9586517, 2.96166 ], [ 98.9588417, 2.9613767 ] ] ] ] } },
{ "type": "Feature", "properties": { "id": "QE00022488-1", "HA": 0.127 }, "geometry": { "type": "MultiPolygon", "coordinates": [ [ [ [ 98.9909867, 2.999695 ], [ 98.9910667, 3.0001133 ], [ 98.9909233, 3.0000783 ], [ 98.990575, 2.9998267 ], [ 98.9909867, 2.999695 ] ] ] ] } },
{ "type": "Feature", "properties": { "id": "QE00022821-1", "HA": 0.15 }, "geometry": { "type": "MultiPolygon", "coordinates": [ [ [ [ 99.0056015, 2.7901284 ], [ 99.0057273, 2.790403 ], [ 99.0052913, 2.7905958 ], [ 99.0051985, 2.7904135 ], [ 99.0056015, 2.7901284 ] ] ] ] } },
{ "type": "Feature", "properties": { "id": "QF00022705-2", "HA": 0.2 }, "geometry": { "type": "MultiPolygon", "coordinates": [ [ [ [ 99.0476333, 2.8177183 ], [ 99.04788, 2.818025 ], [ 99.0473867, 2.8181767 ], [ 99.047165, 2.8180333 ], [ 99.0476333, 2.8177183 ] ] ] ] } },
{ "type": "Feature", "properties": { "id": "QG00022647-1", "HA": 0.054 }, "geometry": { "type": "MultiPolygon", "coordinates": [ [ [ [ 99.083045, 3.107725 ], [ 99.0832283, 3.1083467 ], [ 99.0829933, 3.1080933 ], [ 99.0830517, 3.10789 ], [ 99.083045, 3.107725 ] ] ] ] } },
{ "type": "Feature", "properties": { "id": "QG00023350-1", "HA": 0.188 }, "geometry": { "type": "MultiPolygon", "coordinates": [ [ [ [ 98.96442, 3.1064683 ], [ 98.96458, 3.1060317 ], [ 98.9648517, 3.106105 ], [ 98.96492, 3.1064533 ], [ 98.96442, 3.1064683 ] ] ] ] } },
{ "type": "Feature", "properties": { "id": "QH00024714-1", "HA": 0.242 }, "geometry": { "type": "MultiPolygon", "coordinates": [ [ [ [ 99.45729, 2.6019383 ], [ 99.45719, 2.6023183 ], [ 99.4566817, 2.6019367 ], [ 99.4570983, 2.60167 ], [ 99.45729, 2.6019383 ] ] ] ] } },
{ "type": "Feature", "properties": { "id": "QI00023507-1", "HA": 0.109 }, "geometry": { "type": "MultiPolygon", "coordinates": [ [ [ [ 99.0784522, 3.4280894 ], [ 99.0781483, 3.4281408 ], [ 99.0779739, 3.4280187 ], [ 99.0776697, 3.4282537 ], [ 99.0777562, 3.4280396 ], [ 99.0781765, 3.4279095 ], [ 99.0784522, 3.4280894 ] ] ] ] } },
{ "type": "Feature", "properties": { "id": "QI00024853-1", "HA": 0.124 }, "geometry": { "type": "MultiPolygon", "coordinates": [ [ [ [ 98.1874674, 3.4243754 ], [ 98.1873486, 3.424227 ], [ 98.187533, 3.4237885 ], [ 98.1877251, 3.4239363 ], [ 98.1874674, 3.4243754 ] ] ] ] } },
{ "type": "Feature", "properties": { "id": "QI00025790-1", "HA": 0.047 }, "geometry": { "type": "MultiPolygon", "coordinates": [ [ [ [ 99.0350917, 2.82489 ], [ 99.035145, 2.8245983 ], [ 99.0352917, 2.8248417 ], [ 99.0353233, 2.824935 ], [ 99.0350917, 2.82489 ] ] ] ] } },
{ "type": "Feature", "properties": { "id": "QI00026191-1", "HA": 0.058 }, "geometry": { "type": "MultiPolygon", "coordinates": [ [ [ [ 99.0346864, 2.997561 ], [ 99.0350651, 2.9977401 ], [ 99.0349264, 2.9979341 ], [ 99.0348617, 2.9978193 ], [ 99.0346864, 2.997561 ] ] ] ] } },
{ "type": "Feature", "properties": { "id": "QJ00022467-1", "HA": 0.027 }, "geometry": { "type": "MultiPolygon", "coordinates": [ [ [ [ 98.9895949, 3.0018353 ], [ 98.9894375, 3.0018944 ], [ 98.9895152, 3.0016942 ], [ 98.9897567, 3.0019126 ], [ 98.9895949, 3.0018353 ] ] ] ] } },
{ "type": "Feature", "properties": { "id": "QJ00022616-1", "HA": 0.402 }, "geometry": { "type": "MultiPolygon", "coordinates": [ [ [ [ 99.0636717, 2.7937583 ], [ 99.0642883, 2.79334 ], [ 99.0645617, 2.7937783 ], [ 99.06397, 2.7940683 ], [ 99.0636717, 2.7937583 ] ] ] ] } },
{ "type": "Feature", "properties": { "id": "QK00021961-1", "HA": 0.068 }, "geometry": { "type": "MultiPolygon", "coordinates": [ [ [ [ 99.0208633, 2.9830088 ], [ 99.0206647, 2.9831873 ], [ 99.0206113, 2.9827968 ], [ 99.020847, 2.9829011 ], [ 99.0208633, 2.9830088 ] ] ] ] } },
{ "type": "Feature", "properties": { "id": "QK00022352-1", "HA": 0.042 }, "geometry": { "type": "MultiPolygon", "coordinates": [ [ [ [ 99.0152459, 3.0312647 ], [ 99.0152713, 3.0310334 ], [ 99.0155288, 3.0309896 ], [ 99.0154808, 3.0310732 ], [ 99.0152459, 3.0312647 ] ] ] ] } },
{ "type": "Feature", "properties": { "id": "QK00023051-1", "HA": 0.14 }, "geometry": { "type": "MultiPolygon", "coordinates": [ [ [ [ 98.9695367, 2.8212117 ], [ 98.96999, 2.8217667 ], [ 98.9697333, 2.82168 ], [ 98.969375, 2.8214567 ], [ 98.9695367, 2.8212117 ] ] ] ] } },
{ "type": "Feature", "properties": { "id": "QL00022850-2", "HA": 1.092 }, "geometry": { "type": "MultiPolygon", "coordinates": [ [ [ [ 99.0467583, 2.7843383 ], [ 99.0473767, 2.7839783 ], [ 99.0478733, 2.7844367 ], [ 99.0480367, 2.7846717 ], [ 99.0477517, 2.78497 ], [ 99.047335, 2.7853 ], [ 99.0467583, 2.7843383 ] ] ] ] } },
{ "type": "Feature", "properties": { "id": "QL00023246-2", "HA": 0.105 }, "geometry": { "type": "MultiPolygon", "coordinates": [ [ [ [ 99.1810717, 3.2580817 ], [ 99.181315, 3.258395 ], [ 99.1809217, 3.258415 ], [ 99.1808233, 3.2583533 ], [ 99.1810717, 3.2580817 ] ] ] ] } },
{ "type": "Feature", "properties": { "id": "QM00020641-2", "HA": 0.164 }, "geometry": { "type": "MultiPolygon", "coordinates": [ [ [ [ 99.0784083, 3.47923 ], [ 99.0786817, 3.47963 ], [ 99.0783783, 3.479895 ], [ 99.0782067, 3.4796583 ], [ 99.07843, 3.4794767 ], [ 99.07837, 3.479305 ], [ 99.0784083, 3.47923 ] ] ] ] } },
{ "type": "Feature", "properties": { "id": "QM00021763-1", "HA": 0.134 }, "geometry": { "type": "MultiPolygon", "coordinates": [ [ [ [ 99.1127083, 2.78227 ], [ 99.113545, 2.78187 ], [ 99.1135617, 2.7819633 ], [ 99.1128583, 2.7823717 ], [ 99.1127083, 2.78227 ] ] ] ] } },
{ "type": "Feature", "properties": { "id": "QM00022490-1", "HA": 0.125 }, "geometry": { "type": "MultiPolygon", "coordinates": [ [ [ [ 98.9908433, 2.9992667 ], [ 98.99052, 2.99915 ], [ 98.9907483, 2.9988883 ], [ 98.9910117, 2.99897 ], [ 98.9908433, 2.9992667 ] ] ] ] } },
{ "type": "Feature", "properties": { "id": "QM00024701-3", "HA": 0.094 }, "geometry": { "type": "MultiPolygon", "coordinates": [ [ [ [ 98.1818083, 3.4286517 ], [ 98.1815283, 3.428745 ], [ 98.1814633, 3.428485 ], [ 98.1816067, 3.4283383 ], [ 98.1818083, 3.4286517 ] ] ] ] } },
{ "type": "Feature", "properties": { "id": "QN00021360-1", "HA": 0.246 }, "geometry": { "type": "MultiPolygon", "coordinates": [ [ [ [ 99.2062617, 3.169855 ], [ 99.206385, 3.17018 ], [ 99.206095, 3.170515 ], [ 99.2058067, 3.1700683 ], [ 99.2062617, 3.169855 ] ] ] ] } },
{ "type": "Feature", "properties": { "id": "QN00023872-1", "HA": 0.026 }, "geometry": { "type": "MultiPolygon", "coordinates": [ [ [ [ 99.0068033, 3.0021083 ], [ 99.0068183, 3.0018983 ], [ 99.006925, 3.0019067 ], [ 99.0069067, 3.0020967 ], [ 99.0068033, 3.0021083 ] ] ] ] } },
{ "type": "Feature", "properties": { "id": "QO00020801-1", "HA": 0.45 }, "geometry": { "type": "MultiPolygon", "coordinates": [ [ [ [ 99.0544383, 3.4675317 ], [ 99.0540483, 3.46654 ], [ 99.05436, 3.4663183 ], [ 99.0546867, 3.46707 ], [ 99.0544383, 3.4675317 ] ] ] ] } },
{ "type": "Feature", "properties": { "id": "QO00022340-1", "HA": 0.189 }, "geometry": { "type": "MultiPolygon", "coordinates": [ [ [ [ 99.054125, 2.829715 ], [ 99.0542083, 2.830045 ], [ 99.05367, 2.8301133 ], [ 99.05369, 2.8298217 ], [ 99.054125, 2.829715 ] ] ] ] } },
{ "type": "Feature", "properties": { "id": "QO00022800-1", "HA": 0.067 }, "geometry": { "type": "MultiPolygon", "coordinates": [ [ [ [ 99.0439959, 2.8171588 ], [ 99.0443478, 2.8167303 ], [ 99.0444284, 2.8167892 ], [ 99.0441129, 2.8171848 ], [ 99.0439959, 2.8171588 ] ] ] ] } },
{ "type": "Feature", "properties": { "id": "QP00024642-1", "HA": 0.044 }, "geometry": { "type": "MultiPolygon", "coordinates": [ [ [ [ 98.1822933, 3.433625 ], [ 98.1825043, 3.4336285 ], [ 98.1825471, 3.4338535 ], [ 98.1824143, 3.4338268 ], [ 98.1822933, 3.433625 ] ] ] ] } },
{ "type": "Feature", "properties": { "id": "QQ00023559-1", "HA": 0.035 }, "geometry": { "type": "MultiPolygon", "coordinates": [ [ [ [ 99.0212567, 3.49058 ], [ 99.0212817, 3.4904333 ], [ 99.02146, 3.4903683 ], [ 99.021435, 3.4905533 ], [ 99.0212567, 3.49058 ] ] ] ] } },
{ "type": "Feature", "properties": { "id": "QS00025021-4", "HA": 0.111 }, "geometry": { "type": "MultiPolygon", "coordinates": [ [ [ [ 99.0114933, 3.0074267 ], [ 99.011595, 3.0075983 ], [ 99.011415, 3.007775 ], [ 99.0111083, 3.007455 ], [ 99.0114933, 3.0074267 ] ] ] ] } },
{ "type": "Feature", "properties": { "id": "QT00022922-1", "HA": 0.012 }, "geometry": { "type": "MultiPolygon", "coordinates": [ [ [ [ 99.0060133, 2.7801283 ], [ 99.0060667, 2.780175 ], [ 99.0059517, 2.78019 ], [ 99.0056467, 2.780285 ], [ 99.0060133, 2.7801283 ] ] ] ] } },
{ "type": "Feature", "properties": { "id": "QT00023355-1", "HA": 0.266 }, "geometry": { "type": "MultiPolygon", "coordinates": [ [ [ [ 98.9633482, 3.1246741 ], [ 98.9636722, 3.1248717 ], [ 98.9636562, 3.125288 ], [ 98.9631611, 3.1252568 ], [ 98.9633482, 3.1246741 ] ] ] ] } },
{ "type": "Feature", "properties": { "id": "QT00025785-1", "HA": 0.045 }, "geometry": { "type": "MultiPolygon", "coordinates": [ [ [ [ 99.0350272, 2.824847 ], [ 99.0348962, 2.8246904 ], [ 99.0349544, 2.8245037 ], [ 99.0351074, 2.8246797 ], [ 99.0350272, 2.824847 ] ] ] ] } },
{ "type": "Feature", "properties": { "id": "QT00026246-1", "HA": 0.127 }, "geometry": { "type": "MultiPolygon", "coordinates": [ [ [ [ 99.0239998, 3.0024671 ], [ 99.0234292, 3.0026296 ], [ 99.0231902, 3.0025386 ], [ 99.0232408, 3.0023907 ], [ 99.0239998, 3.0024671 ] ] ] ] } },
{ "type": "Feature", "properties": { "id": "QU00022300-1", "HA": 0.029 }, "geometry": { "type": "MultiPolygon", "coordinates": [ [ [ [ 99.1562452, 3.2087529 ], [ 99.1565274, 3.2085542 ], [ 99.1565041, 3.2087199 ], [ 99.1563368, 3.2087629 ], [ 99.1562452, 3.2087529 ] ] ] ] } },
{ "type": "Feature", "properties": { "id": "QV00022024-2", "HA": 0.103 }, "geometry": { "type": "MultiPolygon", "coordinates": [ [ [ [ 99.017, 2.9800883 ], [ 99.016935, 2.9802033 ], [ 99.0166333, 2.980105 ], [ 99.0162817, 2.979995 ], [ 99.01635, 2.9798917 ], [ 99.017, 2.9800883 ] ] ] ] } },
{ "type": "Feature", "properties": { "id": "QV00022185-3", "HA": 0.111 }, "geometry": { "type": "MultiPolygon", "coordinates": [ [ [ [ 99.0250383, 2.9928883 ], [ 99.0246567, 2.9926967 ], [ 99.0248067, 2.992585 ], [ 99.02532, 2.9927867 ], [ 99.0250383, 2.9928883 ] ] ] ] } },
{ "type": "Feature", "properties": { "id": "QV00025905-1", "HA": 0.128 }, "geometry": { "type": "MultiPolygon", "coordinates": [ [ [ [ 99.0587964, 3.0101695 ], [ 99.058376, 3.0101283 ], [ 99.0583669, 3.0099002 ], [ 99.0588648, 3.0099517 ], [ 99.0587964, 3.0101695 ] ] ] ] } },
{ "type": "Feature", "properties": { "id": "QV00025910-2", "HA": 0.235 }, "geometry": { "type": "MultiPolygon", "coordinates": [ [ [ [ 99.05909, 3.00935 ], [ 99.05944, 3.0092583 ], [ 99.0596533, 3.0093383 ], [ 99.0596833, 3.0096283 ], [ 99.0590633, 3.0096267 ], [ 99.05909, 3.00935 ] ] ] ] } },
{ "type": "Feature", "properties": { "id": "QV00026372-1", "HA": 0.25 }, "geometry": { "type": "MultiPolygon", "coordinates": [ [ [ [ 99.0464822, 3.0064751 ], [ 99.0465229, 3.0059853 ], [ 99.0470248, 3.0060243 ], [ 99.0468257, 3.0064829 ], [ 99.0464822, 3.0064751 ] ] ] ] } },
{ "type": "Feature", "properties": { "id": "QW00021910-1", "HA": 0.184 }, "geometry": { "type": "MultiPolygon", "coordinates": [ [ [ [ 99.0173589, 2.9778586 ], [ 99.0174122, 2.9777789 ], [ 99.0176472, 2.9774862 ], [ 99.018085, 2.9774917 ], [ 99.0181342, 2.9776481 ], [ 99.0173589, 2.9778586 ] ] ] ] } },
{ "type": "Feature", "properties": { "id": "QX00021636-2", "HA": 0.342 }, "geometry": { "type": "MultiPolygon", "coordinates": [ [ [ [ 99.1018983, 2.8178283 ], [ 99.1024017, 2.8177817 ], [ 99.1027333, 2.8177933 ], [ 99.1027433, 2.8181267 ], [ 99.1022317, 2.818175 ], [ 99.1019667, 2.81809 ], [ 99.1018983, 2.8178283 ] ] ] ] } },
{ "type": "Feature", "properties": { "id": "QX00024857-1", "HA": 0.024 }, "geometry": { "type": "MultiPolygon", "coordinates": [ [ [ [ 98.1587581, 3.4440446 ], [ 98.1586268, 3.4441448 ], [ 98.1585648, 3.4440344 ], [ 98.1585318, 3.4439377 ], [ 98.1587581, 3.4440446 ] ] ] ] } },
{ "type": "Feature", "properties": { "id": "QY00015058-1", "HA": 1032.393 }, "geometry": { "type": "MultiPolygon", "coordinates": [ [ [ [ 99.1405713, 3.1301313 ], [ 99.1466802, 3.163738 ], [ 99.1372416, 3.1589113 ], [ 99.1363284, 3.1579733 ], [ 99.1268647, 3.1559213 ], [ 99.1108158, 3.1419674 ], [ 99.1045964, 3.1386809 ], [ 99.1047113, 3.1299243 ], [ 99.1405713, 3.1301313 ] ] ] ] } },
{ "type": "Feature", "properties": { "id": "QY00025757-1", "HA": 0.149 }, "geometry": { "type": "MultiPolygon", "coordinates": [ [ [ [ 98.9957367, 3.0115483 ], [ 98.9956433, 3.0111383 ], [ 98.9961867, 3.011095 ], [ 98.9959617, 3.011355 ], [ 98.9957367, 3.0115483 ] ] ] ] } },
{ "type": "Feature", "properties": { "id": "QZ00023175-2", "HA": 0.245 }, "geometry": { "type": "MultiPolygon", "coordinates": [ [ [ [ 99.1821567, 3.2565617 ], [ 99.1829233, 3.2564617 ], [ 99.1829567, 3.2567617 ], [ 99.18248, 3.25678 ], [ 99.1821783, 3.2567467 ], [ 99.1821567, 3.2565617 ] ] ] ] } },
{ "type": "Feature", "properties": { "id": "RA00024536-1", "HA": 0.006 }, "geometry": { "type": "MultiPolygon", "coordinates": [ [ [ [ 98.953124, 3.3401132 ], [ 98.952887, 3.3399706 ], [ 98.9529754, 3.3400061 ], [ 98.9530647, 3.3400378 ], [ 98.953124, 3.3401132 ] ] ] ] } },
{ "type": "Feature", "properties": { "id": "RA00026178-2", "HA": 0.074 }, "geometry": { "type": "MultiPolygon", "coordinates": [ [ [ [ 99.0058695, 2.9991142 ], [ 99.0061677, 2.9991107 ], [ 99.0062166, 2.9993773 ], [ 99.0061687, 2.9994593 ], [ 99.0058695, 2.9991142 ] ] ] ] } },
{ "type": "Feature", "properties": { "id": "RA00026310-1", "HA": 0.063 }, "geometry": { "type": "MultiPolygon", "coordinates": [ [ [ [ 99.0227599, 3.0028781 ], [ 99.0223629, 3.0029491 ], [ 99.0225011, 3.0027332 ], [ 99.0226019, 3.0026838 ], [ 99.0227599, 3.0028781 ] ] ] ] } },
{ "type": "Feature", "properties": { "id": "RA00026328-1", "HA": 0.099 }, "geometry": { "type": "MultiPolygon", "coordinates": [ [ [ [ 99.00635, 2.999865 ], [ 99.0059833, 2.99985 ], [ 99.005945, 2.9996483 ], [ 99.0064483, 2.9997017 ], [ 99.00635, 2.999865 ] ] ] ] } },
{ "type": "Feature", "properties": { "id": "RB00021635-3", "HA": 0.112 }, "geometry": { "type": "MultiPolygon", "coordinates": [ [ [ [ 99.1190633, 2.8102817 ], [ 99.119215, 2.8097667 ], [ 99.11935, 2.810335 ], [ 99.1193183, 2.81042 ], [ 99.1190633, 2.8102817 ] ] ] ] } },
{ "type": "Feature", "properties": { "id": "RC00021936-1", "HA": 0.047 }, "geometry": { "type": "MultiPolygon", "coordinates": [ [ [ [ 99.18547, 2.81604 ], [ 99.1853117, 2.8160967 ], [ 99.1851417, 2.8161367 ], [ 99.1850367, 2.8159433 ], [ 99.18547, 2.81604 ] ] ] ] } },
{ "type": "Feature", "properties": { "id": "RC00023509-1", "HA": 0.152 }, "geometry": { "type": "MultiPolygon", "coordinates": [ [ [ [ 99.046385, 3.4294667 ], [ 99.0459833, 3.4296433 ], [ 99.045605, 3.4292433 ], [ 99.0458733, 3.4291817 ], [ 99.04614, 3.42953 ], [ 99.046295, 3.429435 ], [ 99.046385, 3.4294667 ] ] ] ] } },
{ "type": "Feature", "properties": { "id": "RD00021756-1", "HA": 0.129 }, "geometry": { "type": "MultiPolygon", "coordinates": [ [ [ [ 99.082425, 2.7771 ], [ 99.0825167, 2.7758283 ], [ 99.0825583, 2.7761367 ], [ 99.082495, 2.777555 ], [ 99.082425, 2.7771 ] ] ] ] } },
{ "type": "Feature", "properties": { "id": "RD00022170-1", "HA": 0.071 }, "geometry": { "type": "MultiPolygon", "coordinates": [ [ [ [ 99.04159, 2.8188633 ], [ 99.0412983, 2.8191167 ], [ 99.041225, 2.8189533 ], [ 99.0414367, 2.818765 ], [ 99.04159, 2.8188633 ] ] ] ] } },
{ "type": "Feature", "properties": { "id": "RD00023522-2", "HA": 0.019 }, "geometry": { "type": "MultiPolygon", "coordinates": [ [ [ [ 99.0381767, 3.4364267 ], [ 99.03844, 3.4364833 ], [ 99.0383783, 3.436565 ], [ 99.038205, 3.4364783 ], [ 99.0381767, 3.4364267 ] ] ] ] } },
{ "type": "Feature", "properties": { "id": "RD00026183-1", "HA": 0.077 }, "geometry": { "type": "MultiPolygon", "coordinates": [ [ [ [ 99.0091967, 3.0057917 ], [ 99.0091217, 3.0056533 ], [ 99.009555, 3.00565 ], [ 99.009535, 3.00584 ], [ 99.0091967, 3.0057917 ] ] ] ] } },
{ "type": "Feature", "properties": { "id": "RE00021923-2", "HA": 0.071 }, "geometry": { "type": "MultiPolygon", "coordinates": [ [ [ [ 99.0124267, 2.9870767 ], [ 99.0125117, 2.987045 ], [ 99.0127533, 2.987495 ], [ 99.0127083, 2.98765 ], [ 99.0124267, 2.9870767 ] ] ] ] } },
{ "type": "Feature", "properties": { "id": "RE00022129-1", "HA": 0.078 }, "geometry": { "type": "MultiPolygon", "coordinates": [ [ [ [ 99.0203797, 3.00498 ], [ 99.0204239, 3.0053094 ], [ 99.0201856, 3.0051835 ], [ 99.0201677, 3.0049247 ], [ 99.0203797, 3.00498 ] ] ] ] } },
{ "type": "Feature", "properties": { "id": "RE00023203-1", "HA": 0.322 }, "geometry": { "type": "MultiPolygon", "coordinates": [ [ [ [ 99.1806333, 3.254905 ], [ 99.18012, 3.2541483 ], [ 99.180105, 3.2539167 ], [ 99.180625, 3.2541 ], [ 99.1806333, 3.254905 ] ] ] ] } },
{ "type": "Feature", "properties": { "id": "RF00024348-2", "HA": 0.052 }, "geometry": { "type": "MultiPolygon", "coordinates": [ [ [ [ 99.010304, 3.0134251 ], [ 99.009992, 3.0134873 ], [ 99.0101729, 3.0131927 ], [ 99.0102322, 3.0132635 ], [ 99.010304, 3.0134251 ] ] ] ] } },
{ "type": "Feature", "properties": { "id": "RG00022818-1", "HA": 0.127 }, "geometry": { "type": "MultiPolygon", "coordinates": [ [ [ [ 99.0554446, 2.8099238 ], [ 99.0555802, 2.8101613 ], [ 99.0556212, 2.8104092 ], [ 99.0550506, 2.8098792 ], [ 99.0554446, 2.8099238 ] ] ] ] } },
{ "type": "Feature", "properties": { "id": "RI00020660-2", "HA": 0.124 }, "geometry": { "type": "MultiPolygon", "coordinates": [ [ [ [ 99.0521174, 3.4797076 ], [ 99.0524553, 3.4792702 ], [ 99.0525915, 3.479461 ], [ 99.0520252, 3.4799213 ], [ 99.0521174, 3.4797076 ] ] ] ] } },
{ "type": "Feature", "properties": { "id": "RI00022624-1", "HA": 0.052 }, "geometry": { "type": "MultiPolygon", "coordinates": [ [ [ [ 99.0055633, 2.814402 ], [ 99.0053177, 2.8142454 ], [ 99.0055043, 2.8140096 ], [ 99.0055178, 2.8141407 ], [ 99.0055633, 2.814402 ] ] ] ] } },
{ "type": "Feature", "properties": { "id": "RJ00023188-1", "HA": 0.312 }, "geometry": { "type": "MultiPolygon", "coordinates": [ [ [ [ 98.962755, 2.9406833 ], [ 98.96236, 2.9405217 ], [ 98.9620267, 2.94008 ], [ 98.9625483, 2.93998 ], [ 98.962755, 2.9406833 ] ] ] ] } },
{ "type": "Feature", "properties": { "id": "RJ00024234-1", "HA": 0.109 }, "geometry": { "type": "MultiPolygon", "coordinates": [ [ [ [ 98.9670264, 3.3780882 ], [ 98.966825, 3.3778167 ], [ 98.9671037, 3.3775669 ], [ 98.9671265, 3.3780764 ], [ 98.9670264, 3.3780882 ] ] ] ] } },
{ "type": "Feature", "properties": { "id": "RK00021879-2", "HA": 0.035 }, "geometry": { "type": "MultiPolygon", "coordinates": [ [ [ [ 99.0064767, 2.9855717 ], [ 99.0065133, 2.9856567 ], [ 99.0062183, 2.9856433 ], [ 99.0063133, 2.98549 ], [ 99.0064767, 2.9855717 ] ] ] ] } },
{ "type": "Feature", "properties": { "id": "RK00023714-2", "HA": 0.02 }, "geometry": { "type": "MultiPolygon", "coordinates": [ [ [ [ 99.3454663, 2.6579376 ], [ 99.3452866, 2.6578803 ], [ 99.3452251, 2.6578084 ], [ 99.3452962, 2.6577508 ], [ 99.3454663, 2.6579376 ] ] ] ] } },
{ "type": "Feature", "properties": { "id": "RK00025287-2", "HA": 0.04 }, "geometry": { "type": "MultiPolygon", "coordinates": [ [ [ [ 98.9869683, 3.10428 ], [ 98.98715, 3.1044533 ], [ 98.9870783, 3.104595 ], [ 98.9869517, 3.1044833 ], [ 98.9869683, 3.10428 ] ] ] ] } },
{ "type": "Feature", "properties": { "id": "RL00022847-1", "HA": 0.312 }, "geometry": { "type": "MultiPolygon", "coordinates": [ [ [ [ 99.0439817, 2.8015 ], [ 99.0435117, 2.8015333 ], [ 99.0435383, 2.8011067 ], [ 99.0437767, 2.800625 ], [ 99.0439817, 2.8015 ] ] ] ] } },
{ "type": "Feature", "properties": { "id": "RL00023488-1", "HA": 0.124 }, "geometry": { "type": "MultiPolygon", "coordinates": [ [ [ [ 99.044443, 3.4373762 ], [ 99.0444943, 3.4372345 ], [ 99.0448894, 3.4373906 ], [ 99.0446687, 3.4376931 ], [ 99.044443, 3.4373762 ] ] ] ] } },
{ "type": "Feature", "properties": { "id": "RM00023104-1", "HA": 0.037 }, "geometry": { "type": "MultiPolygon", "coordinates": [ [ [ [ 99.1687817, 3.2763317 ], [ 99.1686933, 3.27623 ], [ 99.1689933, 3.2761733 ], [ 99.169045, 3.2762483 ], [ 99.1687817, 3.2763317 ] ] ] ] } },
{ "type": "Feature", "properties": { "id": "RO00021883-1", "HA": 0.909 }, "geometry": { "type": "MultiPolygon", "coordinates": [ [ [ [ 99.010305, 2.9844583 ], [ 99.0103717, 2.9843233 ], [ 99.009795, 2.98385 ], [ 99.0117933, 2.9831183 ], [ 99.010305, 2.9844583 ] ] ] ] } },
{ "type": "Feature", "properties": { "id": "RP00020659-3", "HA": 0.282 }, "geometry": { "type": "MultiPolygon", "coordinates": [ [ [ [ 99.0426733, 3.457815 ], [ 99.042505, 3.4577983 ], [ 99.0425483, 3.4576017 ], [ 99.0429317, 3.45698 ], [ 99.0432167, 3.4570867 ], [ 99.0426733, 3.457815 ] ] ] ] } },
{ "type": "Feature", "properties": { "id": "RP00020659-4", "HA": 0.077 }, "geometry": { "type": "MultiPolygon", "coordinates": [ [ [ [ 99.04326, 3.457785 ], [ 99.0433483, 3.4579 ], [ 99.0432467, 3.4581533 ], [ 99.043, 3.4581833 ], [ 99.04326, 3.457785 ] ] ] ] } },
{ "type": "Feature", "properties": { "id": "RP00020787-1", "HA": 0.272 }, "geometry": { "type": "MultiPolygon", "coordinates": [ [ [ [ 99.032355, 3.4715533 ], [ 99.032195, 3.4711433 ], [ 99.0327167, 3.4709717 ], [ 99.03283, 3.4713483 ], [ 99.032355, 3.4715533 ] ] ] ] } },
{ "type": "Feature", "properties": { "id": "RP00021086-1", "HA": 0.629 }, "geometry": { "type": "MultiPolygon", "coordinates": [ [ [ [ 99.0654917, 3.4666517 ], [ 99.065085, 3.4664467 ], [ 99.06573, 3.4654683 ], [ 99.0659917, 3.46624 ], [ 99.0654917, 3.4666517 ] ] ] ] } },
{ "type": "Feature", "properties": { "id": "RP00021740-1", "HA": 0.47 }, "geometry": { "type": "MultiPolygon", "coordinates": [ [ [ [ 99.1837582, 2.8205323 ], [ 99.1844731, 2.8203695 ], [ 99.1840756, 2.8213336 ], [ 99.1838236, 2.8211412 ], [ 99.1837582, 2.8205323 ] ] ] ] } },
{ "type": "Feature", "properties": { "id": "RP00021968-1", "HA": 0.156 }, "geometry": { "type": "MultiPolygon", "coordinates": [ [ [ [ 99.0249433, 2.99086 ], [ 99.02482, 2.9912667 ], [ 99.02465, 2.991285 ], [ 99.0246017, 2.9907183 ], [ 99.0249433, 2.99086 ] ] ] ] } },
{ "type": "Feature", "properties": { "id": "RP00025480-1", "HA": 0.035 }, "geometry": { "type": "MultiPolygon", "coordinates": [ [ [ [ 99.01155, 3.00938 ], [ 99.0114283, 3.0094483 ], [ 99.0112283, 3.0092617 ], [ 99.0113183, 3.0092283 ], [ 99.01155, 3.00938 ] ] ] ] } },
{ "type": "Feature", "properties": { "id": "RQ00026633-1", "HA": 0.053 }, "geometry": { "type": "MultiPolygon", "coordinates": [ [ [ [ 99.0026396, 2.9980468 ], [ 99.0028608, 2.9983078 ], [ 99.0027684, 2.9983351 ], [ 99.0025307, 2.9982401 ], [ 99.0026396, 2.9980468 ] ] ] ] } },
{ "type": "Feature", "properties": { "id": "RR00020753-1", "HA": 0.224 }, "geometry": { "type": "MultiPolygon", "coordinates": [ [ [ [ 99.0384217, 3.4571167 ], [ 99.03815, 3.4570833 ], [ 99.037695, 3.45769 ], [ 99.0377767, 3.4573617 ], [ 99.0380433, 3.4568867 ], [ 99.0382083, 3.4567883 ], [ 99.03848, 3.4570383 ], [ 99.0384217, 3.4571167 ] ] ] ] } },
{ "type": "Feature", "properties": { "id": "RR00020753-2", "HA": 0.062 }, "geometry": { "type": "MultiPolygon", "coordinates": [ [ [ [ 99.0373733, 3.4567383 ], [ 99.0372333, 3.45689 ], [ 99.0370083, 3.456775 ], [ 99.0371233, 3.4566233 ], [ 99.0373733, 3.4567383 ] ] ] ] } },
{ "type": "Feature", "properties": { "id": "RR00020753-3", "HA": 0.263 }, "geometry": { "type": "MultiPolygon", "coordinates": [ [ [ [ 99.0310017, 3.4496433 ], [ 99.0306383, 3.4494167 ], [ 99.0309183, 3.4489183 ], [ 99.031215, 3.4492883 ], [ 99.0310017, 3.4496433 ] ] ] ] } },
{ "type": "Feature", "properties": { "id": "RR00021983-1", "HA": 0.154 }, "geometry": { "type": "MultiPolygon", "coordinates": [ [ [ [ 99.2015109, 2.8395254 ], [ 99.2018273, 2.839384 ], [ 99.2020399, 2.8396245 ], [ 99.2018737, 2.8398676 ], [ 99.2015109, 2.8395254 ] ] ] ] } },
{ "type": "Feature", "properties": { "id": "RS00021282-1", "HA": 0.165 }, "geometry": { "type": "MultiPolygon", "coordinates": [ [ [ [ 99.2098396, 3.1629592 ], [ 99.2104889, 3.1627282 ], [ 99.2105599, 3.1628651 ], [ 99.2102803, 3.162949 ], [ 99.2100454, 3.1632492 ], [ 99.2098396, 3.1629592 ] ] ] ] } },
{ "type": "Feature", "properties": { "id": "RT00023867-1", "HA": 0.036 }, "geometry": { "type": "MultiPolygon", "coordinates": [ [ [ [ 99.0035117, 3.0027033 ], [ 99.0032933, 3.0030783 ], [ 99.0033167, 3.0028717 ], [ 99.0032883, 3.002785 ], [ 99.0035117, 3.0027033 ] ] ] ] } },
{ "type": "Feature", "properties": { "id": "RT00024655-1", "HA": 0.047 }, "geometry": { "type": "MultiPolygon", "coordinates": [ [ [ [ 98.1823072, 3.4335379 ], [ 98.1818993, 3.4334352 ], [ 98.1820122, 3.4333247 ], [ 98.1823013, 3.4334667 ], [ 98.1823072, 3.4335379 ] ] ] ] } },
{ "type": "Feature", "properties": { "id": "RT00024804-1", "HA": 0.384 }, "geometry": { "type": "MultiPolygon", "coordinates": [ [ [ [ 99.4577933, 2.5980567 ], [ 99.4574533, 2.5984333 ], [ 99.4571167, 2.59813 ], [ 99.4571567, 2.5975417 ], [ 99.4577933, 2.5980567 ] ] ] ] } },
{ "type": "Feature", "properties": { "id": "RT00025495-2", "HA": 0.46 }, "geometry": { "type": "MultiPolygon", "coordinates": [ [ [ [ 99.0592533, 2.8164017 ], [ 99.05855, 2.8168983 ], [ 99.0586283, 2.8163833 ], [ 99.058625, 2.81599 ], [ 99.0588317, 2.81584 ], [ 99.0592533, 2.8164017 ] ] ] ] } },
{ "type": "Feature", "properties": { "id": "RU00022465-1", "HA": 0.158 }, "geometry": { "type": "MultiPolygon", "coordinates": [ [ [ [ 98.9899817, 2.998915 ], [ 98.9900717, 2.9992167 ], [ 98.98969, 2.999485 ], [ 98.9895967, 2.999265 ], [ 98.9899817, 2.998915 ] ] ] ] } },
{ "type": "Feature", "properties": { "id": "RU00023846-2", "HA": 0.051 }, "geometry": { "type": "MultiPolygon", "coordinates": [ [ [ [ 99.00745, 2.997435 ], [ 99.0070467, 2.9973867 ], [ 99.007205, 2.9973067 ], [ 99.00761, 2.99734 ], [ 99.00745, 2.997435 ] ] ] ] } },
{ "type": "Feature", "properties": { "id": "RV00023110-1", "HA": 0.293 }, "geometry": { "type": "MultiPolygon", "coordinates": [ [ [ [ 99.16611, 3.2764267 ], [ 99.1657117, 3.276595 ], [ 99.1654633, 3.2767067 ], [ 99.1650583, 3.2761417 ], [ 99.16611, 3.2764267 ] ] ] ] } },
{ "type": "Feature", "properties": { "id": "RV00023837-1", "HA": 0.315 }, "geometry": { "type": "MultiPolygon", "coordinates": [ [ [ [ 99.312945, 2.6968383 ], [ 99.3126217, 2.69775 ], [ 99.3125633, 2.6976683 ], [ 99.312335, 2.69703 ], [ 99.312945, 2.6968383 ] ] ] ] } },
{ "type": "Feature", "properties": { "id": "RW00021913-1", "HA": 0.101 }, "geometry": { "type": "MultiPolygon", "coordinates": [ [ [ [ 99.025785, 2.9913917 ], [ 99.0258883, 2.9919683 ], [ 99.0257217, 2.9920883 ], [ 99.02569, 2.9915517 ], [ 99.025785, 2.9913917 ] ] ] ] } },
{ "type": "Feature", "properties": { "id": "RX00021931-1", "HA": 0.173 }, "geometry": { "type": "MultiPolygon", "coordinates": [ [ [ [ 99.01538, 2.98362 ], [ 99.0154717, 2.9837567 ], [ 99.0129083, 2.9828 ], [ 99.0152167, 2.9835583 ], [ 99.01538, 2.98362 ] ] ] ] } },
{ "type": "Feature", "properties": { "id": "RX00024717-1", "HA": 0.212 }, "geometry": { "type": "MultiPolygon", "coordinates": [ [ [ [ 99.4697433, 2.6234317 ], [ 99.4699217, 2.6237717 ], [ 99.4694183, 2.6239783 ], [ 99.46931, 2.62372 ], [ 99.4696033, 2.623525 ], [ 99.469695, 2.6235133 ], [ 99.4697433, 2.6234317 ] ] ] ] } },
{ "type": "Feature", "properties": { "id": "RY00021425-2", "HA": 0.091 }, "geometry": { "type": "MultiPolygon", "coordinates": [ [ [ [ 99.2107533, 3.1720567 ], [ 99.210445, 3.1719183 ], [ 99.2105767, 3.17179 ], [ 99.2108433, 3.1717567 ], [ 99.21086, 3.1718467 ], [ 99.2107533, 3.1720567 ] ] ] ] } },
{ "type": "Feature", "properties": { "id": "RZ00021397-1", "HA": 0.05 }, "geometry": { "type": "MultiPolygon", "coordinates": [ [ [ [ 99.2208028, 3.1808927 ], [ 99.2207286, 3.1805774 ], [ 99.2208205, 3.1805792 ], [ 99.2209764, 3.1808298 ], [ 99.2208028, 3.1808927 ] ] ] ] } },
{ "type": "Feature", "properties": { "id": "RZ00022004-2", "HA": 0.062 }, "geometry": { "type": "MultiPolygon", "coordinates": [ [ [ [ 98.9869067, 2.987495 ], [ 98.9869417, 2.9874333 ], [ 98.986835, 2.9876817 ], [ 98.98672, 2.9879517 ], [ 98.98672, 2.9879517 ], [ 98.98676, 2.9874717 ], [ 98.9868717, 2.9873217 ], [ 98.9869067, 2.987495 ] ] ] ] } },
{ "type": "Feature", "properties": { "id": "RZ00022208-1", "HA": 0.212 }, "geometry": { "type": "MultiPolygon", "coordinates": [ [ [ [ 99.048955, 2.8255833 ], [ 99.04916, 2.8253533 ], [ 99.0495633, 2.8255133 ], [ 99.0493, 2.825905 ], [ 99.048955, 2.8255833 ] ] ] ] } },
{ "type": "Feature", "properties": { "id": "SA00021892-1", "HA": 0.246 }, "geometry": { "type": "MultiPolygon", "coordinates": [ [ [ [ 99.1611579, 2.8152528 ], [ 99.1610023, 2.8155741 ], [ 99.1604472, 2.8154482 ], [ 99.1606267, 2.8151146 ], [ 99.1611579, 2.8152528 ] ] ] ] } },
{ "type": "Feature", "properties": { "id": "SA00022466-1", "HA": 0.171 }, "geometry": { "type": "MultiPolygon", "coordinates": [ [ [ [ 98.9902233, 3.0024967 ], [ 98.98998, 3.0026683 ], [ 98.989695, 3.00217 ], [ 98.9897933, 3.0020267 ], [ 98.9902233, 3.0024967 ] ] ] ] } },
{ "type": "Feature", "properties": { "id": "SA00024186-2", "HA": 0.159 }, "geometry": { "type": "MultiPolygon", "coordinates": [ [ [ [ 98.9726764, 3.3799859 ], [ 98.9726367, 3.3802452 ], [ 98.9724965, 3.3804063 ], [ 98.9720601, 3.3801582 ], [ 98.9726764, 3.3799859 ] ] ] ] } },
{ "type": "Feature", "properties": { "id": "SA00025928-1", "HA": 0.003 }, "geometry": { "type": "MultiPolygon", "coordinates": [ [ [ [ 99.0599621, 3.0104581 ], [ 99.0598605, 3.010733 ], [ 99.0598935, 3.0106231 ], [ 99.0599098, 3.0105325 ], [ 99.0599621, 3.0104581 ] ] ] ] } },
{ "type": "Feature", "properties": { "id": "SB00020750-1", "HA": 0.208 }, "geometry": { "type": "MultiPolygon", "coordinates": [ [ [ [ 99.0286433, 3.4488533 ], [ 99.029, 3.448085 ], [ 99.029165, 3.4483267 ], [ 99.0288233, 3.4489133 ], [ 99.0286433, 3.4488533 ] ] ] ] } },
{ "type": "Feature", "properties": { "id": "SB00023215-1", "HA": 0.083 }, "geometry": { "type": "MultiPolygon", "coordinates": [ [ [ [ 99.1869083, 3.25451 ], [ 99.1867433, 3.2542067 ], [ 99.1869767, 3.25406 ], [ 99.1869983, 3.2544983 ], [ 99.1869083, 3.25451 ] ] ] ] } },
{ "type": "Feature", "properties": { "id": "SC00022710-2", "HA": 0.043 }, "geometry": { "type": "MultiPolygon", "coordinates": [ [ [ [ 99.72409, 2.8752583 ], [ 99.7239433, 2.8748133 ], [ 99.72402, 2.8747583 ], [ 99.7240917, 2.874865 ], [ 99.72409, 2.8752583 ] ] ] ] } },
{ "type": "Feature", "properties": { "id": "SC00023582-1", "HA": 0.025 }, "geometry": { "type": "MultiPolygon", "coordinates": [ [ [ [ 99.046589, 3.4185465 ], [ 99.0468827, 3.4186362 ], [ 99.0464908, 3.4186175 ], [ 99.0467404, 3.4183249 ], [ 99.046589, 3.4185465 ] ] ] ] } },
{ "type": "Feature", "properties": { "id": "SD00020995-1", "HA": 0.457 }, "geometry": { "type": "MultiPolygon", "coordinates": [ [ [ [ 99.0691833, 3.4809767 ], [ 99.06937, 3.48055 ], [ 99.0701333, 3.4809017 ], [ 99.0698867, 3.4812917 ], [ 99.0691833, 3.4809767 ] ] ] ] } },
{ "type": "Feature", "properties": { "id": "SD00021781-1", "HA": 0.221 }, "geometry": { "type": "MultiPolygon", "coordinates": [ [ [ [ 99.0733787, 2.7761501 ], [ 99.072817, 2.7768549 ], [ 99.0725619, 2.7768971 ], [ 99.07278, 2.7764478 ], [ 99.0733787, 2.7761501 ] ] ] ] } },
{ "type": "Feature", "properties": { "id": "SD00026330-1", "HA": 0.168 }, "geometry": { "type": "MultiPolygon", "coordinates": [ [ [ [ 99.0063911, 2.9995339 ], [ 99.0067058, 2.9989885 ], [ 99.0068663, 2.9992842 ], [ 99.006714, 2.9995577 ], [ 99.0063911, 2.9995339 ] ] ] ] } },
{ "type": "Feature", "properties": { "id": "SE00020751-1", "HA": 0.092 }, "geometry": { "type": "MultiPolygon", "coordinates": [ [ [ [ 99.0284717, 3.4487633 ], [ 99.0287617, 3.448175 ], [ 99.02888, 3.4481967 ], [ 99.02859, 3.4487817 ], [ 99.0284717, 3.4487633 ] ] ] ] } },
{ "type": "Feature", "properties": { "id": "SE00021576-1", "HA": 0.56 }, "geometry": { "type": "MultiPolygon", "coordinates": [ [ [ [ 99.12255, 2.8094783 ], [ 99.1227, 2.8089183 ], [ 99.123765, 2.8092133 ], [ 99.1235933, 2.809175 ], [ 99.1230117, 2.809415 ], [ 99.1224833, 2.8101117 ], [ 99.12255, 2.8094783 ] ] ] ] } },
{ "type": "Feature", "properties": { "id": "SG00024968-1", "HA": 0.197 }, "geometry": { "type": "MultiPolygon", "coordinates": [ [ [ [ 98.9859011, 3.3864613 ], [ 98.9865052, 3.3863732 ], [ 98.9865445, 3.3868631 ], [ 98.9860941, 3.3866141 ], [ 98.9859011, 3.3864613 ] ] ] ] } },
{ "type": "Feature", "properties": { "id": "SH00023341-3", "HA": 0.163 }, "geometry": { "type": "MultiPolygon", "coordinates": [ [ [ [ 99.10364, 3.2967667 ], [ 99.1034067, 3.2969167 ], [ 99.10324, 3.2967133 ], [ 99.103285, 3.2964667 ], [ 99.1037267, 3.2965817 ], [ 99.10364, 3.2967667 ] ] ] ] } },
{ "type": "Feature", "properties": { "id": "SI00021617-1", "HA": 0.051 }, "geometry": { "type": "MultiPolygon", "coordinates": [ [ [ [ 99.1184249, 2.8098227 ], [ 99.1182427, 2.809593 ], [ 99.1185141, 2.8095181 ], [ 99.1185788, 2.8093675 ], [ 99.1184249, 2.8098227 ] ] ] ] } },
{ "type": "Feature", "properties": { "id": "SJ00018132-2", "HA": 0.135 }, "geometry": { "type": "MultiPolygon", "coordinates": [ [ [ [ 99.0741183, 3.4786233 ], [ 99.074355, 3.478445 ], [ 99.07456, 3.478645 ], [ 99.0745983, 3.4789533 ], [ 99.0741183, 3.4786233 ] ] ] ] } },
{ "type": "Feature", "properties": { "id": "SJ00021752-1", "HA": 0.414 }, "geometry": { "type": "MultiPolygon", "coordinates": [ [ [ [ 99.0808133, 2.779355 ], [ 99.0812867, 2.7788767 ], [ 99.0815, 2.7790583 ], [ 99.081345, 2.7798333 ], [ 99.0808133, 2.779355 ] ] ] ] } },
{ "type": "Feature", "properties": { "id": "SL00022486-2", "HA": 0.042 }, "geometry": { "type": "MultiPolygon", "coordinates": [ [ [ [ 99.1644717, 3.209225 ], [ 99.1643633, 3.20938 ], [ 99.1641983, 3.209295 ], [ 99.16431, 3.209145 ], [ 99.1644717, 3.209225 ] ] ] ] } },
{ "type": "Feature", "properties": { "id": "SM00022618-1", "HA": 0.253 }, "geometry": { "type": "MultiPolygon", "coordinates": [ [ [ [ 99.0557733, 2.800205 ], [ 99.0559033, 2.799865 ], [ 99.0563583, 2.8001717 ], [ 99.0562233, 2.8005517 ], [ 99.0557733, 2.800205 ] ] ] ] } },
{ "type": "Feature", "properties": { "id": "SM00022827-2", "HA": 0.305 }, "geometry": { "type": "MultiPolygon", "coordinates": [ [ [ [ 99.0070117, 2.9805783 ], [ 99.0070767, 2.9797633 ], [ 99.00738, 2.9797483 ], [ 99.0072633, 2.98069 ], [ 99.0070117, 2.9805783 ] ] ] ] } },
{ "type": "Feature", "properties": { "id": "SM00023701-2", "HA": 0.094 }, "geometry": { "type": "MultiPolygon", "coordinates": [ [ [ [ 99.3467367, 2.65886 ], [ 99.346785, 2.6594317 ], [ 99.3466117, 2.6594433 ], [ 99.3465933, 2.6590983 ], [ 99.3467367, 2.65886 ] ] ] ] } },
{ "type": "Feature", "properties": { "id": "SO00021758-2", "HA": 0.284 }, "geometry": { "type": "MultiPolygon", "coordinates": [ [ [ [ 99.1360233, 2.8129133 ], [ 99.1357333, 2.8132817 ], [ 99.1354467, 2.8134867 ], [ 99.135265, 2.8132967 ], [ 99.1355033, 2.8130483 ], [ 99.1358667, 2.8127517 ], [ 99.1360233, 2.8129133 ] ] ] ] } },
{ "type": "Feature", "properties": { "id": "SO00021953-3", "HA": 0.165 }, "geometry": { "type": "MultiPolygon", "coordinates": [ [ [ [ 99.0126994, 2.9793562 ], [ 99.013013, 2.9796938 ], [ 99.0130315, 2.9797846 ], [ 99.0129806, 2.9798671 ], [ 99.0124833, 2.9796621 ], [ 99.0126994, 2.9793562 ] ] ] ] } },
{ "type": "Feature", "properties": { "id": "SO00022608-1", "HA": 0.013 }, "geometry": { "type": "MultiPolygon", "coordinates": [ [ [ [ 99.0487767, 2.8196183 ], [ 99.0488117, 2.819755 ], [ 99.0487083, 2.8196633 ], [ 99.0486, 2.819595 ], [ 99.0487767, 2.8196183 ] ] ] ] } },
{ "type": "Feature", "properties": { "id": "SP00020955-1", "HA": 0.044 }, "geometry": { "type": "MultiPolygon", "coordinates": [ [ [ [ 99.0727283, 3.4881683 ], [ 99.0723017, 3.4889483 ], [ 99.072345, 3.4887917 ], [ 99.0727233, 3.4880767 ], [ 99.0727283, 3.4881683 ] ] ] ] } },
{ "type": "Feature", "properties": { "id": "SP00020955-2", "HA": 0.009 }, "geometry": { "type": "MultiPolygon", "coordinates": [ [ [ [ 99.0718617, 3.4889717 ], [ 99.0716167, 3.489265 ], [ 99.0715667, 3.4893733 ], [ 99.0716267, 3.4892 ], [ 99.0718617, 3.4889717 ] ] ] ] } },
{ "type": "Feature", "properties": { "id": "SP00020955-3", "HA": 0.047 }, "geometry": { "type": "MultiPolygon", "coordinates": [ [ [ [ 99.0835217, 3.4872967 ], [ 99.0836233, 3.4873417 ], [ 99.0834917, 3.4877217 ], [ 99.0834, 3.487945 ], [ 99.0835217, 3.4872967 ] ] ] ] } },
{ "type": "Feature", "properties": { "id": "SP00020955-4", "HA": 0.345 }, "geometry": { "type": "MultiPolygon", "coordinates": [ [ [ [ 99.0856383, 3.4882567 ], [ 99.0841233, 3.4868133 ], [ 99.084215, 3.486715 ], [ 99.0842983, 3.4866083 ], [ 99.0856383, 3.4882567 ] ] ] ] } },
{ "type": "Feature", "properties": { "id": "SP00021616-2", "HA": 0.174 }, "geometry": { "type": "MultiPolygon", "coordinates": [ [ [ [ 98.9889333, 2.9984067 ], [ 98.9886917, 2.9987233 ], [ 98.98831, 2.9985417 ], [ 98.9887067, 2.9982667 ], [ 98.9889333, 2.9984067 ] ] ] ] } },
{ "type": "Feature", "properties": { "id": "SQ00024354-2", "HA": 0.112 }, "geometry": { "type": "MultiPolygon", "coordinates": [ [ [ [ 98.965485, 3.3848017 ], [ 98.965465, 3.3850983 ], [ 98.9651117, 3.3851417 ], [ 98.9651167, 3.3849267 ], [ 98.965485, 3.3848017 ] ] ] ] } },
{ "type": "Feature", "properties": { "id": "SR00019755-1", "HA": 910.223 }, "geometry": { "type": "MultiPolygon", "coordinates": [ [ [ [ 99.0554456, 3.0673232 ], [ 99.0492787, 3.0709457 ], [ 99.0197972, 3.0394362 ], [ 99.0377262, 3.0347941 ], [ 99.0448582, 3.0348689 ], [ 99.0513176, 3.0374409 ], [ 99.0556485, 3.0442487 ], [ 99.0554456, 3.0673232 ] ] ] ] } },
{ "type": "Feature", "properties": { "id": "SR00021951-1", "HA": 0.187 }, "geometry": { "type": "MultiPolygon", "coordinates": [ [ [ [ 99.0065117, 2.987135 ], [ 99.0056933, 2.9875233 ], [ 99.0055167, 2.9873167 ], [ 99.0060417, 2.9871533 ], [ 99.0065117, 2.987135 ] ] ] ] } },
{ "type": "Feature", "properties": { "id": "SS00023486-3", "HA": 0.102 }, "geometry": { "type": "MultiPolygon", "coordinates": [ [ [ [ 99.05631, 3.44136 ], [ 99.056185, 3.4410183 ], [ 99.056325, 3.44091 ], [ 99.0565483, 3.4412217 ], [ 99.05631, 3.44136 ] ] ] ] } },
{ "type": "Feature", "properties": { "id": "ST00021492-1", "HA": 0.287 }, "geometry": { "type": "MultiPolygon", "coordinates": [ [ [ [ 99.1970589, 3.138501 ], [ 99.1965659, 3.1384484 ], [ 99.1965568, 3.1385455 ], [ 99.1963162, 3.1384699 ], [ 99.1965758, 3.1380557 ], [ 99.1971388, 3.138262 ], [ 99.1970589, 3.138501 ] ] ] ] } },
{ "type": "Feature", "properties": { "id": "ST00021930-1", "HA": 0.194 }, "geometry": { "type": "MultiPolygon", "coordinates": [ [ [ [ 99.0148884, 2.9754925 ], [ 99.0151781, 2.9755139 ], [ 99.0152156, 2.9760235 ], [ 99.0147918, 2.9758519 ], [ 99.0148884, 2.9754925 ] ] ] ] } },
{ "type": "Feature", "properties": { "id": "ST00023678-1", "HA": 0.036 }, "geometry": { "type": "MultiPolygon", "coordinates": [ [ [ [ 99.3535433, 2.6618967 ], [ 99.3538, 2.6620767 ], [ 99.3537117, 2.6621017 ], [ 99.35352, 2.662085 ], [ 99.3535433, 2.6618967 ] ] ] ] } },
{ "type": "Feature", "properties": { "id": "SU00022841-1", "HA": 0.029 }, "geometry": { "type": "MultiPolygon", "coordinates": [ [ [ [ 99.0415025, 2.8235927 ], [ 99.0416612, 2.8236521 ], [ 99.0415414, 2.823789 ], [ 99.0414189, 2.8236325 ], [ 99.0415025, 2.8235927 ] ] ] ] } },
{ "type": "Feature", "properties": { "id": "SV00019756-1", "HA": 955.763 }, "geometry": { "type": "MultiPolygon", "coordinates": [ [ [ [ 99.0422854, 3.0346938 ], [ 99.0333121, 3.0340887 ], [ 99.0194034, 3.0391278 ], [ 99.0099051, 2.9931843 ], [ 99.0242836, 3.0087521 ], [ 99.0303514, 3.0087888 ], [ 99.0401854, 3.0078653 ], [ 99.0422854, 3.0346938 ] ] ] ] } },
{ "type": "Feature", "properties": { "id": "SV00020969-1", "HA": 0.216 }, "geometry": { "type": "MultiPolygon", "coordinates": [ [ [ [ 99.0798583, 3.494575 ], [ 99.07959, 3.494425 ], [ 99.0799517, 3.49381 ], [ 99.0801183, 3.49387 ], [ 99.0798583, 3.494575 ] ] ] ] } },
{ "type": "Feature", "properties": { "id": "SV00021955-1", "HA": 0.029 }, "geometry": { "type": "MultiPolygon", "coordinates": [ [ [ [ 99.1874433, 2.8110733 ], [ 99.1872, 2.8109567 ], [ 99.1872233, 2.8108683 ], [ 99.1873817, 2.81091 ], [ 99.1874433, 2.8110733 ] ] ] ] } },
{ "type": "Feature", "properties": { "id": "SV00022605-1", "HA": 0.219 }, "geometry": { "type": "MultiPolygon", "coordinates": [ [ [ [ 99.0639336, 3.1179095 ], [ 99.0639273, 3.1182561 ], [ 99.0638162, 3.1184072 ], [ 99.0637741, 3.1184874 ], [ 99.0634481, 3.1181082 ], [ 99.0634235, 3.1179974 ], [ 99.0639336, 3.1179095 ] ] ] ] } },
{ "type": "Feature", "properties": { "id": "SV00025800-2", "HA": 0.085 }, "geometry": { "type": "MultiPolygon", "coordinates": [ [ [ [ 99.0752517, 2.80837 ], [ 99.0754367, 2.80827 ], [ 99.075655, 2.8082467 ], [ 99.0758033, 2.8085 ], [ 99.0752517, 2.80837 ] ] ] ] } },
{ "type": "Feature", "properties": { "id": "SV00026219-1", "HA": 0.036 }, "geometry": { "type": "MultiPolygon", "coordinates": [ [ [ [ 99.0350817, 2.997584 ], [ 99.0352614, 2.9977343 ], [ 99.0352665, 2.9977611 ], [ 99.0350846, 2.997883 ], [ 99.0350817, 2.997584 ] ] ] ] } },
{ "type": "Feature", "properties": { "id": "SW00021327-1", "HA": 0.012 }, "geometry": { "type": "MultiPolygon", "coordinates": [ [ [ [ 99.207735, 3.174495 ], [ 99.20756, 3.1746183 ], [ 99.207465, 3.1748117 ], [ 99.2075117, 3.1746033 ], [ 99.207735, 3.174495 ] ] ] ] } },
{ "type": "Feature", "properties": { "id": "SW00022175-2", "HA": 0.051 }, "geometry": { "type": "MultiPolygon", "coordinates": [ [ [ [ 98.9978217, 2.9913717 ], [ 98.9980183, 2.9915567 ], [ 98.99781, 2.99171 ], [ 98.9977767, 2.9914783 ], [ 98.9978217, 2.9913717 ] ] ] ] } },
{ "type": "Feature", "properties": { "id": "SX00021240-1", "HA": 0.313 }, "geometry": { "type": "MultiPolygon", "coordinates": [ [ [ [ 99.20145, 3.1650517 ], [ 99.2019683, 3.1647917 ], [ 99.202145, 3.164915 ], [ 99.2016967, 3.1655783 ], [ 99.20145, 3.1650517 ] ] ] ] } },
{ "type": "Feature", "properties": { "id": "SY00021333-1", "HA": 0.037 }, "geometry": { "type": "MultiPolygon", "coordinates": [ [ [ [ 99.2067083, 3.1751533 ], [ 99.2063883, 3.1757283 ], [ 99.2063483, 3.1756417 ], [ 99.2067033, 3.1751317 ], [ 99.2067083, 3.1751533 ] ] ] ] } },
{ "type": "Feature", "properties": { "id": "SY00021427-1", "HA": 0.215 }, "geometry": { "type": "MultiPolygon", "coordinates": [ [ [ [ 99.0148517, 2.95556 ], [ 99.0138717, 2.95547 ], [ 99.013835, 2.9552867 ], [ 99.0148183, 2.95538 ], [ 99.0148517, 2.95556 ] ] ] ] } },
{ "type": "Feature", "properties": { "id": "SY00021790-1", "HA": 0.295 }, "geometry": { "type": "MultiPolygon", "coordinates": [ [ [ [ 99.1832312, 2.8188526 ], [ 99.1833396, 2.8188244 ], [ 99.1838279, 2.8187515 ], [ 99.1839191, 2.8195313 ], [ 99.1832312, 2.8188526 ] ] ] ] } },
{ "type": "Feature", "properties": { "id": "SY00021794-2", "HA": 0.134 }, "geometry": { "type": "MultiPolygon", "coordinates": [ [ [ [ 99.1812983, 2.810175 ], [ 99.1814483, 2.80955 ], [ 99.1814917, 2.80966 ], [ 99.1815633, 2.8099083 ], [ 99.181615, 2.8101967 ], [ 99.1812983, 2.810175 ] ] ] ] } },
{ "type": "Feature", "properties": { "id": "SY00023359-1", "HA": 0.073 }, "geometry": { "type": "MultiPolygon", "coordinates": [ [ [ [ 99.1176283, 3.304335 ], [ 99.1180083, 3.30429 ], [ 99.1180033, 3.3044883 ], [ 99.117935, 3.3045767 ], [ 99.1176283, 3.304335 ] ] ] ] } },
{ "type": "Feature", "properties": { "id": "SZ00020754-2", "HA": 0.113 }, "geometry": { "type": "MultiPolygon", "coordinates": [ [ [ [ 99.0497145, 3.4808987 ], [ 99.049595, 3.4805153 ], [ 99.0498989, 3.4805497 ], [ 99.0500782, 3.4805976 ], [ 99.0497145, 3.4808987 ] ] ] ] } },
{ "type": "Feature", "properties": { "id": "SZ00026181-2", "HA": 0.088 }, "geometry": { "type": "MultiPolygon", "coordinates": [ [ [ [ 99.005915, 2.9994683 ], [ 99.0056967, 2.9996367 ], [ 99.0056833, 2.9992633 ], [ 99.005815, 2.9991233 ], [ 99.005915, 2.9994683 ] ] ] ] } },
{ "type": "Feature", "properties": { "id": "TA00024941-1", "HA": 0.239 }, "geometry": { "type": "MultiPolygon", "coordinates": [ [ [ [ 98.9812137, 3.3763593 ], [ 98.9805761, 3.376331 ], [ 98.9805113, 3.3759546 ], [ 98.9810074, 3.3760256 ], [ 98.9812137, 3.3763593 ] ] ] ] } },
{ "type": "Feature", "properties": { "id": "TB00022623-1", "HA": 0.056 }, "geometry": { "type": "MultiPolygon", "coordinates": [ [ [ [ 98.9907117, 2.800235 ], [ 98.99111, 2.8002917 ], [ 98.9911683, 2.80048 ], [ 98.9906483, 2.800245 ], [ 98.9907117, 2.800235 ] ] ] ] } },
{ "type": "Feature", "properties": { "id": "TC00021500-1", "HA": 0.29 }, "geometry": { "type": "MultiPolygon", "coordinates": [ [ [ [ 99.2013718, 3.1373814 ], [ 99.201508, 3.1369132 ], [ 99.2021035, 3.1371916 ], [ 99.2019675, 3.1374394 ], [ 99.2013718, 3.1373814 ], [ 99.2013718, 3.1373814 ] ] ] ] } },
{ "type": "Feature", "properties": { "id": "TC00024711-3", "HA": 0.112 }, "geometry": { "type": "MultiPolygon", "coordinates": [ [ [ [ 98.1809467, 3.4286317 ], [ 98.18104, 3.4289767 ], [ 98.180845, 3.429185 ], [ 98.1807483, 3.42877 ], [ 98.1809467, 3.4286317 ] ] ] ] } },
{ "type": "Feature", "properties": { "id": "TE00023222-1", "HA": 0.097 }, "geometry": { "type": "MultiPolygon", "coordinates": [ [ [ [ 99.16389, 3.262935 ], [ 99.1635483, 3.2629617 ], [ 99.1633667, 3.2627317 ], [ 99.1634783, 3.2626317 ], [ 99.16389, 3.262935 ] ] ] ] } },
{ "type": "Feature", "properties": { "id": "TE00025040-1", "HA": 0.087 }, "geometry": { "type": "MultiPolygon", "coordinates": [ [ [ [ 99.0005187, 3.0133195 ], [ 99.0004036, 3.0131047 ], [ 99.0008577, 3.0131431 ], [ 99.0009482, 3.0132392 ], [ 99.0005187, 3.0133195 ] ] ] ] } },
{ "type": "Feature", "properties": { "id": "TF00021126-1", "HA": 0.143 }, "geometry": { "type": "MultiPolygon", "coordinates": [ [ [ [ 99.0527881, 3.4438185 ], [ 99.0521166, 3.4445199 ], [ 99.0519093, 3.4445203 ], [ 99.0526247, 3.4438498 ], [ 99.0527881, 3.4438185 ] ] ] ] } },
{ "type": "Feature", "properties": { "id": "TF00021613-1", "HA": 0.149 }, "geometry": { "type": "MultiPolygon", "coordinates": [ [ [ [ 99.1236555, 3.0369986 ], [ 99.1237855, 3.0368071 ], [ 99.1241275, 3.0364895 ], [ 99.1243405, 3.0366782 ], [ 99.1237594, 3.0369797 ], [ 99.1236555, 3.0369986 ] ] ] ] } },
{ "type": "Feature", "properties": { "id": "TF00022209-1", "HA": 0.248 }, "geometry": { "type": "MultiPolygon", "coordinates": [ [ [ [ 99.0446733, 2.8196383 ], [ 99.0450333, 2.819215 ], [ 99.0452717, 2.8194017 ], [ 99.0449667, 2.8199167 ], [ 99.0446733, 2.8196383 ] ] ] ] } },
{ "type": "Feature", "properties": { "id": "TF00022496-1", "HA": 0.049 }, "geometry": { "type": "MultiPolygon", "coordinates": [ [ [ [ 99.07556, 3.1230733 ], [ 99.0753967, 3.1230517 ], [ 99.07516, 3.12265 ], [ 99.075245, 3.1226917 ], [ 99.07556, 3.1230733 ] ] ] ] } },
{ "type": "Feature", "properties": { "id": "TF00023107-1", "HA": 0.07 }, "geometry": { "type": "MultiPolygon", "coordinates": [ [ [ [ 99.1635531, 3.275733 ], [ 99.163544, 3.2756424 ], [ 99.1638351, 3.2755602 ], [ 99.1639201, 3.2755302 ], [ 99.164144, 3.2754505 ], [ 99.1641805, 3.2755419 ], [ 99.1635531, 3.275733 ] ] ] ] } },
{ "type": "Feature", "properties": { "id": "TG00021478-1", "HA": 0.086 }, "geometry": { "type": "MultiPolygon", "coordinates": [ [ [ [ 99.0131767, 2.959915 ], [ 99.0133383, 2.9603817 ], [ 99.01318, 2.9602667 ], [ 99.0130383, 2.9601317 ], [ 99.013, 2.95994 ], [ 99.0131767, 2.959915 ] ] ] ] } },
{ "type": "Feature", "properties": { "id": "TH00023797-2", "HA": 0.229 }, "geometry": { "type": "MultiPolygon", "coordinates": [ [ [ [ 99.3768383, 2.7261083 ], [ 99.377395, 2.7260367 ], [ 99.37736, 2.726405 ], [ 99.3768083, 2.7264167 ], [ 99.3768383, 2.7261083 ] ] ] ] } },
{ "type": "Feature", "properties": { "id": "TI00021376-1", "HA": 0.093 }, "geometry": { "type": "MultiPolygon", "coordinates": [ [ [ [ 99.0107983, 2.9790883 ], [ 99.01084, 2.9794233 ], [ 99.0104983, 2.979245 ], [ 99.010515, 2.97909 ], [ 99.0107983, 2.9790883 ] ] ] ] } },
{ "type": "Feature", "properties": { "id": "TI00021884-1", "HA": 0.004 }, "geometry": { "type": "MultiPolygon", "coordinates": [ [ [ [ 99.1778683, 2.8135117 ], [ 99.1778533, 2.81348 ], [ 99.1779433, 2.8133833 ], [ 99.178085, 2.813175 ], [ 99.1778683, 2.8135117 ] ] ] ] } },
{ "type": "Feature", "properties": { "id": "TI00024762-1", "HA": 0.107 }, "geometry": { "type": "MultiPolygon", "coordinates": [ [ [ [ 99.4575018, 2.5985335 ], [ 99.4574922, 2.5987275 ], [ 99.456911, 2.5986696 ], [ 99.4569569, 2.5985558 ], [ 99.4575018, 2.5985335 ] ] ] ] } },
{ "type": "Feature", "properties": { "id": "TK00022319-1", "HA": 0.181 }, "geometry": { "type": "MultiPolygon", "coordinates": [ [ [ [ 99.1545931, 3.2058771 ], [ 99.1546622, 3.2056576 ], [ 99.1556396, 3.2057299 ], [ 99.1557957, 3.205779 ], [ 99.1545931, 3.2058771 ] ] ] ] } },
{ "type": "Feature", "properties": { "id": "TK00023493-2", "HA": 0.108 }, "geometry": { "type": "MultiPolygon", "coordinates": [ [ [ [ 99.039165, 3.4356533 ], [ 99.0388067, 3.4361117 ], [ 99.03877, 3.4359333 ], [ 99.03889, 3.4356067 ], [ 99.039165, 3.4356533 ] ] ] ] } },
{ "type": "Feature", "properties": { "id": "TL00021940-2", "HA": 0.07 }, "geometry": { "type": "MultiPolygon", "coordinates": [ [ [ [ 99.00653, 2.9857267 ], [ 99.00636, 2.98609 ], [ 99.0062117, 2.9858833 ], [ 99.0063, 2.9857633 ], [ 99.00653, 2.9857267 ] ] ] ] } },
{ "type": "Feature", "properties": { "id": "TL00022184-1", "HA": 0.179 }, "geometry": { "type": "MultiPolygon", "coordinates": [ [ [ [ 99.0170597, 3.0258367 ], [ 99.0166712, 3.0253907 ], [ 99.0167878, 3.0251993 ], [ 99.0171973, 3.0255537 ], [ 99.0170597, 3.0258367 ] ] ] ] } },
{ "type": "Feature", "properties": { "id": "TL00022641-1", "HA": 0.119 }, "geometry": { "type": "MultiPolygon", "coordinates": [ [ [ [ 98.992655, 2.8008167 ], [ 98.9927117, 2.80062 ], [ 98.9931967, 2.8004867 ], [ 98.99319, 2.800685 ], [ 98.992655, 2.8008167 ] ] ] ] } },
{ "type": "Feature", "properties": { "id": "TL00023821-1", "HA": 0.089 }, "geometry": { "type": "MultiPolygon", "coordinates": [ [ [ [ 99.318215, 2.6921783 ], [ 99.3184283, 2.6921867 ], [ 99.3186117, 2.69248 ], [ 99.3185533, 2.692645 ], [ 99.318215, 2.6921783 ] ] ] ] } },
{ "type": "Feature", "properties": { "id": "TM00021755-1", "HA": 0.366 }, "geometry": { "type": "MultiPolygon", "coordinates": [ [ [ [ 99.0749417, 2.77528 ], [ 99.0749567, 2.774785 ], [ 99.075205, 2.7745217 ], [ 99.07508, 2.77523 ], [ 99.0754783, 2.7754117 ], [ 99.0751383, 2.7759617 ], [ 99.0749417, 2.77528 ] ] ] ] } },
{ "type": "Feature", "properties": { "id": "TM00021802-1", "HA": 0.23 }, "geometry": { "type": "MultiPolygon", "coordinates": [ [ [ [ 99.094615, 2.8026133 ], [ 99.0941017, 2.8024433 ], [ 99.0940567, 2.8021217 ], [ 99.0948317, 2.802415 ], [ 99.094615, 2.8026133 ] ] ] ] } },
{ "type": "Feature", "properties": { "id": "TM00022317-1", "HA": 0.16 }, "geometry": { "type": "MultiPolygon", "coordinates": [ [ [ [ 99.1745367, 3.22003 ], [ 99.1746083, 3.2196517 ], [ 99.1749283, 3.21959 ], [ 99.175015, 3.21986 ], [ 99.1745367, 3.22003 ] ] ] ] } },
{ "type": "Feature", "properties": { "id": "TM00022814-1", "HA": 0.143 }, "geometry": { "type": "MultiPolygon", "coordinates": [ [ [ [ 99.0439177, 2.8177745 ], [ 99.0442245, 2.8180335 ], [ 99.0441112, 2.8182758 ], [ 99.0437895, 2.8181123 ], [ 99.0439177, 2.8177745 ] ] ] ] } },
{ "type": "Feature", "properties": { "id": "TM00023477-1", "HA": 0.039 }, "geometry": { "type": "MultiPolygon", "coordinates": [ [ [ [ 99.0504054, 3.4398967 ], [ 99.0503411, 3.4400949 ], [ 99.050284, 3.4400143 ], [ 99.0502342, 3.4398993 ], [ 99.0503248, 3.4397418 ], [ 99.0504054, 3.4398967 ] ] ] ] } },
{ "type": "Feature", "properties": { "id": "TN00022320-1", "HA": 0.181 }, "geometry": { "type": "MultiPolygon", "coordinates": [ [ [ [ 99.1638253, 3.2285596 ], [ 99.1638857, 3.2287174 ], [ 99.1632713, 3.2287307 ], [ 99.1632825, 3.2283715 ], [ 99.1638253, 3.2285596 ], [ 99.1638253, 3.2285596 ] ] ] ] } },
{ "type": "Feature", "properties": { "id": "TN00025292-1", "HA": 0.072 }, "geometry": { "type": "MultiPolygon", "coordinates": [ [ [ [ 98.9545833, 3.1250517 ], [ 98.9544233, 3.1251433 ], [ 98.9542717, 3.12508 ], [ 98.9542117, 3.1247883 ], [ 98.9545833, 3.1250517 ] ] ] ] } },
{ "type": "Feature", "properties": { "id": "TP00021267-1", "HA": 0.02 }, "geometry": { "type": "MultiPolygon", "coordinates": [ [ [ [ 99.2104083, 3.1652467 ], [ 99.21058, 3.16503 ], [ 99.2105133, 3.1652767 ], [ 99.2104383, 3.165305 ], [ 99.2104083, 3.1652467 ] ] ] ] } },
{ "type": "Feature", "properties": { "id": "TP00024368-3", "HA": 0.136 }, "geometry": { "type": "MultiPolygon", "coordinates": [ [ [ [ 99.00571, 2.9984967 ], [ 99.005885, 2.9985533 ], [ 99.0061183, 2.9989467 ], [ 99.005795, 2.998995 ], [ 99.00571, 2.9984967 ] ] ] ] } },
{ "type": "Feature", "properties": { "id": "TQ00021810-1", "HA": 0.127 }, "geometry": { "type": "MultiPolygon", "coordinates": [ [ [ [ 99.1417705, 2.8087413 ], [ 99.1416231, 2.8090378 ], [ 99.1412716, 2.808867 ], [ 99.1414329, 2.8086725 ], [ 99.1414329, 2.8086725 ], [ 99.1417705, 2.8087413 ] ] ] ] } },
{ "type": "Feature", "properties": { "id": "TQ00022003-1", "HA": 0.025 }, "geometry": { "type": "MultiPolygon", "coordinates": [ [ [ [ 99.7129733, 2.8687017 ], [ 99.7130817, 2.8688767 ], [ 99.71299, 2.8689467 ], [ 99.7129233, 2.86895 ], [ 99.7129733, 2.8687017 ] ] ] ] } },
{ "type": "Feature", "properties": { "id": "TQ00022003-3", "HA": 1.452 }, "geometry": { "type": "MultiPolygon", "coordinates": [ [ [ [ 99.7091867, 2.8706633 ], [ 99.7095017, 2.8723483 ], [ 99.7092883, 2.8727733 ], [ 99.7083683, 2.8720583 ], [ 99.7091867, 2.8706633 ] ] ] ] } },
{ "type": "Feature", "properties": { "id": "TR00018305-3", "HA": 124.473 }, "geometry": { "type": "MultiPolygon", "coordinates": [ [ [ [ 98.9097633, 3.4370683 ], [ 98.8969317, 3.4398817 ], [ 98.8978017, 3.43703 ], [ 98.89843, 3.437085 ], [ 98.8986633, 3.4360867 ], [ 98.9054867, 3.424915 ], [ 98.909735, 3.4306567 ], [ 98.9097633, 3.4370683 ] ] ] ] } },
{ "type": "Feature", "properties": { "id": "TR00018305-6", "HA": 216.363 }, "geometry": { "type": "MultiPolygon", "coordinates": [ [ [ [ 98.9124167, 3.4614017 ], [ 98.911995, 3.4621483 ], [ 98.9115617, 3.46256 ], [ 98.9125033, 3.46874 ], [ 98.9006217, 3.46876 ], [ 98.897425, 3.4565267 ], [ 98.909895, 3.453685 ], [ 98.9124167, 3.4614017 ] ] ] ] } },
{ "type": "Feature", "properties": { "id": "TR00018305-7", "HA": 263.261 }, "geometry": { "type": "MultiPolygon", "coordinates": [ [ [ [ 98.90046, 3.45335 ], [ 98.8971083, 3.4398783 ], [ 98.9146383, 3.4372383 ], [ 98.911695, 3.450565 ], [ 98.913955, 3.4538717 ], [ 98.9095383, 3.4535917 ], [ 98.90046, 3.45335 ] ] ] ] } },
{ "type": "Feature", "properties": { "id": "TR00022296-2", "HA": 0.086 }, "geometry": { "type": "MultiPolygon", "coordinates": [ [ [ [ 99.0164236, 3.0293022 ], [ 99.0165184, 3.029303 ], [ 99.0167495, 3.0296094 ], [ 99.0165076, 3.0297235 ], [ 99.0164236, 3.0293022 ] ] ] ] } },
{ "type": "Feature", "properties": { "id": "TS00021882-1", "HA": 0.136 }, "geometry": { "type": "MultiPolygon", "coordinates": [ [ [ [ 99.0109333, 2.978445 ], [ 99.0112633, 2.9782633 ], [ 99.01148, 2.97834 ], [ 99.0114867, 2.9786267 ], [ 99.0109333, 2.978445 ] ] ] ] } },
{ "type": "Feature", "properties": { "id": "TS00021927-1", "HA": 0.123 }, "geometry": { "type": "MultiPolygon", "coordinates": [ [ [ [ 99.0079269, 2.9873261 ], [ 99.0081512, 2.9875113 ], [ 99.007726, 2.9878053 ], [ 99.0076185, 2.9877876 ], [ 99.0079269, 2.9873261 ] ] ] ] } },
{ "type": "Feature", "properties": { "id": "TT00021978-1", "HA": 0.208 }, "geometry": { "type": "MultiPolygon", "coordinates": [ [ [ [ 99.1991433, 2.83041 ], [ 99.1992283, 2.830815 ], [ 99.1989467, 2.8311033 ], [ 99.198755, 2.83076 ], [ 99.1991433, 2.83041 ] ] ] ] } },
{ "type": "Feature", "properties": { "id": "TT00026308-1", "HA": 0.782 }, "geometry": { "type": "MultiPolygon", "coordinates": [ [ [ [ 99.17832, 3.208015 ], [ 99.177665, 3.20747 ], [ 99.17766, 3.2070517 ], [ 99.17781, 3.20671 ], [ 99.1781333, 3.20654 ], [ 99.1782983, 3.206625 ], [ 99.17823, 3.207095 ], [ 99.17832, 3.208015 ] ] ] ] } },
{ "type": "Feature", "properties": { "id": "TV00020797-1", "HA": 0.08 }, "geometry": { "type": "MultiPolygon", "coordinates": [ [ [ [ 99.0461067, 3.4740783 ], [ 99.0465967, 3.4736667 ], [ 99.046795, 3.4736317 ], [ 99.04628, 3.4740617 ], [ 99.0461067, 3.4740783 ] ] ] ] } },
{ "type": "Feature", "properties": { "id": "TV00020991-1", "HA": 0.399 }, "geometry": { "type": "MultiPolygon", "coordinates": [ [ [ [ 99.060005, 3.46425 ], [ 99.0601383, 3.4640233 ], [ 99.0613183, 3.4643133 ], [ 99.0611467, 3.4645667 ], [ 99.060005, 3.46425 ] ] ] ] } },
{ "type": "Feature", "properties": { "id": "TV00021132-2", "HA": 0.075 }, "geometry": { "type": "MultiPolygon", "coordinates": [ [ [ [ 99.0738317, 3.5196683 ], [ 99.0732933, 3.5196483 ], [ 99.073255, 3.5194617 ], [ 99.0735417, 3.519525 ], [ 99.0738317, 3.5196683 ] ] ] ] } },
{ "type": "Feature", "properties": { "id": "TV00023476-1", "HA": 0.102 }, "geometry": { "type": "MultiPolygon", "coordinates": [ [ [ [ 99.0455817, 3.429295 ], [ 99.0459017, 3.4296717 ], [ 99.0457367, 3.4295733 ], [ 99.0454533, 3.4295717 ], [ 99.045285, 3.429495 ], [ 99.0455817, 3.429295 ] ] ] ] } },
{ "type": "Feature", "properties": { "id": "TV00025801-1", "HA": 0.044 }, "geometry": { "type": "MultiPolygon", "coordinates": [ [ [ [ 99.086175, 2.8084483 ], [ 99.0863033, 2.8088117 ], [ 99.086175, 2.80884 ], [ 99.0861217, 2.8086033 ], [ 99.086175, 2.8084483 ] ] ] ] } },
{ "type": "Feature", "properties": { "id": "TW00020994-1", "HA": 0.052 }, "geometry": { "type": "MultiPolygon", "coordinates": [ [ [ [ 99.0783067, 3.4817067 ], [ 99.0784733, 3.4815783 ], [ 99.0786167, 3.48182 ], [ 99.078535, 3.4818733 ], [ 99.0783067, 3.4817067 ] ] ] ] } },
{ "type": "Feature", "properties": { "id": "TW00023168-3", "HA": 0.078 }, "geometry": { "type": "MultiPolygon", "coordinates": [ [ [ [ 99.1663983, 3.2929217 ], [ 99.16572, 3.2929867 ], [ 99.165705, 3.292895 ], [ 99.1663917, 3.2928283 ], [ 99.1663983, 3.2929217 ] ] ] ] } },
{ "type": "Feature", "properties": { "id": "TX00023700-1", "HA": 0.053 }, "geometry": { "type": "MultiPolygon", "coordinates": [ [ [ [ 99.35109, 2.6602467 ], [ 99.3511117, 2.6599217 ], [ 99.35134, 2.6599583 ], [ 99.3511683, 2.6602017 ], [ 99.35109, 2.6602467 ] ] ] ] } },
{ "type": "Feature", "properties": { "id": "TY00021990-1", "HA": 0.092 }, "geometry": { "type": "MultiPolygon", "coordinates": [ [ [ [ 99.0062914, 2.9755903 ], [ 99.0062286, 2.9757666 ], [ 99.0056498, 2.9755805 ], [ 99.0057607, 2.9755257 ], [ 99.0062914, 2.9755903 ] ] ] ] } },
{ "type": "Feature", "properties": { "id": "TY00024742-1", "HA": 0.141 }, "geometry": { "type": "MultiPolygon", "coordinates": [ [ [ [ 99.4585467, 2.59793 ], [ 99.458445, 2.597455 ], [ 99.4585283, 2.5974083 ], [ 99.4588883, 2.59754 ], [ 99.4585467, 2.59793 ] ] ] ] } },
{ "type": "Feature", "properties": { "id": "TZ00023091-1", "HA": 0.026 }, "geometry": { "type": "MultiPolygon", "coordinates": [ [ [ [ 98.9700883, 2.8209765 ], [ 98.9700475, 2.8208939 ], [ 98.9706185, 2.820951 ], [ 98.9704758, 2.8209545 ], [ 98.9700883, 2.8209765 ] ] ] ] } },
{ "type": "Feature", "properties": { "id": "TZ00023392-1", "HA": 0.028 }, "geometry": { "type": "MultiPolygon", "coordinates": [ [ [ [ 99.1646398, 3.2948739 ], [ 99.1649253, 3.2948964 ], [ 99.1649575, 3.2950075 ], [ 99.1647945, 3.2949852 ], [ 99.1646398, 3.2948739 ] ] ] ] } },
{ "type": "Feature", "properties": { "id": "UA00023218-1", "HA": 0.078 }, "geometry": { "type": "MultiPolygon", "coordinates": [ [ [ [ 99.1643191, 3.2791954 ], [ 99.1633611, 3.279325 ], [ 99.1633706, 3.2791911 ], [ 99.164157, 3.2791942 ], [ 99.1643191, 3.2791954 ] ] ] ] } },
{ "type": "Feature", "properties": { "id": "UA00024364-2", "HA": 0.136 }, "geometry": { "type": "MultiPolygon", "coordinates": [ [ [ [ 98.96565, 3.3847467 ], [ 98.9659717, 3.38471 ], [ 98.9660817, 3.38512 ], [ 98.9658717, 3.385135 ], [ 98.96565, 3.3847467 ] ] ] ] } },
{ "type": "Feature", "properties": { "id": "UA00025478-4", "HA": 0.007 }, "geometry": { "type": "MultiPolygon", "coordinates": [ [ [ [ 99.0596955, 3.0137733 ], [ 99.0596955, 3.0137733 ], [ 99.0595796, 3.0137677 ], [ 99.0596113, 3.013664 ], [ 99.0596955, 3.0137733 ] ] ] ] } },
{ "type": "Feature", "properties": { "id": "UB00021092-1", "HA": 0.105 }, "geometry": { "type": "MultiPolygon", "coordinates": [ [ [ [ 99.0631277, 3.4465235 ], [ 99.0635359, 3.4461414 ], [ 99.0635801, 3.4462277 ], [ 99.0637458, 3.4463804 ], [ 99.0631277, 3.4465235 ] ] ] ] } },
{ "type": "Feature", "properties": { "id": "UB00022150-1", "HA": 0.059 }, "geometry": { "type": "MultiPolygon", "coordinates": [ [ [ [ 99.041375, 2.82139 ], [ 99.0410367, 2.8216417 ], [ 99.0410667, 2.8214117 ], [ 99.0413183, 2.82131 ], [ 99.041375, 2.82139 ] ] ] ] } },
{ "type": "Feature", "properties": { "id": "UB00023066-1", "HA": 0.135 }, "geometry": { "type": "MultiPolygon", "coordinates": [ [ [ [ 99.0779717, 2.799405 ], [ 99.0781467, 2.7997683 ], [ 99.0779383, 2.7999567 ], [ 99.0777617, 2.7995683 ], [ 99.0779717, 2.799405 ] ] ] ] } },
{ "type": "Feature", "properties": { "id": "UB00023560-1", "HA": 0.248 }, "geometry": { "type": "MultiPolygon", "coordinates": [ [ [ [ 99.0187267, 3.4932683 ], [ 99.01903, 3.49316 ], [ 99.01914, 3.4940067 ], [ 99.018955, 3.4940033 ], [ 99.0187267, 3.4932683 ] ] ] ] } },
{ "type": "Feature", "properties": { "id": "UC00021334-1", "HA": 0.031 }, "geometry": { "type": "MultiPolygon", "coordinates": [ [ [ [ 99.2068183, 3.175805 ], [ 99.2067067, 3.175825 ], [ 99.2065767, 3.17584 ], [ 99.2066233, 3.1756317 ], [ 99.2068183, 3.175805 ] ] ] ] } },
{ "type": "Feature", "properties": { "id": "UC00022348-1", "HA": 0.027 }, "geometry": { "type": "MultiPolygon", "coordinates": [ [ [ [ 99.1735967, 3.20318 ], [ 99.1737817, 3.2032067 ], [ 99.1735867, 3.2033433 ], [ 99.173505, 3.2032617 ], [ 99.1735967, 3.20318 ] ] ] ] } },
{ "type": "Feature", "properties": { "id": "UE00024342-2", "HA": 0.146 }, "geometry": { "type": "MultiPolygon", "coordinates": [ [ [ [ 98.9730867, 3.3821083 ], [ 98.97287, 3.3821533 ], [ 98.972505, 3.3816483 ], [ 98.9727667, 3.3816633 ], [ 98.9730867, 3.3821083 ] ] ] ] } },
{ "type": "Feature", "properties": { "id": "UF00020926-7", "HA": 0.118 }, "geometry": { "type": "MultiPolygon", "coordinates": [ [ [ [ 99.1014367, 3.47956 ], [ 99.1012283, 3.4793583 ], [ 99.1014117, 3.47902 ], [ 99.1015717, 3.4791167 ], [ 99.1014367, 3.47956 ] ] ] ] } },
{ "type": "Feature", "properties": { "id": "UH00021263-1", "HA": 0.261 }, "geometry": { "type": "MultiPolygon", "coordinates": [ [ [ [ 99.2037531, 3.1604943 ], [ 99.2034257, 3.1605402 ], [ 99.203352, 3.1605938 ], [ 99.2030802, 3.1605079 ], [ 99.2031956, 3.1602009 ], [ 99.203825, 3.1602243 ], [ 99.2037531, 3.1604943 ] ] ] ] } },
{ "type": "Feature", "properties": { "id": "UH00023116-1", "HA": 0.502 }, "geometry": { "type": "MultiPolygon", "coordinates": [ [ [ [ 99.1837105, 3.2579794 ], [ 99.1830429, 3.2576905 ], [ 99.1830815, 3.2572162 ], [ 99.1836629, 3.2571434 ], [ 99.1837105, 3.2579794 ] ] ] ] } },
{ "type": "Feature", "properties": { "id": "UH00026312-2", "HA": 0.013 }, "geometry": { "type": "MultiPolygon", "coordinates": [ [ [ [ 99.046092, 3.0075909 ], [ 99.0460221, 3.0076707 ], [ 99.0459498, 3.0078709 ], [ 99.0459186, 3.0077236 ], [ 99.046092, 3.0075909 ] ] ] ] } },
{ "type": "Feature", "properties": { "id": "UI00021098-5", "HA": 0.08 }, "geometry": { "type": "MultiPolygon", "coordinates": [ [ [ [ 99.0602733, 3.4652233 ], [ 99.0600667, 3.4651683 ], [ 99.060225, 3.4648133 ], [ 99.0603567, 3.4649317 ], [ 99.0602733, 3.4652233 ] ] ] ] } },
{ "type": "Feature", "properties": { "id": "UI00021874-1", "HA": 0.013 }, "geometry": { "type": "MultiPolygon", "coordinates": [ [ [ [ 99.0243319, 2.9914281 ], [ 99.0244089, 2.9915911 ], [ 99.0242957, 2.9917349 ], [ 99.0243324, 2.9916442 ], [ 99.0243319, 2.9914281 ] ] ] ] } },
{ "type": "Feature", "properties": { "id": "UJ00023380-3", "HA": 0.081 }, "geometry": { "type": "MultiPolygon", "coordinates": [ [ [ [ 99.1659719, 3.2619578 ], [ 99.1658539, 3.2618398 ], [ 99.1659236, 3.261534 ], [ 99.1661382, 3.2616198 ], [ 99.1659719, 3.2619578 ] ] ] ] } },
{ "type": "Feature", "properties": { "id": "UK00021506-1", "HA": 0.073 }, "geometry": { "type": "MultiPolygon", "coordinates": [ [ [ [ 99.2073435, 3.1750357 ], [ 99.2072726, 3.1752382 ], [ 99.2070038, 3.1751199 ], [ 99.2072713, 3.1748869 ], [ 99.2073435, 3.1750357 ] ] ] ] } },
{ "type": "Feature", "properties": { "id": "UK00021737-1", "HA": 0.03 }, "geometry": { "type": "MultiPolygon", "coordinates": [ [ [ [ 99.1704867, 2.8165517 ], [ 99.1705733, 2.8162067 ], [ 99.17059, 2.816815 ], [ 99.1705817, 2.8167017 ], [ 99.1704867, 2.8165517 ] ] ] ] } },
{ "type": "Feature", "properties": { "id": "UK00021885-1", "HA": 0.051 }, "geometry": { "type": "MultiPolygon", "coordinates": [ [ [ [ 99.014428, 2.9773608 ], [ 99.0144706, 2.9774405 ], [ 99.0138468, 2.9770507 ], [ 99.0138284, 2.976956 ], [ 99.014428, 2.9773608 ] ] ] ] } },
{ "type": "Feature", "properties": { "id": "UN00020657-2", "HA": 0.16 }, "geometry": { "type": "MultiPolygon", "coordinates": [ [ [ [ 99.0515367, 3.4588483 ], [ 99.05101, 3.45879 ], [ 99.0513433, 3.4582 ], [ 99.0514083, 3.4587817 ], [ 99.0515367, 3.4588483 ] ] ] ] } },
{ "type": "Feature", "properties": { "id": "UO00021110-1", "HA": 0.34 }, "geometry": { "type": "MultiPolygon", "coordinates": [ [ [ [ 99.0802567, 3.5240783 ], [ 99.080715, 3.5238283 ], [ 99.0809533, 3.5241733 ], [ 99.0804683, 3.5245883 ], [ 99.0802567, 3.5240783 ] ] ] ] } },
{ "type": "Feature", "properties": { "id": "UO00023471-1", "HA": 0.059 }, "geometry": { "type": "MultiPolygon", "coordinates": [ [ [ [ 99.0451317, 3.4385433 ], [ 99.0451917, 3.4386183 ], [ 99.0447383, 3.4389067 ], [ 99.044655, 3.4388717 ], [ 99.0451317, 3.4385433 ] ] ] ] } },
{ "type": "Feature", "properties": { "id": "UO00023581-1", "HA": 0.129 }, "geometry": { "type": "MultiPolygon", "coordinates": [ [ [ [ 99.0442772, 3.4206212 ], [ 99.0439843, 3.420841 ], [ 99.0437951, 3.4206423 ], [ 99.044064, 3.4204021 ], [ 99.0442772, 3.4206212 ] ] ] ] } },
{ "type": "Feature", "properties": { "id": "UO00024350-2", "HA": 0.054 }, "geometry": { "type": "MultiPolygon", "coordinates": [ [ [ [ 99.01038, 3.013465 ], [ 99.0104067, 3.0136133 ], [ 99.010135, 3.0137217 ], [ 99.0100283, 3.0136483 ], [ 99.01038, 3.013465 ] ] ] ] } },
{ "type": "Feature", "properties": { "id": "UP00022290-3", "HA": 0.075 }, "geometry": { "type": "MultiPolygon", "coordinates": [ [ [ [ 99.047965, 2.824725 ], [ 99.0480867, 2.8247317 ], [ 99.048, 2.8251183 ], [ 99.0478133, 2.8251583 ], [ 99.047965, 2.824725 ] ] ] ] } },
{ "type": "Feature", "properties": { "id": "UQ00021830-1", "HA": 0.136 }, "geometry": { "type": "MultiPolygon", "coordinates": [ [ [ [ 99.0899267, 2.8041867 ], [ 99.08973, 2.80406 ], [ 99.08993, 2.8035933 ], [ 99.090105, 2.8035467 ], [ 99.0899267, 2.8041867 ] ] ] ] } },
{ "type": "Feature", "properties": { "id": "UR00020671-1", "HA": 0.278 }, "geometry": { "type": "MultiPolygon", "coordinates": [ [ [ [ 99.0381217, 3.474745 ], [ 99.0381417, 3.4753633 ], [ 99.0377283, 3.4752667 ], [ 99.03796, 3.4744533 ], [ 99.0381217, 3.474745 ] ] ] ] } },
{ "type": "Feature", "properties": { "id": "UR00020685-1", "HA": 0.119 }, "geometry": { "type": "MultiPolygon", "coordinates": [ [ [ [ 99.03519, 3.4515283 ], [ 99.0348983, 3.45176 ], [ 99.03526, 3.4510817 ], [ 99.035365, 3.4515417 ], [ 99.03519, 3.4515283 ] ] ] ] } },
{ "type": "Feature", "properties": { "id": "UR00021178-1", "HA": 0.174 }, "geometry": { "type": "MultiPolygon", "coordinates": [ [ [ [ 99.1113217, 3.501465 ], [ 99.1119483, 3.5017867 ], [ 99.1119283, 3.5020233 ], [ 99.1114683, 3.5017933 ], [ 99.11141, 3.5017133 ], [ 99.1113417, 3.5015633 ], [ 99.1113217, 3.501465 ] ] ] ] } },
{ "type": "Feature", "properties": { "id": "UR00021963-1", "HA": 0.065 }, "geometry": { "type": "MultiPolygon", "coordinates": [ [ [ [ 99.0127667, 2.9835883 ], [ 99.0128217, 2.9838467 ], [ 99.0127267, 2.9838283 ], [ 99.0126567, 2.9837633 ], [ 99.0125567, 2.9837417 ], [ 99.0124683, 2.9836017 ], [ 99.0127667, 2.9835883 ] ] ] ] } },
{ "type": "Feature", "properties": { "id": "UT00021308-1", "HA": 0.25 }, "geometry": { "type": "MultiPolygon", "coordinates": [ [ [ [ 99.2054833, 3.1663134 ], [ 99.2056445, 3.1670206 ], [ 99.205289, 3.1668287 ], [ 99.2050774, 3.1669402 ], [ 99.2052703, 3.166793 ], [ 99.2051043, 3.1664156 ], [ 99.2054833, 3.1663134 ] ] ] ] } },
{ "type": "Feature", "properties": { "id": "UT00024933-1", "HA": 0.023 }, "geometry": { "type": "MultiPolygon", "coordinates": [ [ [ [ 98.9715217, 3.3757617 ], [ 98.9714883, 3.3758633 ], [ 98.9713233, 3.3759117 ], [ 98.9713067, 3.375815 ], [ 98.9715217, 3.3757617 ] ] ] ] } },
{ "type": "Feature", "properties": { "id": "UU00021966-2", "HA": 0.042 }, "geometry": { "type": "MultiPolygon", "coordinates": [ [ [ [ 99.0053267, 2.98753 ], [ 99.0053983, 2.9876217 ], [ 99.005245, 2.9877467 ], [ 99.0050283, 2.9877633 ], [ 99.0053267, 2.98753 ] ] ] ] } },
{ "type": "Feature", "properties": { "id": "UU00025466-2", "HA": 0.058 }, "geometry": { "type": "MultiPolygon", "coordinates": [ [ [ [ 99.01463, 2.8202833 ], [ 99.0148433, 2.8204283 ], [ 99.0147583, 2.8206467 ], [ 99.0146767, 2.820695 ], [ 99.01463, 2.8202833 ] ] ] ] } },
{ "type": "Feature", "properties": { "id": "UV00022694-1", "HA": 0.08 }, "geometry": { "type": "MultiPolygon", "coordinates": [ [ [ [ 99.059505, 2.798595 ], [ 99.0590183, 2.7988783 ], [ 99.0590383, 2.798685 ], [ 99.05945, 2.798515 ], [ 99.059505, 2.798595 ] ] ] ] } },
{ "type": "Feature", "properties": { "id": "UV00023237-1", "HA": 0.11 }, "geometry": { "type": "MultiPolygon", "coordinates": [ [ [ [ 99.1654119, 3.2936508 ], [ 99.1654118, 3.2937568 ], [ 99.1651609, 3.2937912 ], [ 99.1650799, 3.293557 ], [ 99.165378, 3.2933926 ], [ 99.1654119, 3.2936508 ] ] ] ] } },
{ "type": "Feature", "properties": { "id": "UV00026256-2", "HA": 0.044 }, "geometry": { "type": "MultiPolygon", "coordinates": [ [ [ [ 99.0464629, 3.0069356 ], [ 99.0464655, 3.0073246 ], [ 99.046352, 3.0072444 ], [ 99.0463301, 3.0070593 ], [ 99.0464629, 3.0069356 ] ] ] ] } },
{ "type": "Feature", "properties": { "id": "UW00022205-1", "HA": 0.125 }, "geometry": { "type": "MultiPolygon", "coordinates": [ [ [ [ 99.0148833, 2.9876583 ], [ 99.0149567, 2.9881467 ], [ 99.01486, 2.9882883 ], [ 99.01465, 2.9881533 ], [ 99.0147217, 2.9880983 ], [ 99.0146767, 2.9880183 ], [ 99.0148833, 2.9876583 ] ] ] ] } },
{ "type": "Feature", "properties": { "id": "UX00022153-1", "HA": 0.155 }, "geometry": { "type": "MultiPolygon", "coordinates": [ [ [ [ 99.0179086, 2.9868329 ], [ 99.0183753, 2.9869991 ], [ 99.017989, 2.9873049 ], [ 99.017839, 2.9869964 ], [ 99.0179086, 2.9868329 ] ] ] ] } },
{ "type": "Feature", "properties": { "id": "UX00023213-1", "HA": 0.059 }, "geometry": { "type": "MultiPolygon", "coordinates": [ [ [ [ 99.184415, 3.2548217 ], [ 99.1847883, 3.2549883 ], [ 99.1846267, 3.255075 ], [ 99.1844333, 3.2550183 ], [ 99.184415, 3.2548217 ] ] ] ] } },
{ "type": "Feature", "properties": { "id": "UY00022607-1", "HA": 0.201 }, "geometry": { "type": "MultiPolygon", "coordinates": [ [ [ [ 99.081015, 3.1112367 ], [ 99.081075, 3.1103383 ], [ 99.08122, 3.1109 ], [ 99.08173, 3.11086 ], [ 99.081015, 3.1112367 ] ] ] ] } },
{ "type": "Feature", "properties": { "id": "UZ00021585-1", "HA": 0.381 }, "geometry": { "type": "MultiPolygon", "coordinates": [ [ [ [ 99.1242816, 2.8026784 ], [ 99.1239017, 2.8020112 ], [ 99.1241915, 2.8017035 ], [ 99.1245618, 2.8022775 ], [ 99.1242816, 2.8026784 ] ] ] ] } },
{ "type": "Feature", "properties": { "id": "UZ00022499-2", "HA": 0.062 }, "geometry": { "type": "MultiPolygon", "coordinates": [ [ [ [ 99.1394, 3.1874367 ], [ 99.1396833, 3.18727 ], [ 99.1398117, 3.18733 ], [ 99.1395117, 3.1875583 ], [ 99.1394, 3.1874367 ] ] ] ] } },
{ "type": "Feature", "properties": { "id": "UZ00023019-1", "HA": 0.145 }, "geometry": { "type": "MultiPolygon", "coordinates": [ [ [ [ 99.0788417, 2.80932 ], [ 99.078345, 2.8097783 ], [ 99.0783217, 2.8095417 ], [ 99.0787783, 2.80914 ], [ 99.0788417, 2.80932 ] ] ] ] } },
{ "type": "Feature", "properties": { "id": "VA00021739-1", "HA": 0.071 }, "geometry": { "type": "MultiPolygon", "coordinates": [ [ [ [ 99.1699783, 2.8168617 ], [ 99.1692183, 2.81717 ], [ 99.1691283, 2.8171817 ], [ 99.1699067, 2.816775 ], [ 99.1699783, 2.8168617 ] ] ] ] } },
{ "type": "Feature", "properties": { "id": "VA00021899-1", "HA": 0.019 }, "geometry": { "type": "MultiPolygon", "coordinates": [ [ [ [ 99.0097683, 2.9833283 ], [ 99.0092633, 2.98323 ], [ 99.009185, 2.983145 ], [ 99.0092967, 2.983145 ], [ 99.0093533, 2.9832183 ], [ 99.0097683, 2.9833283 ] ] ] ] } },
{ "type": "Feature", "properties": { "id": "VA00023364-1", "HA": 0.038 }, "geometry": { "type": "MultiPolygon", "coordinates": [ [ [ [ 99.2194083, 3.30235 ], [ 99.21969, 3.302295 ], [ 99.2196183, 3.3024783 ], [ 99.2194383, 3.3024367 ], [ 99.2194083, 3.30235 ] ] ] ] } },
{ "type": "Feature", "properties": { "id": "VB00021494-1", "HA": 0.291 }, "geometry": { "type": "MultiPolygon", "coordinates": [ [ [ [ 99.2034283, 3.1656833 ], [ 99.201685, 3.1662567 ], [ 99.2017017, 3.166165 ], [ 99.2029067, 3.1657033 ], [ 99.2029717, 3.165635 ], [ 99.2033733, 3.16552 ], [ 99.2034283, 3.1656833 ] ] ] ] } },
{ "type": "Feature", "properties": { "id": "VC00022272-1", "HA": 0.683 }, "geometry": { "type": "MultiPolygon", "coordinates": [ [ [ [ 99.1656633, 3.2154 ], [ 99.1646317, 3.2141017 ], [ 99.16526, 3.2144233 ], [ 99.1658017, 3.2145183 ], [ 99.1658567, 3.2146017 ], [ 99.16589, 3.2148583 ], [ 99.1656633, 3.2154 ] ] ] ] } },
{ "type": "Feature", "properties": { "id": "VC00023074-2", "HA": 0.282 }, "geometry": { "type": "MultiPolygon", "coordinates": [ [ [ [ 99.0449367, 2.7884967 ], [ 99.0450733, 2.7887283 ], [ 99.0445467, 2.7889817 ], [ 99.0443983, 2.7891117 ], [ 99.0442433, 2.7887683 ], [ 99.0449367, 2.7884967 ] ] ] ] } },
{ "type": "Feature", "properties": { "id": "VC00023247-2", "HA": 0.09 }, "geometry": { "type": "MultiPolygon", "coordinates": [ [ [ [ 99.181515, 3.259165 ], [ 99.18141, 3.25866 ], [ 99.1817017, 3.2589117 ], [ 99.1817467, 3.25899 ], [ 99.181515, 3.259165 ] ] ] ] } },
{ "type": "Feature", "properties": { "id": "VD00022943-1", "HA": 0.118 }, "geometry": { "type": "MultiPolygon", "coordinates": [ [ [ [ 99.0387, 2.7904617 ], [ 99.0386117, 2.7905167 ], [ 99.0382483, 2.7905083 ], [ 99.0381617, 2.7901383 ], [ 99.0387, 2.7904617 ] ] ] ] } },
{ "type": "Feature", "properties": { "id": "VD00023496-1", "HA": 0.55 }, "geometry": { "type": "MultiPolygon", "coordinates": [ [ [ [ 99.063325, 3.4521217 ], [ 99.0633583, 3.452025 ], [ 99.0634267, 3.45213 ], [ 99.0635217, 3.4528583 ], [ 99.06333, 3.452875 ], [ 99.0624333, 3.4513 ], [ 99.063325, 3.4521217 ] ] ] ] } },
{ "type": "Feature", "properties": { "id": "VE00021757-1", "HA": 0.108 }, "geometry": { "type": "MultiPolygon", "coordinates": [ [ [ [ 99.1423683, 2.8139767 ], [ 99.1427233, 2.813945 ], [ 99.14255, 2.81428 ], [ 99.142285, 2.8141783 ], [ 99.1423683, 2.8139767 ] ] ] ] } },
{ "type": "Feature", "properties": { "id": "VE00023816-1", "HA": 0.017 }, "geometry": { "type": "MultiPolygon", "coordinates": [ [ [ [ 99.3675317, 2.73201 ], [ 99.36753, 2.7323167 ], [ 99.3674967, 2.7324917 ], [ 99.3674833, 2.7321467 ], [ 99.3675317, 2.73201 ] ] ] ] } },
{ "type": "Feature", "properties": { "id": "VE00023888-1", "HA": 0.086 }, "geometry": { "type": "MultiPolygon", "coordinates": [ [ [ [ 99.0088538, 3.0051467 ], [ 99.0087176, 3.0053224 ], [ 99.0084497, 3.0053751 ], [ 99.0085115, 3.0050941 ], [ 99.0088538, 3.0051467 ] ] ] ] } },
{ "type": "Feature", "properties": { "id": "VE00026333-1", "HA": 0.107 }, "geometry": { "type": "MultiPolygon", "coordinates": [ [ [ [ 99.0076214, 2.9971453 ], [ 99.0071993, 2.9970619 ], [ 99.0071493, 2.9967105 ], [ 99.0072379, 2.9967279 ], [ 99.0076214, 2.9971453 ] ] ] ] } },
{ "type": "Feature", "properties": { "id": "VF00023695-3", "HA": 0.029 }, "geometry": { "type": "MultiPolygon", "coordinates": [ [ [ [ 99.07827, 3.476295 ], [ 99.078345, 3.4763533 ], [ 99.07833, 3.4765633 ], [ 99.078195, 3.47647 ], [ 99.07827, 3.476295 ] ] ] ] } },
{ "type": "Feature", "properties": { "id": "VF00023695-4", "HA": 0.155 }, "geometry": { "type": "MultiPolygon", "coordinates": [ [ [ [ 99.0595418, 3.465001 ], [ 99.0591556, 3.4649152 ], [ 99.0593783, 3.464486 ], [ 99.0595633, 3.4646523 ], [ 99.0595418, 3.465001 ] ] ] ] } },
{ "type": "Feature", "properties": { "id": "VF00024692-1", "HA": 0.054 }, "geometry": { "type": "MultiPolygon", "coordinates": [ [ [ [ 99.4630917, 2.5856183 ], [ 99.4632467, 2.5857483 ], [ 99.463165, 2.5859767 ], [ 99.4630283, 2.5858867 ], [ 99.4630917, 2.5856183 ] ] ] ] } },
{ "type": "Feature", "properties": { "id": "VF00027264-1", "HA": 0.042 }, "geometry": { "type": "MultiPolygon", "coordinates": [ [ [ [ 99.0151507, 2.8208459 ], [ 99.0155245, 2.820893 ], [ 99.0152625, 2.8210901 ], [ 99.015236, 2.8208753 ], [ 99.0151507, 2.8208459 ] ] ] ] } },
{ "type": "Feature", "properties": { "id": "VG00024653-1", "HA": 0.078 }, "geometry": { "type": "MultiPolygon", "coordinates": [ [ [ [ 98.1871653, 3.423932 ], [ 98.1869343, 3.4238487 ], [ 98.1868891, 3.4236534 ], [ 98.1871618, 3.42362 ], [ 98.1871653, 3.423932 ] ] ] ] } },
{ "type": "Feature", "properties": { "id": "VI00021156-1", "HA": 0.114 }, "geometry": { "type": "MultiPolygon", "coordinates": [ [ [ [ 99.0577983, 3.4411133 ], [ 99.05751, 3.440265 ], [ 99.05733, 3.4400583 ], [ 99.0575033, 3.4398533 ], [ 99.0577983, 3.4411133 ] ] ] ] } },
{ "type": "Feature", "properties": { "id": "VI00021901-1", "HA": 0.034 }, "geometry": { "type": "MultiPolygon", "coordinates": [ [ [ [ 99.0044202, 2.9739998 ], [ 99.0043902, 2.9740937 ], [ 99.0043021, 2.9736594 ], [ 99.0043833, 2.9736072 ], [ 99.0044202, 2.9739998 ] ] ] ] } },
{ "type": "Feature", "properties": { "id": "VI00022001-1", "HA": 0.159 }, "geometry": { "type": "MultiPolygon", "coordinates": [ [ [ [ 99.1436, 2.8140217 ], [ 99.14379, 2.8136283 ], [ 99.144025, 2.8136533 ], [ 99.1440533, 2.8140083 ], [ 99.1436, 2.8140217 ] ] ] ] } },
{ "type": "Feature", "properties": { "id": "VI00023062-1", "HA": 1.181 }, "geometry": { "type": "MultiPolygon", "coordinates": [ [ [ [ 98.9863383, 3.19075 ], [ 98.986935, 3.19174 ], [ 98.9867333, 3.1917217 ], [ 98.986795, 3.1919283 ], [ 98.98628, 3.1923017 ], [ 98.9857217, 3.1911433 ], [ 98.9863383, 3.19075 ] ] ] ] } },
{ "type": "Feature", "properties": { "id": "VJ00021477-3", "HA": 0.16 }, "geometry": { "type": "MultiPolygon", "coordinates": [ [ [ [ 98.9999733, 2.9740683 ], [ 99.00049, 2.9744333 ], [ 99.000245, 2.9745767 ], [ 98.9999633, 2.9744083 ], [ 98.9999733, 2.9740683 ] ] ] ] } },
{ "type": "Feature", "properties": { "id": "VJ00021889-1", "HA": 0.141 }, "geometry": { "type": "MultiPolygon", "coordinates": [ [ [ [ 99.1468517, 2.8239667 ], [ 99.1470933, 2.8239433 ], [ 99.1470983, 2.8242833 ], [ 99.1471517, 2.8245083 ], [ 99.1468383, 2.8243067 ], [ 99.1468517, 2.8239667 ] ] ] ] } },
{ "type": "Feature", "properties": { "id": "VK00020967-1", "HA": 0.202 }, "geometry": { "type": "MultiPolygon", "coordinates": [ [ [ [ 99.0874217, 3.4780917 ], [ 99.0874, 3.4770917 ], [ 99.0876133, 3.47672 ], [ 99.0876967, 3.47668 ], [ 99.0874217, 3.4780917 ] ] ] ] } },
{ "type": "Feature", "properties": { "id": "VK00022260-1", "HA": 0.065 }, "geometry": { "type": "MultiPolygon", "coordinates": [ [ [ [ 99.0135646, 3.0383703 ], [ 99.0134857, 3.0388746 ], [ 99.0134084, 3.0385289 ], [ 99.013402, 3.0384381 ], [ 99.0133657, 3.0383365 ], [ 99.0132131, 3.0382847 ], [ 99.0135646, 3.0383703 ] ] ] ] } },
{ "type": "Feature", "properties": { "id": "VM00022508-2", "HA": 0.184 }, "geometry": { "type": "MultiPolygon", "coordinates": [ [ [ [ 99.1629317, 3.2190033 ], [ 99.162835, 3.2192933 ], [ 99.1624067, 3.21931 ], [ 99.1624117, 3.21897 ], [ 99.1629317, 3.2190033 ] ] ] ] } },
{ "type": "Feature", "properties": { "id": "VM00023127-1", "HA": 0.118 }, "geometry": { "type": "MultiPolygon", "coordinates": [ [ [ [ 99.1674086, 3.2764973 ], [ 99.1672425, 3.2764951 ], [ 99.1671582, 3.2759664 ], [ 99.1673309, 3.2759179 ], [ 99.1674086, 3.2764973 ] ] ] ] } },
{ "type": "Feature", "properties": { "id": "VM00023799-1", "HA": 0.118 }, "geometry": { "type": "MultiPolygon", "coordinates": [ [ [ [ 99.3763933, 2.7363333 ], [ 99.3760333, 2.7360717 ], [ 99.37623, 2.7358783 ], [ 99.376455, 2.73607 ], [ 99.3763933, 2.7363333 ] ] ] ] } },
{ "type": "Feature", "properties": { "id": "VN00022825-2", "HA": 0.107 }, "geometry": { "type": "MultiPolygon", "coordinates": [ [ [ [ 99.0075067, 2.9806383 ], [ 99.0075233, 2.9804217 ], [ 99.0079817, 2.9803233 ], [ 99.007905, 2.980535 ], [ 99.0075067, 2.9806383 ] ] ] ] } },
{ "type": "Feature", "properties": { "id": "VO00022692-1", "HA": 0.055 }, "geometry": { "type": "MultiPolygon", "coordinates": [ [ [ [ 99.7260367, 2.8784933 ], [ 99.7259383, 2.8780283 ], [ 99.72612, 2.8781067 ], [ 99.72613, 2.8782217 ], [ 99.7260367, 2.8784933 ] ] ] ] } },
{ "type": "Feature", "properties": { "id": "VP00021565-1", "HA": 0.048 }, "geometry": { "type": "MultiPolygon", "coordinates": [ [ [ [ 99.1137861, 3.0275013 ], [ 99.1137996, 3.0273922 ], [ 99.1140149, 3.027371 ], [ 99.1140721, 3.0275791 ], [ 99.1137861, 3.0275013 ] ] ] ] } },
{ "type": "Feature", "properties": { "id": "VP00022316-1", "HA": 0.135 }, "geometry": { "type": "MultiPolygon", "coordinates": [ [ [ [ 99.0525217, 2.8270133 ], [ 99.0519733, 2.8264233 ], [ 99.052185, 2.826425 ], [ 99.05274, 2.8271117 ], [ 99.0525217, 2.8270133 ] ] ] ] } },
{ "type": "Feature", "properties": { "id": "VQ00025016-1", "HA": 0.247 }, "geometry": { "type": "MultiPolygon", "coordinates": [ [ [ [ 99.0083, 3.01499 ], [ 99.0087433, 3.0152533 ], [ 99.0083867, 3.0155667 ], [ 99.0080483, 3.0152633 ], [ 99.0083, 3.01499 ] ] ] ] } },
{ "type": "Feature", "properties": { "id": "VQ00026313-1", "HA": 0.016 }, "geometry": { "type": "MultiPolygon", "coordinates": [ [ [ [ 99.0227595, 3.0026593 ], [ 99.0227704, 3.0023513 ], [ 99.0228235, 3.0025381 ], [ 99.0227778, 3.0027343 ], [ 99.0227595, 3.0026593 ] ] ] ] } },
{ "type": "Feature", "properties": { "id": "VR00023233-1", "HA": 0.136 }, "geometry": { "type": "MultiPolygon", "coordinates": [ [ [ [ 98.967075, 2.93057 ], [ 98.9672183, 2.93019 ], [ 98.9675683, 2.9304217 ], [ 98.9672517, 2.93063 ], [ 98.967075, 2.93057 ] ] ] ] } },
{ "type": "Feature", "properties": { "id": "VR00023681-1", "HA": 0.4 }, "geometry": { "type": "MultiPolygon", "coordinates": [ [ [ [ 99.0509717, 3.4826133 ], [ 99.05052, 3.4824633 ], [ 99.0510783, 3.4819233 ], [ 99.05151, 3.48217 ], [ 99.0509717, 3.4826133 ] ] ] ] } },
{ "type": "Feature", "properties": { "id": "VS00024998-2", "HA": 0.145 }, "geometry": { "type": "MultiPolygon", "coordinates": [ [ [ [ 98.9953133, 3.0109917 ], [ 98.9952017, 3.0112983 ], [ 98.994975, 3.0113367 ], [ 98.9948933, 3.0109167 ], [ 98.9953133, 3.0109917 ] ] ] ] } },
{ "type": "Feature", "properties": { "id": "VT00020690-1", "HA": 0.242 }, "geometry": { "type": "MultiPolygon", "coordinates": [ [ [ [ 99.039044, 3.4548729 ], [ 99.0388122, 3.4546501 ], [ 99.0392804, 3.4540623 ], [ 99.0394309, 3.4541957 ], [ 99.039044, 3.4548729 ] ] ] ] } },
{ "type": "Feature", "properties": { "id": "VT00021274-1", "HA": 0.077 }, "geometry": { "type": "MultiPolygon", "coordinates": [ [ [ [ 99.2106517, 3.1656067 ], [ 99.2106467, 3.1652967 ], [ 99.2110483, 3.165235 ], [ 99.2110483, 3.165235 ], [ 99.2108267, 3.1654633 ], [ 99.2107267, 3.1655033 ], [ 99.2106517, 3.1656067 ] ] ] ] } },
{ "type": "Feature", "properties": { "id": "VT00022240-1", "HA": 0.225 }, "geometry": { "type": "MultiPolygon", "coordinates": [ [ [ [ 99.0537949, 2.8276942 ], [ 99.054027, 2.8272917 ], [ 99.0543247, 2.8275187 ], [ 99.0541078, 2.8279572 ], [ 99.0537949, 2.8276942 ] ] ] ] } },
{ "type": "Feature", "properties": { "id": "VT00023179-1", "HA": 0.08 }, "geometry": { "type": "MultiPolygon", "coordinates": [ [ [ [ 98.963625, 2.9322283 ], [ 98.9636383, 2.9321383 ], [ 98.96425, 2.9326917 ], [ 98.9643367, 2.932865 ], [ 98.963625, 2.9322283 ] ] ] ] } },
{ "type": "Feature", "properties": { "id": "VT00024644-3", "HA": 0.202 }, "geometry": { "type": "MultiPolygon", "coordinates": [ [ [ [ 98.1828314, 3.427271 ], [ 98.1831646, 3.4269935 ], [ 98.1833032, 3.4276707 ], [ 98.1830211, 3.4275679 ], [ 98.1828314, 3.427271 ] ] ] ] } },
{ "type": "Feature", "properties": { "id": "VU00020923-3", "HA": 0.06 }, "geometry": { "type": "MultiPolygon", "coordinates": [ [ [ [ 99.0935733, 3.4758867 ], [ 99.09325, 3.47577 ], [ 99.093215, 3.475865 ], [ 99.0931217, 3.4757867 ], [ 99.0932083, 3.475665 ], [ 99.0936183, 3.4757983 ], [ 99.0935733, 3.4758867 ] ] ] ] } },
{ "type": "Feature", "properties": { "id": "VU00025798-1", "HA": 0.031 }, "geometry": { "type": "MultiPolygon", "coordinates": [ [ [ [ 99.0282965, 2.8240462 ], [ 99.0282903, 2.8243376 ], [ 99.0281997, 2.8243903 ], [ 99.0281673, 2.8242561 ], [ 99.0282965, 2.8240462 ] ] ] ] } },
{ "type": "Feature", "properties": { "id": "VV00021819-1", "HA": 0.413 }, "geometry": { "type": "MultiPolygon", "coordinates": [ [ [ [ 99.1123663, 2.772402 ], [ 99.1128699, 2.7722214 ], [ 99.1132459, 2.7726417 ], [ 99.1129799, 2.7730156 ], [ 99.1123663, 2.772402 ] ] ] ] } },
{ "type": "Feature", "properties": { "id": "VV00022217-2", "HA": 0.216 }, "geometry": { "type": "MultiPolygon", "coordinates": [ [ [ [ 99.04537, 2.8192067 ], [ 99.0455733, 2.8188933 ], [ 99.0459, 2.81905 ], [ 99.0457617, 2.8195 ], [ 99.04537, 2.8192067 ] ] ] ] } },
{ "type": "Feature", "properties": { "id": "VW00021890-1", "HA": 0.064 }, "geometry": { "type": "MultiPolygon", "coordinates": [ [ [ [ 99.1609035, 2.822243 ], [ 99.1611147, 2.8224063 ], [ 99.1611911, 2.822501 ], [ 99.1610149, 2.8225678 ], [ 99.1608256, 2.8222972 ], [ 99.1609035, 2.822243 ] ] ] ] } },
{ "type": "Feature", "properties": { "id": "VW00027266-1", "HA": 0.039 }, "geometry": { "type": "MultiPolygon", "coordinates": [ [ [ [ 99.0297733, 2.8231183 ], [ 99.0298567, 2.8232383 ], [ 99.0296033, 2.8233983 ], [ 99.0295883, 2.8233067 ], [ 99.0297733, 2.8231183 ] ] ] ] } },
{ "type": "Feature", "properties": { "id": "VX00025216-1", "HA": 0.149 }, "geometry": { "type": "MultiPolygon", "coordinates": [ [ [ [ 99.1824204, 3.2356328 ], [ 99.1824633, 3.2359412 ], [ 99.1820849, 3.2359834 ], [ 99.181998, 3.2357054 ], [ 99.1824204, 3.2356328 ] ] ] ] } },
{ "type": "Feature", "properties": { "id": "VZ00021765-1", "HA": 0.331 }, "geometry": { "type": "MultiPolygon", "coordinates": [ [ [ [ 99.0804667, 2.779815 ], [ 99.0804583, 2.7793767 ], [ 99.0811967, 2.7800283 ], [ 99.0811483, 2.7803167 ], [ 99.0804667, 2.779815 ] ] ] ] } },
{ "type": "Feature", "properties": { "id": "WA00021083-2", "HA": 0.199 }, "geometry": { "type": "MultiPolygon", "coordinates": [ [ [ [ 99.051135, 3.4827433 ], [ 99.0515433, 3.4823717 ], [ 99.0517417, 3.482445 ], [ 99.0514233, 3.482965 ], [ 99.051135, 3.4827433 ] ] ] ] } },
{ "type": "Feature", "properties": { "id": "WA00022651-1", "HA": 0.044 }, "geometry": { "type": "MultiPolygon", "coordinates": [ [ [ [ 99.7258083, 2.878715 ], [ 99.7257117, 2.87873 ], [ 99.7257517, 2.8783383 ], [ 99.7258417, 2.8783333 ], [ 99.7258083, 2.878715 ] ] ] ] } },
{ "type": "Feature", "properties": { "id": "WC00021610-1", "HA": 0.238 }, "geometry": { "type": "MultiPolygon", "coordinates": [ [ [ [ 99.1088267, 3.021855 ], [ 99.109365, 3.02138 ], [ 99.1095967, 3.0215317 ], [ 99.1090633, 3.02201 ], [ 99.1088267, 3.021855 ] ] ] ] } },
{ "type": "Feature", "properties": { "id": "WC00021811-1", "HA": 0.186 }, "geometry": { "type": "MultiPolygon", "coordinates": [ [ [ [ 99.1125248, 2.7717778 ], [ 99.1126289, 2.7721192 ], [ 99.1122318, 2.7723661 ], [ 99.1120272, 2.7722965 ], [ 99.1125248, 2.7717778 ] ] ] ] } },
{ "type": "Feature", "properties": { "id": "WC00024694-2", "HA": 0.184 }, "geometry": { "type": "MultiPolygon", "coordinates": [ [ [ [ 99.4653083, 2.5807533 ], [ 99.4654383, 2.5808667 ], [ 99.4659717, 2.58102 ], [ 99.4654717, 2.5813317 ], [ 99.4653083, 2.5807533 ] ] ] ] } },
{ "type": "Feature", "properties": { "id": "WF00017650-1", "HA": 948.928 }, "geometry": { "type": "MultiPolygon", "coordinates": [ [ [ [ 99.1005733, 3.066515 ], [ 99.0868883, 3.079895 ], [ 99.0754667, 3.0798183 ], [ 99.07368, 3.053465 ], [ 99.0926583, 3.0498117 ], [ 99.0970667, 3.0355767 ], [ 99.1076067, 3.0527367 ], [ 99.1007033, 3.052975 ], [ 99.1005733, 3.066515 ] ] ] ] } },
{ "type": "Feature", "properties": { "id": "WF00023725-1", "HA": 0.051 }, "geometry": { "type": "MultiPolygon", "coordinates": [ [ [ [ 99.335195, 2.6621417 ], [ 99.3354833, 2.66196 ], [ 99.3358067, 2.6615667 ], [ 99.335515, 2.6620667 ], [ 99.335195, 2.6621417 ] ] ] ] } },
{ "type": "Feature", "properties": { "id": "WG00023230-1", "HA": 0.076 }, "geometry": { "type": "MultiPolygon", "coordinates": [ [ [ [ 99.1655033, 3.2931017 ], [ 99.1654233, 3.2931483 ], [ 99.1653367, 3.29266 ], [ 99.1655283, 3.2926867 ], [ 99.1655033, 3.2931017 ] ] ] ] } },
{ "type": "Feature", "properties": { "id": "WG00024940-1", "HA": 0.16 }, "geometry": { "type": "MultiPolygon", "coordinates": [ [ [ [ 98.9844317, 3.3913883 ], [ 98.9838633, 3.3911717 ], [ 98.9839417, 3.39089 ], [ 98.9841883, 3.39097 ], [ 98.9844317, 3.3913883 ] ] ] ] } },
{ "type": "Feature", "properties": { "id": "WH00024713-1", "HA": 0.21 }, "geometry": { "type": "MultiPolygon", "coordinates": [ [ [ [ 99.457085, 2.6016367 ], [ 99.4566333, 2.6017867 ], [ 99.4563517, 2.60155 ], [ 99.4563233, 2.6013517 ], [ 99.4566967, 2.6014267 ], [ 99.457085, 2.6016367 ] ] ] ] } },
{ "type": "Feature", "properties": { "id": "WI00021027-1", "HA": 0.1 }, "geometry": { "type": "MultiPolygon", "coordinates": [ [ [ [ 99.0364733, 3.4546533 ], [ 99.03656, 3.4548033 ], [ 99.036205, 3.45517 ], [ 99.0361433, 3.4550017 ], [ 99.0364733, 3.4546533 ] ] ] ] } },
{ "type": "Feature", "properties": { "id": "WI00022362-1", "HA": 0.227 }, "geometry": { "type": "MultiPolygon", "coordinates": [ [ [ [ 99.1464017, 3.205445 ], [ 99.1465833, 3.2058933 ], [ 99.1462333, 3.205915 ], [ 99.1460067, 3.2053083 ], [ 99.1464017, 3.205445 ] ] ] ] } },
{ "type": "Feature", "properties": { "id": "WI00023255-1", "HA": 0.145 }, "geometry": { "type": "MultiPolygon", "coordinates": [ [ [ [ 98.968185, 2.9401583 ], [ 98.9673933, 2.9401 ], [ 98.967345, 2.9400083 ], [ 98.9682133, 2.939965 ], [ 98.968185, 2.9401583 ] ] ] ] } },
{ "type": "Feature", "properties": { "id": "WJ00021572-1", "HA": 0.29 }, "geometry": { "type": "MultiPolygon", "coordinates": [ [ [ [ 98.9906136, 2.9955894 ], [ 98.9907789, 2.9957172 ], [ 98.9901312, 2.9960327 ], [ 98.9896716, 2.9957553 ], [ 98.9906136, 2.9955894 ] ] ] ] } },
{ "type": "Feature", "properties": { "id": "WK00020989-2", "HA": 0.032 }, "geometry": { "type": "MultiPolygon", "coordinates": [ [ [ [ 99.0382036, 3.4733967 ], [ 99.0381914, 3.473509 ], [ 99.0380959, 3.4739717 ], [ 99.0380461, 3.4738076 ], [ 99.0382036, 3.4733967 ] ] ] ] } },
{ "type": "Feature", "properties": { "id": "WK00021101-1", "HA": 0.084 }, "geometry": { "type": "MultiPolygon", "coordinates": [ [ [ [ 99.07771, 3.5264667 ], [ 99.0777717, 3.5265633 ], [ 99.0772067, 3.5270583 ], [ 99.0771483, 3.5270233 ], [ 99.07771, 3.5264667 ] ] ] ] } },
{ "type": "Feature", "properties": { "id": "WK00023182-1", "HA": 0.379 }, "geometry": { "type": "MultiPolygon", "coordinates": [ [ [ [ 98.964935, 2.9331917 ], [ 98.9654283, 2.9336933 ], [ 98.965135, 2.934175 ], [ 98.9648483, 2.9339283 ], [ 98.964935, 2.9331917 ] ] ] ] } },
{ "type": "Feature", "properties": { "id": "WK00023473-1", "HA": 0.036 }, "geometry": { "type": "MultiPolygon", "coordinates": [ [ [ [ 99.06503, 3.4434217 ], [ 99.0653633, 3.4434383 ], [ 99.0652617, 3.4435267 ], [ 99.0651233, 3.44358 ], [ 99.06503, 3.4434217 ] ] ] ] } },
{ "type": "Feature", "properties": { "id": "WL00022673-4", "HA": 0.23 }, "geometry": { "type": "MultiPolygon", "coordinates": [ [ [ [ 99.0601212, 3.1292592 ], [ 99.0601217, 3.1286639 ], [ 99.060238, 3.1285135 ], [ 99.060546, 3.1291556 ], [ 99.0601212, 3.1292592 ] ] ] ] } },
{ "type": "Feature", "properties": { "id": "WM00025925-2", "HA": 0.041 }, "geometry": { "type": "MultiPolygon", "coordinates": [ [ [ [ 99.0466566, 3.0070084 ], [ 99.0468723, 3.0072143 ], [ 99.0468397, 3.0073064 ], [ 99.0466724, 3.0072533 ], [ 99.0466566, 3.0070084 ] ] ] ] } },
{ "type": "Feature", "properties": { "id": "WO00021875-1", "HA": 0.032 }, "geometry": { "type": "MultiPolygon", "coordinates": [ [ [ [ 99.0018148, 2.9772916 ], [ 99.0016793, 2.9770599 ], [ 99.0017734, 2.9769607 ], [ 99.0018446, 2.9771293 ], [ 99.0018148, 2.9772916 ] ] ] ] } },
{ "type": "Feature", "properties": { "id": "WO00023059-1", "HA": 0.095 }, "geometry": { "type": "MultiPolygon", "coordinates": [ [ [ [ 99.1667921, 3.2872125 ], [ 99.1670037, 3.2874172 ], [ 99.1669763, 3.2876927 ], [ 99.1667705, 3.2876517 ], [ 99.1667921, 3.2872125 ] ] ] ] } },
{ "type": "Feature", "properties": { "id": "WO00024715-1", "HA": 0.14 }, "geometry": { "type": "MultiPolygon", "coordinates": [ [ [ [ 99.4695507, 2.6234375 ], [ 99.4686153, 2.6238979 ], [ 99.4686457, 2.623721 ], [ 99.4696501, 2.6233227 ], [ 99.4695507, 2.6234375 ] ] ] ] } },
{ "type": "Feature", "properties": { "id": "WP00023210-1", "HA": 0.094 }, "geometry": { "type": "MultiPolygon", "coordinates": [ [ [ [ 99.18503, 3.2547 ], [ 99.1849767, 3.254775 ], [ 99.1844683, 3.2547133 ], [ 99.1844383, 3.2545167 ], [ 99.18503, 3.2547 ] ] ] ] } },
{ "type": "Feature", "properties": { "id": "WP00023517-1", "HA": 0.246 }, "geometry": { "type": "MultiPolygon", "coordinates": [ [ [ [ 99.0813097, 3.4249663 ], [ 99.0806714, 3.42426 ], [ 99.0809266, 3.4241956 ], [ 99.0814673, 3.4248146 ], [ 99.0813097, 3.4249663 ] ] ] ] } },
{ "type": "Feature", "properties": { "id": "WQ00024203-1", "HA": 0.071 }, "geometry": { "type": "MultiPolygon", "coordinates": [ [ [ [ 99.1301, 2.8192717 ], [ 99.129915, 2.8191833 ], [ 99.1296333, 2.8189883 ], [ 99.1296517, 2.8187767 ], [ 99.1301, 2.8192717 ] ] ] ] } },
{ "type": "Feature", "properties": { "id": "WR00021375-1", "HA": 0.299 }, "geometry": { "type": "MultiPolygon", "coordinates": [ [ [ [ 99.0130367, 2.9594733 ], [ 99.0133033, 2.9593717 ], [ 99.013405, 2.9592083 ], [ 99.013775, 2.9592567 ], [ 99.0137533, 2.9596417 ], [ 99.0130683, 2.959655 ], [ 99.0130367, 2.9594733 ] ] ] ] } },
{ "type": "Feature", "properties": { "id": "WR00022358-2", "HA": 0.028 }, "geometry": { "type": "MultiPolygon", "coordinates": [ [ [ [ 99.1444833, 3.2081633 ], [ 99.1444567, 3.2080617 ], [ 99.1446367, 3.2079633 ], [ 99.14474, 3.2079933 ], [ 99.1444833, 3.2081633 ] ] ] ] } },
{ "type": "Feature", "properties": { "id": "WR00023046-1", "HA": 0.193 }, "geometry": { "type": "MultiPolygon", "coordinates": [ [ [ [ 98.9731036, 2.8120843 ], [ 98.973416, 2.8125732 ], [ 98.9733022, 2.81263 ], [ 98.9727554, 2.8123429 ], [ 98.9731036, 2.8120843 ] ] ] ] } },
{ "type": "Feature", "properties": { "id": "WS00023261-1", "HA": 0.035 }, "geometry": { "type": "MultiPolygon", "coordinates": [ [ [ [ 99.1801588, 3.2599207 ], [ 99.1802513, 3.2598973 ], [ 99.1804104, 3.2599723 ], [ 99.1802748, 3.2601264 ], [ 99.1801588, 3.2599207 ] ] ] ] } },
{ "type": "Feature", "properties": { "id": "WT00021495-1", "HA": 0.174 }, "geometry": { "type": "MultiPolygon", "coordinates": [ [ [ [ 99.1904979, 3.1429292 ], [ 99.1907461, 3.1429115 ], [ 99.1909463, 3.1434033 ], [ 99.1905486, 3.1433325 ], [ 99.1904979, 3.1429292 ] ] ] ] } },
{ "type": "Feature", "properties": { "id": "WU00024687-1", "HA": 0.077 }, "geometry": { "type": "MultiPolygon", "coordinates": [ [ [ [ 99.4640217, 2.58517 ], [ 99.4642867, 2.5853017 ], [ 99.4644067, 2.5854833 ], [ 99.4639367, 2.58534 ], [ 99.4640217, 2.58517 ] ] ] ] } },
{ "type": "Feature", "properties": { "id": "WV00024884-1", "HA": 0.142 }, "geometry": { "type": "MultiPolygon", "coordinates": [ [ [ [ 99.0485867, 3.4191767 ], [ 99.04898, 3.4190083 ], [ 99.0490733, 3.4192533 ], [ 99.04858, 3.41942 ], [ 99.0485867, 3.4191767 ] ] ] ] } },
{ "type": "Feature", "properties": { "id": "WW00021405-1", "HA": 0.075 }, "geometry": { "type": "MultiPolygon", "coordinates": [ [ [ [ 99.0169533, 2.96325 ], [ 99.0167133, 2.963305 ], [ 99.016575, 2.96341 ], [ 99.0165383, 2.9633183 ], [ 99.0166217, 2.9631433 ], [ 99.01699, 2.963165 ], [ 99.0169533, 2.96325 ] ] ] ] } },
{ "type": "Feature", "properties": { "id": "WW00021958-1", "HA": 0.033 }, "geometry": { "type": "MultiPolygon", "coordinates": [ [ [ [ 99.0194417, 2.9844917 ], [ 99.0194783, 2.9845817 ], [ 99.0193633, 2.9847383 ], [ 99.019255, 2.9845917 ], [ 99.0194417, 2.9844917 ] ] ] ] } },
{ "type": "Feature", "properties": { "id": "WX00022654-1", "HA": 0.348 }, "geometry": { "type": "MultiPolygon", "coordinates": [ [ [ [ 99.0642433, 2.791935 ], [ 99.0646217, 2.79207 ], [ 99.0645583, 2.7926617 ], [ 99.0640583, 2.79257 ], [ 99.0642433, 2.791935 ] ] ] ] } },
{ "type": "Feature", "properties": { "id": "WX00026317-1", "HA": 0.04 }, "geometry": { "type": "MultiPolygon", "coordinates": [ [ [ [ 99.0232367, 3.0026972 ], [ 99.023302, 3.0027716 ], [ 99.023053, 3.0030474 ], [ 99.0230775, 3.0028443 ], [ 99.0232367, 3.0026972 ] ] ] ] } },
{ "type": "Feature", "properties": { "id": "WY00021926-2", "HA": 0.047 }, "geometry": { "type": "MultiPolygon", "coordinates": [ [ [ [ 99.0068967, 2.985855 ], [ 99.0071983, 2.9859983 ], [ 99.0071533, 2.9860783 ], [ 99.0069067, 2.9860417 ], [ 99.0068967, 2.985855 ] ] ] ] } },
{ "type": "Feature", "properties": { "id": "WZ00022914-2", "HA": 0.087 }, "geometry": { "type": "MultiPolygon", "coordinates": [ [ [ [ 99.0462563, 2.8194946 ], [ 99.0464702, 2.8193298 ], [ 99.046699, 2.8196443 ], [ 99.0466576, 2.819712 ], [ 99.0462563, 2.8194946 ] ] ] ] } },
{ "type": "Feature", "properties": { "id": "XA00020667-1", "HA": 0.266 }, "geometry": { "type": "MultiPolygon", "coordinates": [ [ [ [ 99.042385, 3.4756783 ], [ 99.0428333, 3.4759583 ], [ 99.0427083, 3.4765633 ], [ 99.042345, 3.47596 ], [ 99.042385, 3.4756783 ] ] ] ] } },
{ "type": "Feature", "properties": { "id": "XA00021390-1", "HA": 0.172 }, "geometry": { "type": "MultiPolygon", "coordinates": [ [ [ [ 99.0062717, 2.9880267 ], [ 99.0065317, 2.98818 ], [ 99.006325, 2.988595 ], [ 99.00607, 2.9884983 ], [ 99.0062717, 2.9880267 ] ] ] ] } },
{ "type": "Feature", "properties": { "id": "XA00022637-1", "HA": 0.628 }, "geometry": { "type": "MultiPolygon", "coordinates": [ [ [ [ 99.7231517, 2.86999 ], [ 99.723635, 2.8704983 ], [ 99.7224683, 2.8707967 ], [ 99.7225667, 2.870265 ], [ 99.7231517, 2.86999 ] ] ] ] } },
{ "type": "Feature", "properties": { "id": "XB00021865-1", "HA": 0.247 }, "geometry": { "type": "MultiPolygon", "coordinates": [ [ [ [ 99.0265667, 2.9915053 ], [ 99.026835, 2.9913229 ], [ 99.0269905, 2.9920793 ], [ 99.026697, 2.9920862 ], [ 99.0265667, 2.9915053 ] ] ] ] } },
{ "type": "Feature", "properties": { "id": "XD00027288-1", "HA": 0.018 }, "geometry": { "type": "MultiPolygon", "coordinates": [ [ [ [ 99.01545, 2.8206033 ], [ 99.0152617, 2.8207917 ], [ 99.0152283, 2.8207033 ], [ 99.0153567, 2.820615 ], [ 99.01545, 2.8206033 ] ] ] ] } },
{ "type": "Feature", "properties": { "id": "XE00021816-1", "HA": 0.136 }, "geometry": { "type": "MultiPolygon", "coordinates": [ [ [ [ 99.1411283, 2.807595 ], [ 99.14152, 2.8075733 ], [ 99.1413117, 2.8079567 ], [ 99.1410417, 2.8078333 ], [ 99.1411283, 2.807595 ] ] ] ] } },
{ "type": "Feature", "properties": { "id": "XE00022308-1", "HA": 0.13 }, "geometry": { "type": "MultiPolygon", "coordinates": [ [ [ [ 99.16547, 3.2196617 ], [ 99.1657083, 3.2196683 ], [ 99.1657567, 3.219845 ], [ 99.165515, 3.220285 ], [ 99.16547, 3.2196617 ] ] ] ] } },
{ "type": "Feature", "properties": { "id": "XE00024824-1", "HA": 0.269 }, "geometry": { "type": "MultiPolygon", "coordinates": [ [ [ [ 99.4592433, 2.5962033 ], [ 99.4591617, 2.5955933 ], [ 99.4596483, 2.5956133 ], [ 99.4594983, 2.596185 ], [ 99.4592433, 2.5962033 ] ] ] ] } },
{ "type": "Feature", "properties": { "id": "XF00022480-1", "HA": 0.359 }, "geometry": { "type": "MultiPolygon", "coordinates": [ [ [ [ 99.1729209, 3.2105252 ], [ 99.1728294, 3.2111092 ], [ 99.1723497, 3.2107913 ], [ 99.1725877, 3.2101977 ], [ 99.1729209, 3.2105252 ] ] ] ] } },
{ "type": "Feature", "properties": { "id": "XF00023349-1", "HA": 0.6 }, "geometry": { "type": "MultiPolygon", "coordinates": [ [ [ [ 98.9534025, 3.1085046 ], [ 98.9541297, 3.1089197 ], [ 98.9540293, 3.1091479 ], [ 98.9528558, 3.1091707 ], [ 98.9534025, 3.1085046 ] ] ] ] } },
{ "type": "Feature", "properties": { "id": "XG00021945-1", "HA": 0.141 }, "geometry": { "type": "MultiPolygon", "coordinates": [ [ [ [ 99.0217271, 2.9896605 ], [ 99.0212603, 2.9898658 ], [ 99.0211022, 2.9896298 ], [ 99.0216104, 2.989517 ], [ 99.0217271, 2.9896605 ] ] ] ] } },
{ "type": "Feature", "properties": { "id": "XG00022674-2", "HA": 0.228 }, "geometry": { "type": "MultiPolygon", "coordinates": [ [ [ [ 99.0520433, 2.82159 ], [ 99.0524317, 2.8213067 ], [ 99.0527717, 2.8214567 ], [ 99.0523583, 2.8218283 ], [ 99.0520433, 2.82159 ] ] ] ] } },
{ "type": "Feature", "properties": { "id": "XL00022361-2", "HA": 0.184 }, "geometry": { "type": "MultiPolygon", "coordinates": [ [ [ [ 99.1771645, 3.218213 ], [ 99.1766185, 3.2181501 ], [ 99.17663, 3.2179384 ], [ 99.1770603, 3.2178162 ], [ 99.1771645, 3.218213 ] ] ] ] } },
{ "type": "Feature", "properties": { "id": "XM00023260-2", "HA": 0.112 }, "geometry": { "type": "MultiPolygon", "coordinates": [ [ [ [ 99.1790083, 3.26054 ], [ 99.1787817, 3.2605633 ], [ 99.1786067, 3.2605133 ], [ 99.1785233, 3.2603183 ], [ 99.1790483, 3.26037 ], [ 99.1790083, 3.26054 ] ] ] ] } },
{ "type": "Feature", "properties": { "id": "XM00023504-2", "HA": 0.139 }, "geometry": { "type": "MultiPolygon", "coordinates": [ [ [ [ 99.0522283, 3.4333483 ], [ 99.0524033, 3.4335283 ], [ 99.05198, 3.4338583 ], [ 99.05187, 3.4337117 ], [ 99.0522283, 3.4333483 ] ] ] ] } },
{ "type": "Feature", "properties": { "id": "XM00024785-1", "HA": 0.14 }, "geometry": { "type": "MultiPolygon", "coordinates": [ [ [ [ 99.458405, 2.5983883 ], [ 99.4579783, 2.59806 ], [ 99.4582217, 2.5978933 ], [ 99.4584783, 2.5981683 ], [ 99.458405, 2.5983883 ] ] ] ] } },
{ "type": "Feature", "properties": { "id": "XN00021091-3", "HA": 0.099 }, "geometry": { "type": "MultiPolygon", "coordinates": [ [ [ [ 99.037225, 3.471275 ], [ 99.0367783, 3.47123 ], [ 99.0368633, 3.4710167 ], [ 99.03721, 3.4710933 ], [ 99.037225, 3.471275 ] ] ] ] } },
{ "type": "Feature", "properties": { "id": "XN00021091-4", "HA": 0.115 }, "geometry": { "type": "MultiPolygon", "coordinates": [ [ [ [ 99.0368067, 3.4713733 ], [ 99.0371717, 3.4714117 ], [ 99.0371833, 3.4716 ], [ 99.0367083, 3.4716283 ], [ 99.0368067, 3.4713733 ] ] ] ] } },
{ "type": "Feature", "properties": { "id": "XN00023479-1", "HA": 0.084 }, "geometry": { "type": "MultiPolygon", "coordinates": [ [ [ [ 99.0548974, 3.4349811 ], [ 99.0553813, 3.4345587 ], [ 99.0554084, 3.4346836 ], [ 99.0552184, 3.4349196 ], [ 99.0548974, 3.4349811 ] ] ] ] } },
{ "type": "Feature", "properties": { "id": "XO00022262-2", "HA": 0.091 }, "geometry": { "type": "MultiPolygon", "coordinates": [ [ [ [ 99.010785, 3.0265467 ], [ 99.0107283, 3.026625 ], [ 99.01032, 3.0262817 ], [ 99.0104767, 3.0261633 ], [ 99.010785, 3.0265467 ] ] ] ] } },
{ "type": "Feature", "properties": { "id": "XO00022501-4", "HA": 0.123 }, "geometry": { "type": "MultiPolygon", "coordinates": [ [ [ [ 99.0860217, 3.1094917 ], [ 99.08599, 3.11008 ], [ 99.08592, 3.1101483 ], [ 99.0859233, 3.1098317 ], [ 99.0858283, 3.1098333 ], [ 99.08571, 3.1095283 ], [ 99.0860217, 3.1094917 ] ] ] ] } },
{ "type": "Feature", "properties": { "id": "XP00021973-1", "HA": 0.146 }, "geometry": { "type": "MultiPolygon", "coordinates": [ [ [ [ 99.0207906, 2.9899527 ], [ 99.0199148, 2.9900098 ], [ 99.019939, 2.9898455 ], [ 99.0207738, 2.9898396 ], [ 99.0207906, 2.9899527 ] ] ] ] } },
{ "type": "Feature", "properties": { "id": "XP00023830-1", "HA": 0.069 }, "geometry": { "type": "MultiPolygon", "coordinates": [ [ [ [ 99.318395, 2.6918333 ], [ 99.3185983, 2.69179 ], [ 99.3185983, 2.692105 ], [ 99.3184467, 2.6921433 ], [ 99.318395, 2.6918333 ] ] ] ] } },
{ "type": "Feature", "properties": { "id": "XQ00021554-1", "HA": 0.07 }, "geometry": { "type": "MultiPolygon", "coordinates": [ [ [ [ 99.107865, 3.0294183 ], [ 99.1079383, 3.0298733 ], [ 99.10772, 3.029525 ], [ 99.107695, 3.0293017 ], [ 99.1078133, 3.0293517 ], [ 99.107865, 3.0294183 ] ] ] ] } },
{ "type": "Feature", "properties": { "id": "XQ00025302-1", "HA": 0.053 }, "geometry": { "type": "MultiPolygon", "coordinates": [ [ [ [ 98.9521333, 3.1111483 ], [ 98.9520767, 3.11132 ], [ 98.9518033, 3.1113017 ], [ 98.9518833, 3.1111467 ], [ 98.9521333, 3.1111483 ] ] ] ] } },
{ "type": "Feature", "properties": { "id": "XR00021786-1", "HA": 0.237 }, "geometry": { "type": "MultiPolygon", "coordinates": [ [ [ [ 99.1016533, 2.760045 ], [ 99.1013817, 2.7596167 ], [ 99.1015033, 2.75948 ], [ 99.101845, 2.7598933 ], [ 99.1021283, 2.75982 ], [ 99.1022283, 2.7598283 ], [ 99.101945, 2.7601267 ], [ 99.1016533, 2.760045 ] ] ] ] } },
{ "type": "Feature", "properties": { "id": "XR00024573-1", "HA": 0.022 }, "geometry": { "type": "MultiPolygon", "coordinates": [ [ [ [ 98.952305, 3.3652417 ], [ 98.9519717, 3.3653 ], [ 98.9520767, 3.365205 ], [ 98.9522317, 3.3651817 ], [ 98.952305, 3.3652417 ] ] ] ] } },
{ "type": "Feature", "properties": { "id": "XT00021493-1", "HA": 0.106 }, "geometry": { "type": "MultiPolygon", "coordinates": [ [ [ [ 99.2021333, 3.1634383 ], [ 99.2022783, 3.16356 ], [ 99.201775, 3.163825 ], [ 99.2017583, 3.1636417 ], [ 99.2021333, 3.1634383 ] ] ] ] } },
{ "type": "Feature", "properties": { "id": "XT00022293-1", "HA": 0.036 }, "geometry": { "type": "MultiPolygon", "coordinates": [ [ [ [ 99.1556111, 3.2078834 ], [ 99.155288, 3.2079826 ], [ 99.1553402, 3.2079084 ], [ 99.15544, 3.2077536 ], [ 99.1556111, 3.2078834 ] ] ] ] } },
{ "type": "Feature", "properties": { "id": "XT00023487-1", "HA": 0.028 }, "geometry": { "type": "MultiPolygon", "coordinates": [ [ [ [ 99.0478701, 3.4281952 ], [ 99.0477547, 3.428174 ], [ 99.0477707, 3.428024 ], [ 99.047916, 3.427995 ], [ 99.0478701, 3.4281952 ] ] ] ] } },
{ "type": "Feature", "properties": { "id": "XT00024046-2", "HA": 0.06 }, "geometry": { "type": "MultiPolygon", "coordinates": [ [ [ [ 99.0035667, 2.9827867 ], [ 99.0037017, 2.9828983 ], [ 99.00369, 2.9832917 ], [ 99.0036217, 2.983365 ], [ 99.0035667, 2.9827867 ] ] ] ] } },
{ "type": "Feature", "properties": { "id": "XU00023381-3", "HA": 0.041 }, "geometry": { "type": "MultiPolygon", "coordinates": [ [ [ [ 99.1660031, 3.2853208 ], [ 99.1652646, 3.2853193 ], [ 99.1652395, 3.2852459 ], [ 99.1658943, 3.2852927 ], [ 99.1660031, 3.2853208 ] ] ] ] } },
{ "type": "Feature", "properties": { "id": "XU00024712-1", "HA": 0.072 }, "geometry": { "type": "MultiPolygon", "coordinates": [ [ [ [ 98.1864017, 3.4243433 ], [ 98.186315, 3.4243167 ], [ 98.18624, 3.4241967 ], [ 98.1861317, 3.42411 ], [ 98.1861483, 3.423955 ], [ 98.1862433, 3.423845 ], [ 98.1864017, 3.4243433 ] ] ] ] } },
{ "type": "Feature", "properties": { "id": "XV00020802-1", "HA": 0.412 }, "geometry": { "type": "MultiPolygon", "coordinates": [ [ [ [ 99.0667883, 3.4729083 ], [ 99.0657133, 3.4742867 ], [ 99.06557, 3.4741617 ], [ 99.0666033, 3.47282 ], [ 99.0667883, 3.4729083 ] ] ] ] } },
{ "type": "Feature", "properties": { "id": "XV00023190-3", "HA": 0.011 }, "geometry": { "type": "MultiPolygon", "coordinates": [ [ [ [ 99.1785656, 3.2541098 ], [ 99.1781813, 3.2540292 ], [ 99.1782564, 3.2539701 ], [ 99.1784036, 3.2540703 ], [ 99.1785656, 3.2541098 ] ] ] ] } },
{ "type": "Feature", "properties": { "id": "XX00023410-1", "HA": 0.1 }, "geometry": { "type": "MultiPolygon", "coordinates": [ [ [ [ 99.2193683, 3.30236 ], [ 99.21929, 3.3015817 ], [ 99.2193333, 3.3016633 ], [ 99.21956, 3.3022967 ], [ 99.2193683, 3.30236 ] ] ] ] } },
{ "type": "Feature", "properties": { "id": "XX00024598-1", "HA": 0.088 }, "geometry": { "type": "MultiPolygon", "coordinates": [ [ [ [ 98.1877741, 3.4248069 ], [ 98.1877254, 3.4244397 ], [ 98.1878256, 3.4243368 ], [ 98.188027, 3.4244768 ], [ 98.1877741, 3.4248069 ] ] ] ] } },
{ "type": "Feature", "properties": { "id": "XX00024743-1", "HA": 0.217 }, "geometry": { "type": "MultiPolygon", "coordinates": [ [ [ [ 99.4582367, 2.5989883 ], [ 99.4582167, 2.59908 ], [ 99.4578717, 2.599265 ], [ 99.4577633, 2.599015 ], [ 99.457605, 2.5985933 ], [ 99.4582367, 2.5989883 ] ] ] ] } },
{ "type": "Feature", "properties": { "id": "XY00023211-1", "HA": 0.136 }, "geometry": { "type": "MultiPolygon", "coordinates": [ [ [ [ 99.1676483, 3.24751 ], [ 99.1673267, 3.2474633 ], [ 99.167285, 3.2471933 ], [ 99.167675, 3.2471567 ], [ 99.1676483, 3.24751 ] ] ] ] } },
{ "type": "Feature", "properties": { "id": "XY00023513-1", "HA": 0.138 }, "geometry": { "type": "MultiPolygon", "coordinates": [ [ [ [ 99.0168133, 3.4887033 ], [ 99.0169117, 3.488715 ], [ 99.017, 3.4895867 ], [ 99.0168467, 3.4896133 ], [ 99.0168133, 3.4887033 ] ] ] ] } },
{ "type": "Feature", "properties": { "id": "XY00024616-1", "HA": 0.125 }, "geometry": { "type": "MultiPolygon", "coordinates": [ [ [ [ 99.4609336, 2.5779819 ], [ 99.4615834, 2.5782831 ], [ 99.4613639, 2.5784088 ], [ 99.4608834, 2.578061 ], [ 99.4609336, 2.5779819 ] ] ] ] } },
{ "type": "Feature", "properties": { "id": "XZ00021252-1", "HA": 0.328 }, "geometry": { "type": "MultiPolygon", "coordinates": [ [ [ [ 99.1882867, 3.1400983 ], [ 99.18824, 3.1405583 ], [ 99.187915, 3.1406533 ], [ 99.1877317, 3.1406517 ], [ 99.18773, 3.1401383 ], [ 99.1882867, 3.1400983 ] ] ] ] } },
{ "type": "Feature", "properties": { "id": "XZ00022802-1", "HA": 0.163 }, "geometry": { "type": "MultiPolygon", "coordinates": [ [ [ [ 99.0535017, 2.8059683 ], [ 99.0536467, 2.8058 ], [ 99.05398, 2.8058217 ], [ 99.054185, 2.8061883 ], [ 99.0535017, 2.8059683 ] ] ] ] } },
{ "type": "Feature", "properties": { "id": "YA00020761-1", "HA": 0.333 }, "geometry": { "type": "MultiPolygon", "coordinates": [ [ [ [ 99.0365183, 3.4558233 ], [ 99.036915, 3.4562967 ], [ 99.03661, 3.4565817 ], [ 99.0362133, 3.45641 ], [ 99.0365183, 3.4558233 ] ] ] ] } },
{ "type": "Feature", "properties": { "id": "YA00021911-2", "HA": 0.252 }, "geometry": { "type": "MultiPolygon", "coordinates": [ [ [ [ 99.019625, 2.99486 ], [ 99.0192183, 2.9959283 ], [ 99.0191367, 2.995795 ], [ 99.0193283, 2.9948783 ], [ 99.019625, 2.99486 ] ] ] ] } },
{ "type": "Feature", "properties": { "id": "YA00024582-1", "HA": 0.083 }, "geometry": { "type": "MultiPolygon", "coordinates": [ [ [ [ 98.9757131, 3.3767951 ], [ 98.976038, 3.3768165 ], [ 98.9759181, 3.3771644 ], [ 98.9758194, 3.3770786 ], [ 98.9757131, 3.3767951 ] ] ] ] } },
{ "type": "Feature", "properties": { "id": "YB00021897-1", "HA": 0.097 }, "geometry": { "type": "MultiPolygon", "coordinates": [ [ [ [ 99.0114317, 2.9815433 ], [ 99.011045, 2.9816917 ], [ 99.0109433, 2.9815083 ], [ 99.0113133, 2.9813883 ], [ 99.0114317, 2.9815433 ] ] ] ] } },
{ "type": "Feature", "properties": { "id": "YB00023802-1", "HA": 0.088 }, "geometry": { "type": "MultiPolygon", "coordinates": [ [ [ [ 99.3767147, 2.7366694 ], [ 99.3765405, 2.7363626 ], [ 99.3769625, 2.7366045 ], [ 99.3767977, 2.7368747 ], [ 99.3767147, 2.7366694 ] ] ] ] } },
{ "type": "Feature", "properties": { "id": "YC00021087-1", "HA": 0.219 }, "geometry": { "type": "MultiPolygon", "coordinates": [ [ [ [ 99.0599967, 3.46285 ], [ 99.0595383, 3.4625383 ], [ 99.0596117, 3.4624167 ], [ 99.0599333, 3.462355 ], [ 99.0600233, 3.4624417 ], [ 99.0601983, 3.462575 ], [ 99.0599967, 3.46285 ] ] ] ] } },
{ "type": "Feature", "properties": { "id": "YC00021087-4", "HA": 0.313 }, "geometry": { "type": "MultiPolygon", "coordinates": [ [ [ [ 99.0607099, 3.4630722 ], [ 99.0608196, 3.4629119 ], [ 99.062066, 3.4634198 ], [ 99.0620151, 3.4635939 ], [ 99.0607099, 3.4630722 ] ] ] ] } },
{ "type": "Feature", "properties": { "id": "YC00021583-1", "HA": 0.212 }, "geometry": { "type": "MultiPolygon", "coordinates": [ [ [ [ 98.9886183, 2.9941633 ], [ 98.9887767, 2.993715 ], [ 98.9891717, 2.9942083 ], [ 98.9887967, 2.99434 ], [ 98.9886183, 2.9941633 ] ] ] ] } },
{ "type": "Feature", "properties": { "id": "YD00022512-1", "HA": 0.207 }, "geometry": { "type": "MultiPolygon", "coordinates": [ [ [ [ 99.0753, 3.1244967 ], [ 99.0753583, 3.12488 ], [ 99.07474, 3.1248883 ], [ 99.0747567, 3.1247 ], [ 99.0753, 3.1244967 ] ] ] ] } },
{ "type": "Feature", "properties": { "id": "YE00022189-1", "HA": 0.148 }, "geometry": { "type": "MultiPolygon", "coordinates": [ [ [ [ 99.0137617, 3.026405 ], [ 99.0136183, 3.0267467 ], [ 99.013235, 3.0265533 ], [ 99.013495, 3.0263233 ], [ 99.0137617, 3.026405 ] ] ] ] } },
{ "type": "Feature", "properties": { "id": "YE00024777-1", "HA": 0.155 }, "geometry": { "type": "MultiPolygon", "coordinates": [ [ [ [ 98.19274, 3.443845 ], [ 98.1925983, 3.4441317 ], [ 98.1921083, 3.4442833 ], [ 98.1922517, 3.4439717 ], [ 98.19274, 3.443845 ] ] ] ] } },
{ "type": "Feature", "properties": { "id": "YF00021271-2", "HA": 0.036 }, "geometry": { "type": "MultiPolygon", "coordinates": [ [ [ [ 99.20727, 3.1632567 ], [ 99.206905, 3.16324 ], [ 99.206905, 3.1631433 ], [ 99.2073267, 3.1632117 ], [ 99.20727, 3.1632567 ] ] ] ] } },
{ "type": "Feature", "properties": { "id": "YF00026193-1", "HA": 0.023 }, "geometry": { "type": "MultiPolygon", "coordinates": [ [ [ [ 99.003265, 3.0025317 ], [ 99.0031217, 3.002615 ], [ 99.002945, 3.0026183 ], [ 99.002985, 3.0025367 ], [ 99.003265, 3.0025317 ] ] ] ] } },
{ "type": "Feature", "properties": { "id": "YH00023540-3", "HA": 0.137 }, "geometry": { "type": "MultiPolygon", "coordinates": [ [ [ [ 99.0762367, 3.4787683 ], [ 99.0764467, 3.4784467 ], [ 99.0766433, 3.47858 ], [ 99.0766183, 3.4789167 ], [ 99.0762367, 3.4787683 ] ] ] ] } },
{ "type": "Feature", "properties": { "id": "YI00017025-1", "HA": 945.545 }, "geometry": { "type": "MultiPolygon", "coordinates": [ [ [ [ 99.3869797, 2.6908755 ], [ 99.3724352, 2.6838702 ], [ 99.3721972, 2.6730744 ], [ 99.3542348, 2.6780177 ], [ 99.3539804, 2.6873539 ], [ 99.3342402, 2.6655129 ], [ 99.3410867, 2.6575222 ], [ 99.3922159, 2.6764178 ], [ 99.3869797, 2.6908755 ] ] ] ] } },
{ "type": "Feature", "properties": { "id": "YI00023106-1", "HA": 0.031 }, "geometry": { "type": "MultiPolygon", "coordinates": [ [ [ [ 99.1659242, 3.2826935 ], [ 99.1658364, 3.2827217 ], [ 99.1655074, 3.2827669 ], [ 99.1654517, 3.2826692 ], [ 99.1659242, 3.2826935 ] ] ] ] } },
{ "type": "Feature", "properties": { "id": "YI00023508-2", "HA": 0.028 }, "geometry": { "type": "MultiPolygon", "coordinates": [ [ [ [ 99.0383583, 3.4367633 ], [ 99.038265, 3.4368567 ], [ 99.03819, 3.4368033 ], [ 99.038085, 3.4366317 ], [ 99.0383583, 3.4367633 ] ] ] ] } },
{ "type": "Feature", "properties": { "id": "YI00025007-1", "HA": 0.086 }, "geometry": { "type": "MultiPolygon", "coordinates": [ [ [ [ 98.9964633, 3.0110963 ], [ 98.9965934, 3.0108249 ], [ 98.9967591, 3.0110987 ], [ 98.996855, 3.0113018 ], [ 98.9964633, 3.0110963 ] ] ] ] } },
{ "type": "Feature", "properties": { "id": "YI00025215-1", "HA": 0.118 }, "geometry": { "type": "MultiPolygon", "coordinates": [ [ [ [ 99.1828208, 3.2355133 ], [ 99.1829098, 3.2357847 ], [ 99.1826354, 3.2359033 ], [ 99.18247, 3.2356767 ], [ 99.1828208, 3.2355133 ] ] ] ] } },
{ "type": "Feature", "properties": { "id": "YJ00021148-1", "HA": 0.098 }, "geometry": { "type": "MultiPolygon", "coordinates": [ [ [ [ 99.05211, 3.444675 ], [ 99.05197, 3.4450233 ], [ 99.0517433, 3.444795 ], [ 99.0519283, 3.4446017 ], [ 99.05211, 3.444675 ] ] ] ] } },
{ "type": "Feature", "properties": { "id": "YJ00023340-2", "HA": 0.061 }, "geometry": { "type": "MultiPolygon", "coordinates": [ [ [ [ 99.1034117, 3.2971283 ], [ 99.103555, 3.2968633 ], [ 99.1036833, 3.296775 ], [ 99.103755, 3.29697 ], [ 99.1034117, 3.2971283 ] ] ] ] } },
{ "type": "Feature", "properties": { "id": "YJ00023727-1", "HA": 0.019 }, "geometry": { "type": "MultiPolygon", "coordinates": [ [ [ [ 99.3347657, 2.6623404 ], [ 99.3349728, 2.6619996 ], [ 99.3350629, 2.6620114 ], [ 99.3349831, 2.6620908 ], [ 99.3347657, 2.6623404 ] ] ] ] } },
{ "type": "Feature", "properties": { "id": "YJ00026233-1", "HA": 0.075 }, "geometry": { "type": "MultiPolygon", "coordinates": [ [ [ [ 99.0231964, 3.0035472 ], [ 99.023061, 3.0033801 ], [ 99.0230589, 3.0031962 ], [ 99.0232837, 3.0030615 ], [ 99.0231964, 3.0035472 ] ] ] ] } },
{ "type": "Feature", "properties": { "id": "YK00025786-1", "HA": 0.138 }, "geometry": { "type": "MultiPolygon", "coordinates": [ [ [ [ 99.0027783, 2.8037567 ], [ 99.00233, 2.8034617 ], [ 99.002575, 2.80324 ], [ 99.0027967, 2.803545 ], [ 99.0027783, 2.8037567 ] ] ] ] } },
{ "type": "Feature", "properties": { "id": "YL00026070-1", "HA": 0.096 }, "geometry": { "type": "MultiPolygon", "coordinates": [ [ [ [ 99.0248267, 3.006695 ], [ 99.0250883, 3.0066017 ], [ 99.0251683, 3.0068983 ], [ 99.0249083, 3.00695 ], [ 99.0248267, 3.006695 ] ] ] ] } },
{ "type": "Feature", "properties": { "id": "YM00021567-1", "HA": 0.186 }, "geometry": { "type": "MultiPolygon", "coordinates": [ [ [ [ 98.989265, 2.9949133 ], [ 98.98948, 2.99471 ], [ 98.989855, 2.9946167 ], [ 98.9895783, 2.9951733 ], [ 98.989265, 2.9949133 ] ] ] ] } },
{ "type": "Feature", "properties": { "id": "YM00023845-1", "HA": 0.003 }, "geometry": { "type": "MultiPolygon", "coordinates": [ [ [ [ 99.0096583, 3.0047067 ], [ 99.0096583, 3.0047067 ], [ 99.0095283, 3.0048217 ], [ 99.00943, 3.0048667 ], [ 99.0096583, 3.0047067 ] ] ] ] } },
{ "type": "Feature", "properties": { "id": "YO00021952-2", "HA": 0.114 }, "geometry": { "type": "MultiPolygon", "coordinates": [ [ [ [ 99.010917, 2.9793966 ], [ 99.0109716, 2.9791581 ], [ 99.0111376, 2.9790919 ], [ 99.0113605, 2.9794647 ], [ 99.010917, 2.9793966 ] ] ] ] } },
{ "type": "Feature", "properties": { "id": "YO00022995-1", "HA": 0.339 }, "geometry": { "type": "MultiPolygon", "coordinates": [ [ [ [ 99.0378983, 2.8172333 ], [ 99.03741, 2.817705 ], [ 99.037115, 2.817665 ], [ 99.0372317, 2.8171 ], [ 99.0378983, 2.8172333 ] ] ] ] } },
{ "type": "Feature", "properties": { "id": "YP00024972-1", "HA": 0.047 }, "geometry": { "type": "MultiPolygon", "coordinates": [ [ [ [ 98.9835978, 3.3911665 ], [ 98.9831529, 3.3910178 ], [ 98.9830455, 3.3908237 ], [ 98.9832879, 3.3909627 ], [ 98.9835978, 3.3911665 ] ] ] ] } },
{ "type": "Feature", "properties": { "id": "YQ00023103-1", "HA": 0.108 }, "geometry": { "type": "MultiPolygon", "coordinates": [ [ [ [ 99.1643467, 3.2805783 ], [ 99.164325, 3.280315 ], [ 99.1647033, 3.2802667 ], [ 99.16467, 3.28045 ], [ 99.1645883, 3.28049 ], [ 99.1645483, 3.2805767 ], [ 99.1643467, 3.2805783 ] ] ] ] } },
{ "type": "Feature", "properties": { "id": "YQ00023809-2", "HA": 0.25 }, "geometry": { "type": "MultiPolygon", "coordinates": [ [ [ [ 99.3771986, 2.7258115 ], [ 99.3768727, 2.7259709 ], [ 99.3766246, 2.7255908 ], [ 99.377026, 2.7253219 ], [ 99.3771986, 2.7258115 ] ] ] ] } },
{ "type": "Feature", "properties": { "id": "YR00023129-3", "HA": 0.411 }, "geometry": { "type": "MultiPolygon", "coordinates": [ [ [ [ 99.1671735, 3.2623279 ], [ 99.1672415, 3.2624756 ], [ 99.1668034, 3.2624942 ], [ 99.1662456, 3.2620008 ], [ 99.1665298, 3.2617486 ], [ 99.1671735, 3.2623279 ] ] ] ] } },
{ "type": "Feature", "properties": { "id": "YR00023502-1", "HA": 0.291 }, "geometry": { "type": "MultiPolygon", "coordinates": [ [ [ [ 99.051575, 3.4388283 ], [ 99.0525867, 3.4382217 ], [ 99.05187, 3.4390917 ], [ 99.05176, 3.4390883 ], [ 99.051575, 3.4388283 ] ] ] ] } },
{ "type": "Feature", "properties": { "id": "YT00021103-1", "HA": 0.669 }, "geometry": { "type": "MultiPolygon", "coordinates": [ [ [ [ 99.0502584, 3.469692 ], [ 99.0497996, 3.4700207 ], [ 99.0492365, 3.4691038 ], [ 99.0495764, 3.4688273 ], [ 99.0502584, 3.469692 ] ] ] ] } },
{ "type": "Feature", "properties": { "id": "YT00027250-1", "HA": 0.042 }, "geometry": { "type": "MultiPolygon", "coordinates": [ [ [ [ 99.0291033, 2.8228533 ], [ 99.0290483, 2.823035 ], [ 99.028865, 2.8230533 ], [ 99.0286883, 2.8230533 ], [ 99.0291033, 2.8228533 ] ] ] ] } },
{ "type": "Feature", "properties": { "id": "YU00023105-1", "HA": 0.14 }, "geometry": { "type": "MultiPolygon", "coordinates": [ [ [ [ 99.1641915, 3.2760811 ], [ 99.163672, 3.2760544 ], [ 99.1639266, 3.2757379 ], [ 99.1642089, 3.2758921 ], [ 99.1641915, 3.2760811 ] ] ] ] } },
{ "type": "Feature", "properties": { "id": "YU00023492-1", "HA": 0.064 }, "geometry": { "type": "MultiPolygon", "coordinates": [ [ [ [ 99.0443374, 3.4374036 ], [ 99.0444255, 3.437748 ], [ 99.0443039, 3.4377387 ], [ 99.0441214, 3.4376603 ], [ 99.0443374, 3.4374036 ] ] ] ] } },
{ "type": "Feature", "properties": { "id": "YU00024670-1", "HA": 0.272 }, "geometry": { "type": "MultiPolygon", "coordinates": [ [ [ [ 99.464395, 2.5844483 ], [ 99.4646383, 2.584495 ], [ 99.464575, 2.58508 ], [ 99.4641317, 2.5851733 ], [ 99.464395, 2.5844483 ] ] ] ] } },
{ "type": "Feature", "properties": { "id": "YV00020662-1", "HA": 0.386 }, "geometry": { "type": "MultiPolygon", "coordinates": [ [ [ [ 99.0306267, 3.4508817 ], [ 99.0312017, 3.4499817 ], [ 99.0314633, 3.4501317 ], [ 99.0307833, 3.4511083 ], [ 99.0306267, 3.4508817 ] ] ] ] } },
{ "type": "Feature", "properties": { "id": "YV00021417-1", "HA": 0.121 }, "geometry": { "type": "MultiPolygon", "coordinates": [ [ [ [ 99.0152744, 2.9551031 ], [ 99.0155152, 2.9550282 ], [ 99.0156971, 2.9555173 ], [ 99.0155475, 2.9555266 ], [ 99.0152744, 2.9551031 ] ] ] ] } },
{ "type": "Feature", "properties": { "id": "YV00021932-1", "HA": 0.256 }, "geometry": { "type": "MultiPolygon", "coordinates": [ [ [ [ 99.012635, 2.9762383 ], [ 99.0131517, 2.976095 ], [ 99.0132183, 2.9764283 ], [ 99.0128283, 2.9767033 ], [ 99.012635, 2.9762383 ] ] ] ] } },
{ "type": "Feature", "properties": { "id": "YV00021988-1", "HA": 0.062 }, "geometry": { "type": "MultiPolygon", "coordinates": [ [ [ [ 99.011985, 2.9776 ], [ 99.0119433, 2.9781433 ], [ 99.011835, 2.9779983 ], [ 99.0118917, 2.9776067 ], [ 99.011985, 2.9776 ] ] ] ] } },
{ "type": "Feature", "properties": { "id": "YV00023679-1", "HA": 0.035 }, "geometry": { "type": "MultiPolygon", "coordinates": [ [ [ [ 99.3524248, 2.6615889 ], [ 99.3526381, 2.6611625 ], [ 99.3526908, 2.6612385 ], [ 99.3526719, 2.6613346 ], [ 99.3524248, 2.6615889 ] ] ] ] } },
{ "type": "Feature", "properties": { "id": "YV00026394-1", "HA": 0.016 }, "geometry": { "type": "MultiPolygon", "coordinates": [ [ [ [ 99.0464064, 3.0068087 ], [ 99.0463034, 3.0067125 ], [ 99.0464027, 3.0066368 ], [ 99.046452, 3.0067301 ], [ 99.0464064, 3.0068087 ] ] ] ] } },
{ "type": "Feature", "properties": { "id": "YW00021894-1", "HA": 0.16 }, "geometry": { "type": "MultiPolygon", "coordinates": [ [ [ [ 99.018271, 2.9932731 ], [ 99.0183483, 2.9926523 ], [ 99.0184199, 2.9927253 ], [ 99.0186138, 2.9934253 ], [ 99.018271, 2.9932731 ] ] ] ] } },
{ "type": "Feature", "properties": { "id": "YW00026384-2", "HA": 0.155 }, "geometry": { "type": "MultiPolygon", "coordinates": [ [ [ [ 99.0316194, 3.0045652 ], [ 99.0311466, 3.0041605 ], [ 99.0313883, 3.004047 ], [ 99.0317303, 3.0043805 ], [ 99.0316194, 3.0045652 ] ] ] ] } },
{ "type": "Feature", "properties": { "id": "YX00025018-1", "HA": 0.107 }, "geometry": { "type": "MultiPolygon", "coordinates": [ [ [ [ 99.0053953, 3.0179768 ], [ 99.0051526, 3.018181 ], [ 99.0050555, 3.0183565 ], [ 99.0050467, 3.0177892 ], [ 99.0053953, 3.0179768 ] ] ] ] } },
{ "type": "Feature", "properties": { "id": "YY00021822-1", "HA": 0.126 }, "geometry": { "type": "MultiPolygon", "coordinates": [ [ [ [ 99.1181533, 2.7787283 ], [ 99.1183483, 2.7785067 ], [ 99.1185833, 2.7787033 ], [ 99.1184867, 2.7789767 ], [ 99.1181533, 2.7787283 ] ] ] ] } },
{ "type": "Feature", "properties": { "id": "YY00021906-3", "HA": 0.153 }, "geometry": { "type": "MultiPolygon", "coordinates": [ [ [ [ 99.00345, 2.9827817 ], [ 99.0033683, 2.98301 ], [ 99.0029417, 2.9824383 ], [ 99.0031167, 2.98235 ], [ 99.00345, 2.9827817 ] ] ] ] } },
{ "type": "Feature", "properties": { "id": "YZ00021730-1", "HA": 0.084 }, "geometry": { "type": "MultiPolygon", "coordinates": [ [ [ [ 99.1824722, 2.8224718 ], [ 99.182536, 2.8224016 ], [ 99.1825137, 2.8230774 ], [ 99.1823625, 2.8231515 ], [ 99.1824722, 2.8224718 ] ] ] ] } },
{ "type": "Feature", "properties": { "id": "YZ00022640-1", "HA": 0.024 }, "geometry": { "type": "MultiPolygon", "coordinates": [ [ [ [ 99.730705, 2.874755 ], [ 99.7308067, 2.8748783 ], [ 99.7306383, 2.87491 ], [ 99.7305733, 2.8748283 ], [ 99.730705, 2.874755 ] ] ] ] } },
{ "type": "Feature", "properties": { "id": "YZ00023181-1", "HA": 0.035 }, "geometry": { "type": "MultiPolygon", "coordinates": [ [ [ [ 98.969185, 2.92943 ], [ 98.96834, 2.9289533 ], [ 98.9689417, 2.9292383 ], [ 98.9688283, 2.9291017 ], [ 98.969185, 2.92943 ] ] ] ] } },
{ "type": "Feature", "properties": { "id": "YZ00024985-1", "HA": 0.102 }, "geometry": { "type": "MultiPolygon", "coordinates": [ [ [ [ 98.94501, 2.958975 ], [ 98.9444083, 2.9591083 ], [ 98.9443967, 2.95891 ], [ 98.9449533, 2.9588967 ], [ 98.94501, 2.958975 ] ] ] ] } },
{ "type": "Feature", "properties": { "id": "ZA00021378-1", "HA": 0.047 }, "geometry": { "type": "MultiPolygon", "coordinates": [ [ [ [ 99.0162317, 2.9784067 ], [ 99.01623, 2.978505 ], [ 99.0161017, 2.97845 ], [ 99.0161017, 2.97845 ], [ 99.015915, 2.9784 ], [ 99.015905, 2.978245 ], [ 99.0162317, 2.9784067 ] ] ] ] } },
{ "type": "Feature", "properties": { "id": "ZA00021632-1", "HA": 0.308 }, "geometry": { "type": "MultiPolygon", "coordinates": [ [ [ [ 99.0991357, 2.8059583 ], [ 99.0989341, 2.8063183 ], [ 99.098485, 2.8060458 ], [ 99.0985893, 2.805595 ], [ 99.0991357, 2.8059583 ] ] ] ] } },
{ "type": "Feature", "properties": { "id": "ZA00023489-1", "HA": 0.455 }, "geometry": { "type": "MultiPolygon", "coordinates": [ [ [ [ 99.0461693, 3.4255691 ], [ 99.0466579, 3.4254607 ], [ 99.0470019, 3.4260718 ], [ 99.0466577, 3.4263501 ], [ 99.0461693, 3.4255691 ] ] ] ] } },
{ "type": "Feature", "properties": { "id": "ZB00021318-1", "HA": 0.104 }, "geometry": { "type": "MultiPolygon", "coordinates": [ [ [ [ 99.2009074, 3.1621731 ], [ 99.2007157, 3.1616718 ], [ 99.2008045, 3.161629 ], [ 99.2010849, 3.1619816 ], [ 99.2009074, 3.1621731 ] ] ] ] } },
{ "type": "Feature", "properties": { "id": "ZB00022123-2", "HA": 0.112 }, "geometry": { "type": "MultiPolygon", "coordinates": [ [ [ [ 99.0035017, 3.0019867 ], [ 99.0035133, 3.0016717 ], [ 99.003835, 3.0017217 ], [ 99.0038083, 3.0019833 ], [ 99.0035017, 3.0019867 ] ] ] ] } },
{ "type": "Feature", "properties": { "id": "ZD00021426-1", "HA": 0.609 }, "geometry": { "type": "MultiPolygon", "coordinates": [ [ [ [ 99.0185217, 2.9569167 ], [ 99.0176333, 2.956595 ], [ 99.0177567, 2.9561883 ], [ 99.0185033, 2.9561283 ], [ 99.0185217, 2.9569167 ] ] ] ] } },
{ "type": "Feature", "properties": { "id": "ZD00023220-1", "HA": 0.133 }, "geometry": { "type": "MultiPolygon", "coordinates": [ [ [ [ 99.1876583, 3.2558817 ], [ 99.1877233, 3.2555767 ], [ 99.1881067, 3.2555433 ], [ 99.188035, 3.2558233 ], [ 99.1876583, 3.2558817 ] ] ] ] } },
{ "type": "Feature", "properties": { "id": "ZD00024784-3", "HA": 0.168 }, "geometry": { "type": "MultiPolygon", "coordinates": [ [ [ [ 98.181955, 3.4284283 ], [ 98.1817483, 3.42806 ], [ 98.1820483, 3.42796 ], [ 98.1823133, 3.42815 ], [ 98.181955, 3.4284283 ] ] ] ] } },
{ "type": "Feature", "properties": { "id": "ZE00021793-2", "HA": 0.025 }, "geometry": { "type": "MultiPolygon", "coordinates": [ [ [ [ 99.1305483, 2.81907 ], [ 99.1301517, 2.8192367 ], [ 99.13026, 2.8189967 ], [ 99.1303267, 2.8191417 ], [ 99.1305483, 2.81907 ] ] ] ] } },
{ "type": "Feature", "properties": { "id": "ZE00022523-1", "HA": 0.02 }, "geometry": { "type": "MultiPolygon", "coordinates": [ [ [ [ 99.144895, 3.1915933 ], [ 99.144875, 3.1919183 ], [ 99.1448517, 3.1918267 ], [ 99.1448033, 3.191555 ], [ 99.144895, 3.1915933 ] ] ] ] } },
{ "type": "Feature", "properties": { "id": "ZF00022334-1", "HA": 0.18 }, "geometry": { "type": "MultiPolygon", "coordinates": [ [ [ [ 99.1501167, 3.205935 ], [ 99.1498733, 3.2060517 ], [ 99.1497167, 3.20543 ], [ 99.1499283, 3.20539 ], [ 99.1501167, 3.205935 ] ] ] ] } },
{ "type": "Feature", "properties": { "id": "ZF00022652-1", "HA": 0.214 }, "geometry": { "type": "MultiPolygon", "coordinates": [ [ [ [ 99.7256983, 2.8809033 ], [ 99.7258267, 2.8814033 ], [ 99.7256233, 2.8816117 ], [ 99.7253033, 2.8817017 ], [ 99.7256983, 2.8809033 ] ] ] ] } },
{ "type": "Feature", "properties": { "id": "ZF00022799-1", "HA": 0.128 }, "geometry": { "type": "MultiPolygon", "coordinates": [ [ [ [ 99.0541267, 2.82523 ], [ 99.05455, 2.8257367 ], [ 99.0545717, 2.8258483 ], [ 99.054305, 2.825765 ], [ 99.0540717, 2.8253117 ], [ 99.0541267, 2.82523 ] ] ] ] } },
{ "type": "Feature", "properties": { "id": "ZG00022801-3", "HA": 0.051 }, "geometry": { "type": "MultiPolygon", "coordinates": [ [ [ [ 99.014314, 2.8208339 ], [ 99.0143351, 2.8212201 ], [ 99.0141891, 2.821279 ], [ 99.0141853, 2.8210918 ], [ 99.014314, 2.8208339 ] ] ] ] } },
{ "type": "Feature", "properties": { "id": "ZH00020689-1", "HA": 0.127 }, "geometry": { "type": "MultiPolygon", "coordinates": [ [ [ [ 99.0387983, 3.4714867 ], [ 99.03891, 3.4711 ], [ 99.039155, 3.47105 ], [ 99.039165, 3.4711433 ], [ 99.039155, 3.471245 ], [ 99.03897, 3.4715017 ], [ 99.0387983, 3.4714867 ] ] ] ] } },
{ "type": "Feature", "properties": { "id": "ZH00020689-2", "HA": 0.305 }, "geometry": { "type": "MultiPolygon", "coordinates": [ [ [ [ 99.0393283, 3.4714267 ], [ 99.0402067, 3.4716633 ], [ 99.0400183, 3.4718867 ], [ 99.0396867, 3.471785 ], [ 99.0395433, 3.4719533 ], [ 99.0394467, 3.47197 ], [ 99.0394783, 3.47188 ], [ 99.039355, 3.4717433 ], [ 99.0393283, 3.4714267 ] ] ] ] } },
{ "type": "Feature", "properties": { "id": "ZH00023224-1", "HA": 0.485 }, "geometry": { "type": "MultiPolygon", "coordinates": [ [ [ [ 98.965875, 2.9373383 ], [ 98.9651267, 2.937055 ], [ 98.9653833, 2.936475 ], [ 98.9658067, 2.936645 ], [ 98.965875, 2.9373383 ] ] ] ] } },
{ "type": "Feature", "properties": { "id": "ZJ00021147-1", "HA": 0.181 }, "geometry": { "type": "MultiPolygon", "coordinates": [ [ [ [ 99.0506717, 3.4414567 ], [ 99.050325, 3.4418933 ], [ 99.0502033, 3.4417567 ], [ 99.0504383, 3.44119 ], [ 99.0506717, 3.4414567 ] ] ] ] } },
{ "type": "Feature", "properties": { "id": "ZJ00023111-1", "HA": 0.024 }, "geometry": { "type": "MultiPolygon", "coordinates": [ [ [ [ 99.17356, 3.2751467 ], [ 99.173295, 3.2751267 ], [ 99.1734883, 3.2749933 ], [ 99.17348, 3.2749717 ], [ 99.17356, 3.2751467 ] ] ] ] } },
{ "type": "Feature", "properties": { "id": "ZJ00023684-2", "HA": 0.079 }, "geometry": { "type": "MultiPolygon", "coordinates": [ [ [ [ 99.347175, 2.6591667 ], [ 99.347265, 2.659505 ], [ 99.3471017, 2.6595733 ], [ 99.3469783, 2.6593467 ], [ 99.347175, 2.6591667 ] ] ] ] } },
{ "type": "Feature", "properties": { "id": "ZK00022011-1", "HA": 0.135 }, "geometry": { "type": "MultiPolygon", "coordinates": [ [ [ [ 99.1417483, 2.8138933 ], [ 99.1418783, 2.814075 ], [ 99.1417817, 2.8143767 ], [ 99.141445, 2.8143567 ], [ 99.1417483, 2.8138933 ] ] ] ] } },
{ "type": "Feature", "properties": { "id": "ZK00022286-1", "HA": 0.16 }, "geometry": { "type": "MultiPolygon", "coordinates": [ [ [ [ 99.16308, 3.2234067 ], [ 99.1629067, 3.22374 ], [ 99.1626933, 3.2235933 ], [ 99.1626833, 3.2231733 ], [ 99.16308, 3.2234067 ] ] ] ] } },
{ "type": "Feature", "properties": { "id": "ZM00022276-1", "HA": 0.293 }, "geometry": { "type": "MultiPolygon", "coordinates": [ [ [ [ 99.1636223, 3.2124925 ], [ 99.1642982, 3.2122833 ], [ 99.164333, 3.2128519 ], [ 99.163971, 3.2127875 ], [ 99.1636223, 3.2124925 ] ] ] ] } },
{ "type": "Feature", "properties": { "id": "ZN00022149-1", "HA": 0.15 }, "geometry": { "type": "MultiPolygon", "coordinates": [ [ [ [ 99.0428567, 2.82318 ], [ 99.0430917, 2.8229333 ], [ 99.0435283, 2.823325 ], [ 99.0435817, 2.8234017 ], [ 99.0428567, 2.82318 ] ] ] ] } },
{ "type": "Feature", "properties": { "id": "ZP00020776-1", "HA": 0.177 }, "geometry": { "type": "MultiPolygon", "coordinates": [ [ [ [ 99.084855, 3.4573333 ], [ 99.0850583, 3.4573933 ], [ 99.08514, 3.457435 ], [ 99.08497, 3.4579033 ], [ 99.0847533, 3.4579867 ], [ 99.0847533, 3.4579867 ], [ 99.084855, 3.4573333 ] ] ] ] } },
{ "type": "Feature", "properties": { "id": "ZP00022310-1", "HA": 0.301 }, "geometry": { "type": "MultiPolygon", "coordinates": [ [ [ [ 99.0486967, 2.8256783 ], [ 99.0488067, 2.8262067 ], [ 99.04842, 2.8264417 ], [ 99.0482167, 2.8262167 ], [ 99.0483433, 2.8259883 ], [ 99.0486967, 2.8256783 ] ] ] ] } },
{ "type": "Feature", "properties": { "id": "ZQ00021104-1", "HA": 0.168 }, "geometry": { "type": "MultiPolygon", "coordinates": [ [ [ [ 99.0561217, 3.437445 ], [ 99.0559633, 3.43768 ], [ 99.0558483, 3.4378183 ], [ 99.05589, 3.4379 ], [ 99.0556183, 3.438185 ], [ 99.055475, 3.4379033 ], [ 99.0561217, 3.437445 ] ] ] ] } },
{ "type": "Feature", "properties": { "id": "ZR00021997-1", "HA": 0.116 }, "geometry": { "type": "MultiPolygon", "coordinates": [ [ [ [ 98.9900767, 2.9932167 ], [ 98.9901183, 2.9933033 ], [ 98.9898217, 2.9935967 ], [ 98.98947, 2.9935267 ], [ 98.9900767, 2.9932167 ] ] ] ] } },
{ "type": "Feature", "properties": { "id": "ZR00023177-1", "HA": 0.004 }, "geometry": { "type": "MultiPolygon", "coordinates": [ [ [ [ 99.1813233, 3.258145 ], [ 99.181255, 3.2582067 ], [ 99.18129, 3.2581233 ], [ 99.181365, 3.25807 ], [ 99.1813233, 3.258145 ] ] ] ] } },
{ "type": "Feature", "properties": { "id": "ZS00021031-1", "HA": 0.171 }, "geometry": { "type": "MultiPolygon", "coordinates": [ [ [ [ 99.0756417, 3.4793017 ], [ 99.0763933, 3.47979 ], [ 99.0757783, 3.4796833 ], [ 99.075555, 3.47948 ], [ 99.0756417, 3.4793017 ] ] ] ] } },
{ "type": "Feature", "properties": { "id": "ZS00021288-1", "HA": 0.28 }, "geometry": { "type": "MultiPolygon", "coordinates": [ [ [ [ 99.2042783, 3.16563 ], [ 99.2038167, 3.1658033 ], [ 99.2036033, 3.1653867 ], [ 99.204115, 3.165235 ], [ 99.2042783, 3.16563 ] ] ] ] } },
{ "type": "Feature", "properties": { "id": "ZT00021377-1", "HA": 0.069 }, "geometry": { "type": "MultiPolygon", "coordinates": [ [ [ [ 99.0132709, 2.9564928 ], [ 99.0133042, 2.9567118 ], [ 99.0130458, 2.956701 ], [ 99.012992, 2.9565054 ], [ 99.0132709, 2.9564928 ] ] ] ] } },
{ "type": "Feature", "properties": { "id": "ZT00022514-1", "HA": 0.146 }, "geometry": { "type": "MultiPolygon", "coordinates": [ [ [ [ 99.0555983, 3.1074117 ], [ 99.05547, 3.1074283 ], [ 99.0552567, 3.106955 ], [ 99.0555733, 3.1068717 ], [ 99.0555983, 3.1074117 ] ] ] ] } },
{ "type": "Feature", "properties": { "id": "ZT00024564-1", "HA": 0.038 }, "geometry": { "type": "MultiPolygon", "coordinates": [ [ [ [ 98.95539, 3.3611817 ], [ 98.9555133, 3.361265 ], [ 98.955565, 3.3613717 ], [ 98.9554717, 3.36157 ], [ 98.95539, 3.3611817 ] ] ] ] } },
{ "type": "Feature", "properties": { "id": "ZT00024636-1", "HA": 0.136 }, "geometry": { "type": "MultiPolygon", "coordinates": [ [ [ [ 98.187173, 3.4239621 ], [ 98.1871278, 3.4243154 ], [ 98.1867702, 3.4241545 ], [ 98.186753, 3.4239458 ], [ 98.187173, 3.4239621 ] ] ] ] } },
{ "type": "Feature", "properties": { "id": "ZU00021634-3", "HA": 0.019 }, "geometry": { "type": "MultiPolygon", "coordinates": [ [ [ [ 99.1236185, 2.8153414 ], [ 99.1235704, 2.8153568 ], [ 99.1234483, 2.8151268 ], [ 99.123631, 2.8152478 ], [ 99.1236185, 2.8153414 ] ] ] ] } },
{ "type": "Feature", "properties": { "id": "ZV00025789-1", "HA": 0.089 }, "geometry": { "type": "MultiPolygon", "coordinates": [ [ [ [ 99.028555, 2.8258767 ], [ 99.0283233, 2.825955 ], [ 99.02808, 2.8255717 ], [ 99.0282883, 2.8256267 ], [ 99.028555, 2.8258767 ] ] ] ] } },
{ "type": "Feature", "properties": { "id": "ZW00025187-1", "HA": 0.058 }, "geometry": { "type": "MultiPolygon", "coordinates": [ [ [ [ 99.1827682, 3.2353996 ], [ 99.1824618, 3.235464 ], [ 99.1825225, 3.2352822 ], [ 99.1826823, 3.235183 ], [ 99.1827682, 3.2353996 ] ] ] ] } },
{ "type": "Feature", "properties": { "id": "ZX00021768-1", "HA": 0.163 }, "geometry": { "type": "MultiPolygon", "coordinates": [ [ [ [ 99.0930533, 2.7855717 ], [ 99.0933567, 2.7855283 ], [ 99.0934967, 2.785955 ], [ 99.0929817, 2.7858017 ], [ 99.0930533, 2.7855717 ] ] ] ] } },
{ "type": "Feature", "properties": { "id": "ZX00022463-2", "HA": 0.127 }, "geometry": { "type": "MultiPolygon", "coordinates": [ [ [ [ 99.1447633, 3.2096883 ], [ 99.1446983, 3.2097683 ], [ 99.1445817, 3.2090017 ], [ 99.1447917, 3.208985 ], [ 99.1447633, 3.2096883 ] ] ] ] } },
{ "type": "Feature", "properties": { "id": "ZY00022474-1", "HA": 0.077 }, "geometry": { "type": "MultiPolygon", "coordinates": [ [ [ [ 99.0783917, 3.1225983 ], [ 99.07857, 3.1220933 ], [ 99.07877, 3.12223 ], [ 99.07877, 3.12223 ], [ 99.0783917, 3.1225983 ] ] ] ] } },
{ "type": "Feature", "properties": { "id": "ZZ00022511-1", "HA": 0.201 }, "geometry": { "type": "MultiPolygon", "coordinates": [ [ [ [ 98.9899417, 2.9973383 ], [ 98.9896917, 2.99678 ], [ 98.989805, 2.99669 ], [ 98.9902717, 2.9971433 ], [ 98.9899417, 2.9973383 ] ] ] ] } },
{ "type": "Feature", "properties": { "id": "ZZ00022645-4", "HA": 0.03 }, "geometry": { "type": "MultiPolygon", "coordinates": [ [ [ [ 99.73798, 2.8751267 ], [ 99.7378067, 2.8751333 ], [ 99.737765, 2.874945 ], [ 99.73788, 2.8749667 ], [ 99.73798, 2.8751267 ] ] ] ] } },
{ "type": "Feature", "properties": { "id": "ZZ00023123-1", "HA": 0.043 }, "geometry": { "type": "MultiPolygon", "coordinates": [ [ [ [ 99.1640714, 3.2764825 ], [ 99.1639356, 3.2764317 ], [ 99.1637346, 3.2763145 ], [ 99.164057, 3.276283 ], [ 99.1640714, 3.2764825 ] ] ] ] } }
]
}
